N,m
1.025911020498773780e+02,4.528317459738397388e-01
1.105004859908083006e+02,5.021452987706812587e-01
1.180156560631121465e+02,4.040321664130649415e-01
1.159696520083989810e+02,3.982990845219983589e-01
1.184357321589648535e+02,4.469367128150092405e-01
1.184655009174756799e+02,4.320395707998984647e-01
1.188203927842405676e+02,3.933807472811560735e-01
1.195944067628768437e+02,4.895655952499743391e-01
1.162966355660034594e+02,3.588581280952724550e-01
1.069381985042410577e+02,3.924447305141031128e-01
1.035126167322659256e+02,3.542542157054250351e-01
1.065862227587159481e+02,2.655681279811118456e-01
1.006122500198574983e+02,2.835641332202322173e-01
9.729713572471902694e+01,3.663538099864075415e-01
1.108497719949774591e+02,4.777287640017755521e-01
1.101124242525327190e+02,4.306493385478372127e-01
1.161476914409273746e+02,4.493123890773443874e-01
1.081764975566264724e+02,4.890896832748288792e-01
1.144101246707668054e+02,4.948069042730673384e-01
1.171859615232555427e+02,4.424261454384439962e-01
1.177906829094339685e+02,4.518344007299345266e-01
1.199229709549216949e+02,5.160367234656920710e-01
1.101426176882271619e+02,4.024896364189247677e-01
1.204054852445732848e+02,3.944494614194131721e-01
1.202175247146193442e+02,4.493979974717752790e-01
1.092703605207513817e+02,4.446720632162149967e-01
1.082406335584141885e+02,4.160351864969701885e-01
1.110177999227653061e+02,4.176052998296391761e-01
1.124510747931016255e+02,3.776799792499404007e-01
1.151949981217556740e+02,2.863783344188263746e-01
1.208868598836634902e+02,3.235630150045511466e-01
1.005115286086760449e+02,1.908662740400262348e-01
1.019083447474350095e+02,2.945561730369714026e-01
9.885089722705164661e+01,2.473739102432352399e-01
9.377500151121171257e+01,2.791694615894677600e-01
9.439064752984874929e+01,2.731910861119737910e-01
1.001375448195806683e+02,2.898342069916617358e-01
1.065574953037792483e+02,3.592537783565862286e-01
1.067892671328161214e+02,3.639389498918350063e-01
1.115098704872112592e+02,3.500223393425883622e-01
1.063915583791493020e+02,3.126735633435852035e-01
1.119978511165783317e+02,3.686230748763618115e-01
1.163215261940263616e+02,3.557204145952945207e-01
1.093896408778390423e+02,3.561754055771026439e-01
1.155735035502634389e+02,3.743325273756123450e-01
1.050665553445533362e+02,3.359592347921863675e-01
1.078645149124944425e+02,2.779865764717062149e-01
1.020748980225461224e+02,2.680757371808810130e-01
9.472873140884313159e+01,2.059632994496174985e-01
1.122561851160945423e+02,2.144440795355261331e-01
1.072040972014566194e+02,2.083716609536896414e-01
1.043831737627675409e+02,3.524029022745144291e-01
1.251636688477801016e+02,4.560517971067659104e-01
1.231678796488557310e+02,4.683932097612092949e-01
1.174604227521698050e+02,3.688287817529848356e-01
1.169247697930863268e+02,3.969018281667061609e-01
1.131125886545422645e+02,4.235065477868438788e-01
1.114697471297341167e+02,4.521084029126365422e-01
1.108301175148284159e+02,4.104314493563367416e-01
9.961324763838966589e+01,3.104853379033318816e-01
1.041429496509636436e+02,3.945943260782499018e-01
1.033873695946098650e+02,4.830790850598399855e-01
1.076054439541932339e+02,3.567205432356640449e-01
1.128430895207906275e+02,3.960081076973395176e-01
1.110357535873254733e+02,3.042427515407559735e-01
1.106713104489276986e+02,4.384686226055881098e-01
1.182389045742786493e+02,4.039087898607852667e-01
1.236011480865850842e+02,5.153194097170703536e-01
1.231442143706689478e+02,4.875097208535785764e-01
1.257534117302290468e+02,5.254009722809418470e-01
1.363760498131524628e+02,6.155951893916838946e-01
1.370703822029183243e+02,5.943018309634167107e-01
1.283233440368903473e+02,5.577326643120045224e-01
1.333136770624871872e+02,6.365980713338319497e-01
1.240651562769182590e+02,6.111361621493441865e-01
1.252492121780902039e+02,6.255202984382620679e-01
1.197282829552226247e+02,4.575612348628325110e-01
1.152470356378751148e+02,3.437167278888536570e-01
1.062297955392432698e+02,2.464514788070812090e-01
1.042002842150816377e+02,3.839763544393635653e-01
9.999292466749741948e+01,3.207415255543900612e-01
1.012629193187280521e+02,4.338596182547216351e-01
1.006740693481770990e+02,3.550053399676470489e-01
1.056825950956449134e+02,2.613409596370490640e-01
1.085090140078006584e+02,2.849769622019580617e-01
1.028509666472185273e+02,3.512865803299003997e-01
1.086304979835090876e+02,3.104616958119564285e-01
9.688508599662831955e+01,2.765686460318472761e-01
1.007208297009038631e+02,3.073267567355476571e-01
1.089936843395210957e+02,3.380536697245615230e-01
1.201231227092748099e+02,4.671380605001322905e-01
1.220718170009219392e+02,5.438473094791750340e-01
1.324000727189660438e+02,4.348924033012717127e-01
1.369572180490015967e+02,4.731895712243552321e-01
1.265051548883709245e+02,3.980036002681256457e-01
1.289808488537574647e+02,4.414437292147300740e-01
1.287845547716511305e+02,5.513885858899094661e-01
1.375303195042599214e+02,4.828611663394220543e-01
1.363685373993875771e+02,5.344539662130711744e-01
1.294509300756035657e+02,4.660888969681322158e-01
1.387709438243190050e+02,4.271452178675416711e-01
1.256377535447504954e+02,3.525678030576049338e-01
1.217056443600477564e+02,3.701594618703598627e-01
1.186354563173135830e+02,3.455907962381211673e-01
1.126560544520577594e+02,3.910616771747578158e-01
1.088794500850551970e+02,4.068646624735219874e-01
1.053380339933608099e+02,2.991844258635902865e-01
1.155983417449992885e+02,3.369328468708768787e-01
1.166713566797234023e+02,3.677028571457889305e-01
1.207423908494000671e+02,4.315709395803297155e-01
1.095462077497615070e+02,4.531195031843318621e-01
1.294097898992616820e+02,4.904107075489410050e-01
1.310222132335554761e+02,4.804143866789739037e-01
1.262746887896032462e+02,4.368241744768174839e-01
1.109907468011229952e+02,3.938200100139753190e-01
1.074658459833178199e+02,4.049951448300823098e-01
1.084095992648508400e+02,4.248400501874979307e-01
1.101860480165415197e+02,3.861655249831458248e-01
1.102672723979110998e+02,3.834952684968093162e-01
1.084264473578819405e+02,4.811799139804567860e-01
1.079536146916336747e+02,5.250703308600360719e-01
1.074303942502443050e+02,4.848730675655403832e-01
1.056386571302315787e+02,4.636075108608170847e-01
1.019672894049647454e+02,4.364336656261765812e-01
1.099206997003231265e+02,4.431662593054398469e-01
1.184989901559335266e+02,4.230072025688761395e-01
1.181811003108177829e+02,4.960696430516106648e-01
1.181984482346862393e+02,4.370046375109386538e-01
1.179965401368677789e+02,4.072523336191061771e-01
1.140640858093270680e+02,4.013911125755072473e-01
1.098001860904993947e+02,4.124699974373371436e-01
1.166243734324461911e+02,4.213535346971984397e-01
1.108251718141447810e+02,4.536281466728520062e-01
1.098892183282341790e+02,4.285136529094081270e-01
1.154280195275567138e+02,4.137132208162787594e-01
1.079718376470195551e+02,2.919476357192049010e-01
9.614567754931162824e+01,2.037414108191192286e-01
9.840101436005811308e+01,2.747255163576983739e-01
1.031304052426897329e+02,3.632597005634000120e-01
1.088654455279251039e+02,3.635742730655660004e-01
1.018807679578801384e+02,3.460146010014212847e-01
1.121324234739287675e+02,3.437838585507874689e-01
1.085546384729455411e+02,3.375930179508933593e-01
1.099292447996406281e+02,4.840120039625868675e-01
1.181555334788785814e+02,6.263221826418237104e-01
1.270303887197503059e+02,5.246842168806666873e-01
1.217094644532314192e+02,5.123414742722925963e-01
1.141374927722652188e+02,4.092963428029051665e-01
1.138396234427907956e+02,3.675171780199212868e-01
1.148082903360272553e+02,3.570631612429970292e-01
1.067900471894093641e+02,2.918331337753520827e-01
1.039002870721942173e+02,2.759754806683872297e-01
9.670975857986509538e+01,2.919996469989881716e-01
1.013709243257728616e+02,3.253099910419905427e-01
1.004342230892624315e+02,3.024519895562775007e-01
1.019783151494038691e+02,3.677949126826617343e-01
1.037342137986595958e+02,2.959427424938557150e-01
1.178803049510511443e+02,3.024613993390253830e-01
1.114114874285516805e+02,3.472787055123864874e-01
1.019542867003786455e+02,2.813550003295866020e-01
1.058912196678722779e+02,3.289851077428090353e-01
1.056170013142367168e+02,2.739855533236760787e-01
1.143115200715504187e+02,3.749745436149389266e-01
1.220059704804320262e+02,3.639160703641494132e-01
1.238894971943366130e+02,4.966214641551294773e-01
1.204719931305926224e+02,4.389661439165388757e-01
1.199325585649020667e+02,5.051841434630753858e-01
1.238489175249816725e+02,4.821072133160256290e-01
1.184414052620803091e+02,4.960028824442705986e-01
1.173252754890135776e+02,5.703987619185171276e-01
1.093160333928131820e+02,4.457634503312614682e-01
1.171158215677482559e+02,4.646624119653711138e-01
1.138147851545131886e+02,4.991183632758666722e-01
1.105577088937205019e+02,3.787665058182679290e-01
1.181722226262016164e+02,3.947065178198942426e-01
1.114765050576514653e+02,3.850033240399507450e-01
1.082381580384942623e+02,3.336204958313095381e-01
9.946349970279194963e+01,2.987216569859126314e-01
1.026781738531300476e+02,3.345191586310651277e-01
1.060269409838819570e+02,3.462284929133808142e-01
1.241729549497440104e+02,4.593349962297243461e-01
1.276254447736729531e+02,4.548065620491374417e-01
1.251486749933066420e+02,4.909995115814350108e-01
1.292070677549278344e+02,5.639834728975289257e-01
1.440886696935831992e+02,6.629878051958200125e-01
1.306775982922206083e+02,6.730052149512320003e-01
1.352631709541202554e+02,6.941462600735015531e-01
1.201819144464697899e+02,6.258129094279712978e-01
1.077326442386288790e+02,4.799969730797843948e-01
1.140906482573673486e+02,4.101259791774250485e-01
1.248426847343790342e+02,4.925888904337704655e-01
1.171903096358415013e+02,4.621319715006761975e-01
1.107336839501139991e+02,4.444063190839784294e-01
1.231262809359319021e+02,5.114463387482021117e-01
1.207124223619146619e+02,4.856747635073667690e-01
1.089993167115558776e+02,3.531635635075055513e-01
1.046333968002981436e+02,3.174701416655734132e-01
1.040808375064772235e+02,4.121775368767077730e-01
1.074714425212239206e+02,3.610245956876097506e-01
1.069809829858493089e+02,3.811433215848022971e-01
1.033285633475463214e+02,3.417992318748489522e-01
1.111307082478067230e+02,3.426757914574835029e-01
1.085350912485361619e+02,4.753230162863294472e-01
1.033508512054401649e+02,3.680182435746531255e-01
1.063555627806566548e+02,3.489976047584151808e-01
1.183279312959028005e+02,4.091642679642433222e-01
1.234837328267565084e+02,4.467032516320171842e-01
1.242130264053987929e+02,4.448167353618617259e-01
1.243743740081498572e+02,5.902225591985054143e-01
1.279144901694785119e+02,4.860879710040868495e-01
1.236489588233341550e+02,5.220201070359848927e-01
1.136436973056801492e+02,4.512823747248819739e-01
1.216364628721028680e+02,5.800487447296215349e-01
1.262016430094539743e+02,6.136760804408073477e-01
1.233234903820667654e+02,6.443518576415300236e-01
1.110926829140923360e+02,5.140165562356895368e-01
1.119141722800802228e+02,5.464387705016462426e-01
1.146825520621805481e+02,5.347694941408336344e-01
1.199135639857915692e+02,6.135005734299048274e-01
1.058865548983242491e+02,3.622764946324866786e-01
1.116377054797618911e+02,4.750895020693934878e-01
1.188715579104958664e+02,4.275466356750329266e-01
1.256340025288847784e+02,5.229229205453126417e-01
1.333923484885124253e+02,4.996042490906010825e-01
1.187625787206420540e+02,5.371339628297975288e-01
1.139973676667031697e+02,5.310846309968696444e-01
1.215084859317536825e+02,5.419721531483556731e-01
1.181487719646036965e+02,5.489714297754149097e-01
1.138984343739040668e+02,4.603833241674544219e-01
1.220629451426202934e+02,4.252629410023990864e-01
1.200452629421829016e+02,5.449577528626921019e-01
1.162529934800825089e+02,5.105438030318435461e-01
1.123608373851957651e+02,4.448253572657539512e-01
1.193863356467778658e+02,4.928473833592910136e-01
1.096236385048982100e+02,5.171794661822380901e-01
1.092037687290007426e+02,4.191886212533002531e-01
1.180309759610404967e+02,4.047571705367324912e-01
1.078095100563927389e+02,4.384333309106490106e-01
1.089167866796577897e+02,3.397588614392607065e-01
1.138404006528689365e+02,3.640279913499127606e-01
1.123345333574827691e+02,2.487055559134843663e-01
1.065808860397309132e+02,3.224198989874910715e-01
1.001898998502155678e+02,2.850141313313715452e-01
9.305887428076235324e+01,1.542233168741724281e-01
1.007772711046001746e+02,2.318768862989902535e-01
9.942095106396257620e+01,2.279894089220474707e-01
1.004813669324685321e+02,2.831904959592178028e-01
1.067141905158335362e+02,2.094356311665881709e-01
1.081087047014969045e+02,1.876209403516160557e-01
1.086465378646399955e+02,1.945410654586333110e-01
1.095506810009358958e+02,2.581277716115782939e-01
9.917434399346139173e+01,2.628893058187944387e-01
1.123049923260947907e+02,2.668527766343941066e-01
1.083087279266141962e+02,2.921737936899856392e-01
9.758970069995419294e+01,2.828647672893940257e-01
9.573647076741018225e+01,2.933425190851983166e-01
1.115689560800838933e+02,2.677212695518313423e-01
1.136090289259620079e+02,2.634630002390944692e-01
1.071007111351964625e+02,3.927863865163096491e-01
1.145969848440634138e+02,3.457912720455279532e-01
1.177485364631591551e+02,3.456108752078165813e-01
1.066383558419867796e+02,1.496857769097602042e-01
9.973784334199447699e+01,1.100152878697681635e-01
9.461062834659760767e+01,1.864929577091114510e-01
9.659853391968822223e+01,2.527116678913586267e-01
1.061554621329070045e+02,2.468768144729352465e-01
1.056838178995828912e+02,2.706083354471322533e-01
9.839510369189761718e+01,2.956245021649502314e-01
9.913443162102518613e+01,3.425594308508837504e-01
1.097278059740231839e+02,3.816829538122173959e-01
1.149508730345060030e+02,3.605212520238486040e-01
1.142615663062200042e+02,4.521128873962001471e-01
1.216073638122113323e+02,4.320751990690359645e-01
1.211442099693271501e+02,3.615473005874201284e-01
1.172080626188462276e+02,3.682293111660625007e-01
1.035510561946393437e+02,3.409399519044771787e-01
9.848596259775894168e+01,3.111336139387982369e-01
1.041149675432293975e+02,3.746110495972163612e-01
1.074034649891065669e+02,3.719712267920247117e-01
1.081968837169433186e+02,3.057373913602121629e-01
1.063212570926808809e+02,2.397915523405372840e-01
1.046306657988672271e+02,3.883890820010698630e-01
1.117123140073026661e+02,3.574983011402616540e-01
1.138679085460874063e+02,3.767970656813286467e-01
1.182457814835061356e+02,3.208229139665050300e-01
1.096763079604219655e+02,3.822229640633866832e-01
1.101100582485209287e+02,4.127636675329564575e-01
1.089613206301425237e+02,4.329792816162504332e-01
1.104447901112124129e+02,3.769616484894003361e-01
1.081973707287804984e+02,3.712838568862080191e-01
1.153670083033436100e+02,4.063169445560418369e-01
1.202319612802137812e+02,4.983743744903224027e-01
1.206186657675783067e+02,3.839259757933350947e-01
1.179315866375857382e+02,4.338369284572298201e-01
1.141872869661820289e+02,4.467485005154876454e-01
1.057905187713108006e+02,4.802232405543051530e-01
1.068440249329046878e+02,4.552331540555650813e-01
1.106381301453444905e+02,5.143020760522341028e-01
1.195001321778057815e+02,5.874569921434166231e-01
1.338331579733963110e+02,5.851157282245800229e-01
1.326555787841609231e+02,5.612780087253197436e-01
1.296962329178417690e+02,5.280267937833135194e-01
1.215999289609622451e+02,5.267330850934847097e-01
1.217846446056420291e+02,5.382753561713861101e-01
1.304185382583619912e+02,5.632607675120139268e-01
1.340309732380800654e+02,5.564356681144706496e-01
1.379349803805154409e+02,5.831797557839395463e-01
1.385188924821389378e+02,6.065549818985987995e-01
1.273315989978467400e+02,5.968816525789389926e-01
1.243853544712383865e+02,5.870506749659376577e-01
1.220022051219951322e+02,5.724617793272747113e-01
1.247246990669724624e+02,4.679238168852316027e-01
1.243226656591249935e+02,4.905264049503832990e-01
1.178947033417904180e+02,4.495624964222306175e-01
1.222711441794268552e+02,3.472337278483613732e-01
1.206756348686835167e+02,3.750835870428396723e-01
1.222704956420394353e+02,3.490260378530394836e-01
1.179295128234512191e+02,3.592218472803971330e-01
1.112972354179266716e+02,3.051405794041579522e-01
1.074165625004613815e+02,3.882058733326379518e-01
1.117601931475934975e+02,3.201661525580903889e-01
1.104372576051684973e+02,3.654231432326674467e-01
1.088122766462750945e+02,3.732781566577992316e-01
1.086393137426065465e+02,4.347291587217128606e-01
1.124489434273554309e+02,4.104331844128689677e-01
1.120440221976187729e+02,4.195411297071833800e-01
1.211029577920101445e+02,3.900361957324273710e-01
1.028856007548962737e+02,3.278393463507985328e-01
9.821168752763139764e+01,2.392519835410554241e-01
1.001728082887654949e+02,2.478394340313977151e-01
1.112663425166007158e+02,2.629990809261857909e-01
1.046908175402688244e+02,2.638305006865770963e-01
9.849989708091578677e+01,2.588110849958020765e-01
1.065765662305199442e+02,3.291622647396491019e-01
1.032463877181326524e+02,3.702944033594246509e-01
1.068851306893362647e+02,3.763952900040789529e-01
1.151735873716387175e+02,3.752246825032864441e-01
1.058517368775021197e+02,2.546367725783323377e-01
1.058517368775021197e+02,2.546367725783323377e-01
1.193525996144946930e+02,4.194809454479673794e-01
1.215834245959169380e+02,2.991070987284140115e-01
1.252164689047361890e+02,3.150660489003451747e-01
1.234983578170788547e+02,3.418869913739882027e-01
1.262743403200654910e+02,3.867072549552539873e-01
1.251649389409136717e+02,3.786846358473620056e-01
1.254528481421904900e+02,3.551683036149730355e-01
1.244886952706282699e+02,4.235002190606103056e-01
1.288567436534280830e+02,5.131824426006696971e-01
1.184336375076551775e+02,5.980558285812849206e-01
1.234474929461141102e+02,6.258629885878106425e-01
1.295244512786482858e+02,7.286757884217830439e-01
1.196387041079093052e+02,6.752626159046316578e-01
1.215579719465262372e+02,5.240990395225881837e-01
1.189439483496152690e+02,4.813320092491916724e-01
1.192271973668706266e+02,5.413160111906254457e-01
1.178421962773457921e+02,4.959090714352789031e-01
1.189796372819924528e+02,4.768960620486392687e-01
1.178737496962164357e+02,4.390915642330442403e-01
1.254211325460977946e+02,4.830144547251113973e-01
1.263479598399002128e+02,4.580208286863424738e-01
1.195886381559250111e+02,4.675241398957087346e-01
1.229281608512806798e+02,4.910937584055042882e-01
1.185558572566556990e+02,4.993099950295751821e-01
1.089637266395251345e+02,5.630957724393274022e-01
1.110916920778510502e+02,5.187958852086128614e-01
1.032598564830743868e+02,4.464506751745015434e-01
1.097835736707156542e+02,4.849421901541118851e-01
1.153456543675452508e+02,4.026761404232855335e-01
1.166451682980068227e+02,3.848738114925674969e-01
1.196447644438262472e+02,4.033815848117136005e-01
1.139946284489110724e+02,3.385698001895734444e-01
1.137122722726404618e+02,3.794280136884603527e-01
1.183155718271794683e+02,3.491318762673186749e-01
1.038558023303378945e+02,3.247510669859183796e-01
9.808137414297692658e+01,2.506772384776320695e-01
1.018125353414782239e+02,2.826347525455871756e-01
1.071714656163629087e+02,3.788459606018244608e-01
1.099638835214835666e+02,3.652563139076209775e-01
1.047348440120629931e+02,3.847947320948120198e-01
1.139306347221697848e+02,5.019959971722097736e-01
1.163312845217327691e+02,4.931442739454815483e-01
1.237868114517623326e+02,4.588353169993715786e-01
1.098937891148730586e+02,4.486667708400726151e-01
1.178705889767606720e+02,4.945340294633440159e-01
1.211389304520533159e+02,4.271425334720825306e-01
1.158095267058573370e+02,5.035215472883080023e-01
1.256670278718711842e+02,5.457799069866917652e-01
1.255191206116375753e+02,5.652537505583564714e-01
1.303864827625022258e+02,4.741907234487361400e-01
1.277810431612737858e+02,5.197404061054572422e-01
1.283717921189155220e+02,5.941966692208384693e-01
1.235614450984050876e+02,5.822222047879426210e-01
1.244018792017173496e+02,5.296657219407777673e-01
1.180180368935109527e+02,6.510996319356517903e-01
1.255514045504009175e+02,6.439783389896588384e-01
1.187247982569911358e+02,6.353188296418655900e-01
1.215723779660507233e+02,6.255258475191711742e-01
1.184755027935098752e+02,5.708252344550692747e-01
1.263293391456856511e+02,4.987395048029624189e-01
1.152794546615945990e+02,4.503944946307435471e-01
1.071751334286039992e+02,4.277841102612132684e-01
1.095952494198545963e+02,4.701642034943033233e-01
1.080107067494173094e+02,4.373420667952744867e-01
1.093955292955174343e+02,4.439779668943385493e-01
1.207680886642954761e+02,4.505306044122996401e-01
1.002011370720943546e+02,3.944260717162954566e-01
1.028932386437945894e+02,4.354998682128664589e-01
1.010161283034588138e+02,2.949445203801113191e-01
9.831361716728950739e+01,2.591067982040171636e-01
1.003594416810126972e+02,3.547692795393134202e-01
9.300939849006931581e+01,3.640180126078669254e-01
9.954120282515737017e+01,4.390664998289433574e-01
1.038922395085203050e+02,3.372139727642543550e-01
1.015189974374904835e+02,3.097774012666932308e-01
1.081073987381453207e+02,2.482327546618528780e-01
1.078445169422223984e+02,2.371134804667505980e-01
1.094526678867979967e+02,2.583224840700757419e-01
1.044204743454293265e+02,3.309012026016673325e-01
1.033863730220800079e+02,2.645291899279386127e-01
1.089145291034766814e+02,3.400141998954821498e-01
9.893689713357245807e+01,2.699842898379073430e-01
1.048713046147540240e+02,2.394407635676428781e-01
1.069711035911643648e+02,2.259394140608869672e-01
1.049645991635842250e+02,2.314705732313099007e-01
1.077625094301619555e+02,2.541338909985933481e-01
1.046049823038174793e+02,2.470155631084544057e-01
9.832790045796978973e+01,1.691204131777483133e-01
9.251583570957042468e+01,1.680304652325976811e-01
1.018305109957088632e+02,2.439958446347455512e-01
1.031608114389928801e+02,3.216413158900779390e-01
1.040846337767341936e+02,3.784868673529622196e-01
1.042241645072304266e+02,3.937426601086091438e-01
1.118944112322230637e+02,2.715454693909190587e-01
1.131381073107906587e+02,4.522869761589683457e-01
1.087566997239566717e+02,4.855179054940439998e-01
1.196527875941281991e+02,4.258375408377031435e-01
1.128970061666507121e+02,4.500289938271604950e-01
1.179400216971312574e+02,4.815253019611449581e-01
1.301631845209211633e+02,5.175170715120989140e-01
1.210076092097121432e+02,3.721921826478524764e-01
1.062773268519628544e+02,2.664457188648745034e-01
1.113184915867211799e+02,2.778325933147114402e-01
1.073778312432849589e+02,1.523568465565769137e-01
9.943414377526499948e+01,2.054540152229339667e-01
9.861590239210904940e+01,2.961739983048975455e-01
1.088836363282049291e+02,3.542912085747533801e-01
1.078670067108418777e+02,4.069092355692142116e-01
1.076938222931796645e+02,3.757957670179702392e-01
1.058148709870233830e+02,4.349908382076032587e-01
1.131153236062793894e+02,5.425981951175142814e-01
1.282573384610436165e+02,4.362571464563326784e-01
1.233878898216845670e+02,4.798008963416412476e-01
1.247446924074260579e+02,5.039024710963209142e-01
1.270598755656553323e+02,5.663978782808801737e-01
1.269528512686263184e+02,4.965306182389782608e-01
1.224811828518563885e+02,4.719669583221632325e-01
1.248580856808289923e+02,5.141779570293267820e-01
1.259841438781659662e+02,5.722691592708250008e-01
1.267321144183056703e+02,6.120215639352675208e-01
1.329193919010414220e+02,6.291371199257360658e-01
1.313674597751547424e+02,5.455902542182484716e-01
1.370854094420969318e+02,4.788295046191098914e-01
1.364555959117874409e+02,4.229597698624085744e-01
1.268608642115640777e+02,4.709708263576968257e-01
1.298106270532556152e+02,5.655725051252222801e-01
1.240794573492624693e+02,5.444564623958833005e-01
1.197299252526993740e+02,4.582311704201743607e-01
1.170135868797856205e+02,5.024248205357823016e-01
1.172967518233913893e+02,4.441248185597498899e-01
1.226395072171086014e+02,3.615858885850372628e-01
1.307019767188404273e+02,4.508624819602732314e-01
1.198965016171696334e+02,4.287165757633020768e-01
1.039047570408109351e+02,3.822399147645078599e-01
1.059511566284002697e+02,3.266220208392220381e-01
1.015851298055338106e+02,3.397186828582216545e-01
1.111829594433143882e+02,2.966158673170146143e-01
1.122970793490330266e+02,2.631971453856452592e-01
1.182494097046388077e+02,3.234542330069410943e-01
1.227241846901657567e+02,4.643299901250228512e-01
1.146763587107571709e+02,3.926952001983283758e-01
1.076403100662760863e+02,4.171537154010414583e-01
1.084314626682349854e+02,4.383312236621099700e-01
1.122873026099650815e+02,3.884744751593663947e-01
1.055728868318428937e+02,4.260837700333831579e-01
1.063748585407533369e+02,4.883492088232525008e-01
1.058326416922942883e+02,5.316787464222041404e-01
9.892285050602757224e+01,4.265175748421934920e-01
1.104169302224938463e+02,3.653282472662245928e-01
1.122161011828387132e+02,3.531577696384714526e-01
1.167375929571944937e+02,4.103104686904299192e-01
1.167358662234265410e+02,3.480302563627245549e-01
1.153438698500686286e+02,5.127096855956930765e-01
1.201429624507044025e+02,6.007776710765178052e-01
1.222700821699925342e+02,5.938598009215254603e-01
1.240030831920979182e+02,5.270259770335478100e-01
1.158714145113908671e+02,4.890222124246594859e-01
1.210433653591930749e+02,4.509025227386413426e-01
1.066740213944605102e+02,4.154069622619073199e-01
1.080944214033308697e+02,3.997418058059240553e-01
1.102422375875115250e+02,3.695188733837146966e-01
1.177827727649024183e+02,4.176527216808228471e-01
1.163038658202576414e+02,4.477953415931775760e-01
1.091227339973644348e+02,3.857223997887757050e-01
1.059817866746433310e+02,3.256095929324533955e-01
1.087572303730929377e+02,2.896273627205108170e-01
1.149417994493172728e+02,2.641981500708017183e-01
1.234961200380113127e+02,3.487849100193646246e-01
1.220415470146314476e+02,3.735978438336253205e-01
1.196478298295573239e+02,4.469184749566396109e-01
1.119335439371977543e+02,3.388036468972925319e-01
1.159937025612062911e+02,4.090097528386219539e-01
1.149446621116681087e+02,4.510914836820162366e-01
1.165356033510261682e+02,5.448754157477765370e-01
1.174615279364724501e+02,4.596499177296810568e-01
1.239062892859484180e+02,4.189592820146023078e-01
1.152492206901878404e+02,3.961076990274769449e-01
1.128178669735528388e+02,4.687057610872031876e-01
1.065051511300294607e+02,3.460214758657816359e-01
1.061610645908940711e+02,3.996705832307798079e-01
1.077276327406474223e+02,4.502099621425238452e-01
1.058890746458668559e+02,3.877879813184069713e-01
1.070729599672679484e+02,3.153557973467338571e-01
1.122036190184232680e+02,4.333727532588794729e-01
1.133180451266568411e+02,3.527301677864398410e-01
1.078778318466450798e+02,3.489476776935591662e-01
1.097732000629968070e+02,2.721282155261874336e-01
1.014170685376186043e+02,3.151288922579868479e-01
1.009399738221627842e+02,2.054271113496158874e-01
9.964098801026523233e+01,3.860434962622639188e-01
1.059136256421736135e+02,3.630035071509696842e-01
1.085254585181823757e+02,4.302862128552609189e-01
1.121324745509713381e+02,4.367824814186795912e-01
1.158995603065030622e+02,3.297470855605605933e-01
1.110320856710414859e+02,3.821623773075475405e-01
1.159215729198747198e+02,3.760502430304087929e-01
1.200352166132280303e+02,4.712192125302658852e-01
1.139946339209559767e+02,3.736789023463769066e-01
1.065580586691029481e+02,3.424486821929262903e-01
1.108783488014796035e+02,3.894871137728355692e-01
1.130075937122433771e+02,3.385982222160293098e-01
1.062514087649284420e+02,4.175198596647408666e-01
1.069099551746828070e+02,2.305177003945091951e-01
1.092277921654383874e+02,2.606289983349680539e-01
1.142910802220058883e+02,3.452440895682155064e-01
1.123823828325137271e+02,3.788951588642739399e-01
1.097573823851594597e+02,4.089833884309391765e-01
1.164019585606755243e+02,4.497232899716069876e-01
1.154790430356600979e+02,4.260515929385159661e-01
1.119033955223217305e+02,4.076226456291495714e-01
1.109029042578655009e+02,3.406060796966702275e-01
1.045275788138528128e+02,3.079923398526754341e-01
1.090855651891478715e+02,3.677526431692387243e-01
1.070108038748511063e+02,3.239024261089301637e-01
1.176003353914533136e+02,3.333786292022516418e-01
1.171530438825869140e+02,2.288391009269515053e-01
1.088143783175626567e+02,2.845339979040374390e-01
1.029117750774403675e+02,2.442011813347443328e-01
1.000282371465698077e+02,2.719761412501306985e-01
1.087944764826520299e+02,2.945226338364450025e-01
1.062782146373836696e+02,3.294413312625328327e-01
1.045575331089345497e+02,3.346491076179957114e-01
1.053779386646506566e+02,4.042607011945998363e-01
1.105797843445624267e+02,4.569025024742590646e-01
1.176369386651064417e+02,4.187623245320771792e-01
1.143517072380005999e+02,4.612724550005433688e-01
1.148928707877278441e+02,3.624827522708335970e-01
1.070454415068177525e+02,3.367037786418753953e-01
1.054554287441629157e+02,3.253491413971468238e-01
1.016216931588986796e+02,4.088540913609447491e-01
1.028293108019707773e+02,2.656980126623432192e-01
1.076929739878535202e+02,3.140325542893357968e-01
1.109824007676098461e+02,3.868593350701659550e-01
1.013935729225842834e+02,2.712746524478973909e-01
1.035472364132782843e+02,2.691550736315472259e-01
1.103261168754701060e+02,3.740867578543976002e-01
1.083196246028511354e+02,3.881185559105901905e-01
1.204653714668160660e+02,3.938584193999978833e-01
1.221529476096909548e+02,3.495919768334954658e-01
1.129697534686834075e+02,3.400089844354199364e-01
1.003215748781683629e+02,2.796288403692588354e-01
9.837642884387689435e+01,3.729260484773648798e-01
1.005223469568930454e+02,3.166377481437457897e-01
9.624162934965420391e+01,2.463477131325400582e-01
9.357647658251045186e+01,2.264171846080125783e-01
8.982747662142405431e+01,2.451699079095117084e-01
1.007915946269054075e+02,4.144098934406462154e-01
1.036823074775789451e+02,3.770746266339367048e-01
1.054490860385032960e+02,2.935475841883197767e-01
1.172412486238163751e+02,3.948454460899418761e-01
1.110686994049905536e+02,2.847598746973683537e-01
1.122683503158915812e+02,3.979968968995624135e-01
1.097043331788364782e+02,4.456256132861580177e-01
1.059925201569653410e+02,4.136973417043086076e-01
1.148578344695875018e+02,2.946937411805420903e-01
1.073968266682188784e+02,2.837616262588524840e-01
1.076344121028790539e+02,2.151719506367887891e-01
1.092768967069000752e+02,2.714578198585650970e-01
1.059150122858484053e+02,2.323512326863302613e-01
9.983915538028823278e+01,2.524152412193714223e-01
9.688245826635683500e+01,1.887429416624797074e-01
9.700422300194756531e+01,2.087163321626981372e-01
9.265712138597598369e+01,2.143953872508391478e-01
1.056847153485530129e+02,2.822008555207579650e-01
9.769660129643993685e+01,3.564445828179912956e-01
9.347440575310363897e+01,3.725614719569247946e-01
1.009824691454841314e+02,4.229292827293921198e-01
1.074441282864027585e+02,4.622704829649835201e-01
1.066426737509359555e+02,3.412150297134607935e-01
1.036240659132669606e+02,3.551733000249562289e-01
1.042899235059886394e+02,3.100611612469214573e-01
9.882336561181013224e+01,3.035691272862739987e-01
1.078710948295755401e+02,2.564746626935913709e-01
1.082919147452473680e+02,3.972331005321044217e-01
1.018521756019335669e+02,2.895806122792504711e-01
1.045936936500682748e+02,2.210422811443341906e-01
1.130272031132108026e+02,3.244301925036530698e-01
1.120154297538312846e+02,3.830941465331996754e-01
1.202324140972645097e+02,4.833782211785654925e-01
1.234231674069315545e+02,4.191971930340169794e-01
1.212178512782832343e+02,4.298063929986912224e-01
1.124400990178994277e+02,5.009562680303768500e-01
1.019057059904906168e+02,5.003388576391123443e-01
1.015850644338260480e+02,4.552338791539553009e-01
1.043583781506776376e+02,3.080187042895283778e-01
9.697977236895417263e+01,2.707934553881756745e-01
9.844523609550623178e+01,2.642994822351406592e-01
1.013574374236669513e+02,2.167801572358017959e-01
9.884395577284837486e+01,2.419655791418812152e-01
9.032380537897515183e+01,2.306413117290982140e-01
9.718318851987575613e+01,2.806507371863440903e-01
1.049782163639580403e+02,2.853222487781957306e-01
1.037998291163834210e+02,3.536062326002448186e-01
1.116159879417389789e+02,3.910302225976119428e-01
1.088873449631091717e+02,4.235867626071356251e-01
1.162380161958517277e+02,4.323754360413906705e-01
1.215690050521944130e+02,4.935668039269664464e-01
1.228504211453227697e+02,4.764433215529763066e-01
1.231391358511574623e+02,4.649564442616173632e-01
1.159763424818940223e+02,3.438374245032027043e-01
1.111236257811003583e+02,3.679938673325685583e-01
1.179035416408106016e+02,4.127960501275257377e-01
1.238267390840491373e+02,4.551926445285294776e-01
1.165703829305588641e+02,4.554172938609197252e-01
1.228675416448500357e+02,4.271118031917180424e-01
1.201602448436275807e+02,5.436695315413937468e-01
1.266216529705373688e+02,4.367976258479739915e-01
1.268639926080424942e+02,4.733115679324151337e-01
1.168227933007676427e+02,5.111172721961383392e-01
1.210862007619780343e+02,4.713954393802925469e-01
1.185420428374084310e+02,5.062892271527517085e-01
1.243655871846003578e+02,4.992581371855436267e-01
1.245414286364447491e+02,4.995763198818808926e-01
1.191648278295257768e+02,5.202497882625768399e-01
1.151868900814070855e+02,4.518163911544595401e-01
1.184653512481673658e+02,4.925360696607107847e-01
1.102886731814422205e+02,4.400427744313299971e-01
1.265648034556367350e+02,4.361158203833161995e-01
1.248810875137967429e+02,5.276335145253416847e-01
1.197789795886500883e+02,5.844714158034419738e-01
1.234029466294606578e+02,6.692553442413681219e-01
1.388289661751645383e+02,6.396362487857364387e-01
1.258491912456328095e+02,5.392371803377143946e-01
1.200470604209649537e+02,5.716910992722306073e-01
1.219373483034298857e+02,5.132196815408913704e-01
1.345388746210958573e+02,6.265659522451512142e-01
1.275440175109808081e+02,6.584610897454505896e-01
1.295105452630884599e+02,6.348723832997056338e-01
1.446843931311898928e+02,7.774777325342955292e-01
1.399403192871969281e+02,6.756165285228509232e-01
1.321146100185903833e+02,6.418198260121406040e-01
1.316136146383026357e+02,6.730592933343076956e-01
1.352040031974112253e+02,7.266066749049626683e-01
1.198420837460085266e+02,5.931974885680741938e-01
1.157965218328658352e+02,4.413216673065754603e-01
1.140857864566546596e+02,4.225555405485268423e-01
1.072837136454679978e+02,4.335954585496999414e-01
1.167595009199897618e+02,4.146282628015095506e-01
1.208700715799298422e+02,4.876125897983720758e-01
1.128072790827134781e+02,4.795546526883543992e-01
1.110594473532859467e+02,3.818929651233232136e-01
1.091757283689596960e+02,3.804160854686174376e-01
1.070484366004201036e+02,3.432055577995845042e-01
1.103995115353029632e+02,4.284263797827369546e-01
1.113676630351060197e+02,4.418311381432726281e-01
1.198049102709619120e+02,4.490653339994040150e-01
1.277852642929472182e+02,4.682200095675632112e-01
1.339020136333184041e+02,5.678738354854577786e-01
1.326933058026364165e+02,6.951520541648308349e-01
1.243687956460039175e+02,6.697315937166620214e-01
1.202208178791928930e+02,6.552255228302593659e-01
1.267181261380172117e+02,7.084777520449850874e-01
1.211149834033599575e+02,6.086026156368588014e-01
1.229276465820889399e+02,5.767171611439190215e-01
1.241726096921608757e+02,5.736564539374442440e-01
1.182978762211347572e+02,4.988282820765772008e-01
1.067160340304273092e+02,3.899454772157380233e-01
1.071614253315294008e+02,2.924715968568143976e-01
1.032563334416715435e+02,3.239467200280747861e-01
9.910785390592968724e+01,3.186309712480713818e-01
1.011300495492073708e+02,2.501594468901649493e-01
1.063116176342583401e+02,3.422861015256229988e-01
1.038966004493168214e+02,3.153893420852184604e-01
1.008060454832953496e+02,3.119262171035520614e-01
1.089889984491502588e+02,3.076290139760979314e-01
1.093870943995970322e+02,3.299878017874854907e-01
1.061284995174723633e+02,2.723028953482261039e-01
9.777922127169313171e+01,3.315808715789855254e-01
9.667023766140742680e+01,1.968975656483804570e-01
9.667023766140742680e+01,1.968975656483804570e-01
9.494160904877671214e+01,3.245466080913866347e-01
9.894789814299909381e+01,3.051760261322362666e-01
9.503323170205898407e+01,2.677914725657553618e-01
1.040898554430830103e+02,2.791977363254442568e-01
1.016600071101838836e+02,3.000729379213569192e-01
1.056737808865923114e+02,2.494510551215468330e-01
1.011483635132408239e+02,2.534882355990855651e-01
9.773977892288782243e+01,1.278242767838140281e-01
1.068748351216156323e+02,2.568192148537484232e-01
1.116150546118822149e+02,2.588960881278232207e-01
1.070820439779631243e+02,3.730950368525018934e-01
1.011231852866800267e+02,3.871837390680050728e-01
9.211854653656084224e+01,3.169106899163320890e-01
1.051120843055077074e+02,2.619578125843928240e-01
1.036012682430554150e+02,2.765817306594500202e-01
1.109402834091993384e+02,2.519340655797187578e-01
1.102536627744705555e+02,3.113987165389934808e-01
1.103557936359751608e+02,3.393856521875459054e-01
1.103710840055671838e+02,3.912813322924390547e-01
1.059252525093931609e+02,4.105441290445408509e-01
1.115119163611925472e+02,4.490151463354505323e-01
1.132542032521361932e+02,4.580191345008964854e-01
1.213445869304371314e+02,4.910136528562637492e-01
1.097281610096262483e+02,4.726847660412629715e-01
1.121048285063756680e+02,4.479943913581450055e-01
1.182904150924837836e+02,5.068779470679876109e-01
1.144990996354141402e+02,3.637664751116528872e-01
1.194722369177265762e+02,3.972983383855147599e-01
1.135535254359426887e+02,4.406697668992108907e-01
1.031138720660041912e+02,4.669358300927036742e-01
1.021993164970942445e+02,3.248366647461654044e-01
1.079645968648006686e+02,3.938785995374357030e-01
1.183343448349579603e+02,3.465220147393172634e-01
1.045211811026632631e+02,3.860564457393000359e-01
1.003020465827825660e+02,4.045449885916261312e-01
1.022088725289867597e+02,3.536705492822267427e-01
1.071356289871592793e+02,3.087282067948561304e-01
1.087908150297365921e+02,4.425012315054861478e-01
1.013190635246237008e+02,4.708292298718684266e-01
1.171097463875616000e+02,4.408552990548370021e-01
1.193019699681881605e+02,5.368132877092658406e-01
1.265617389461162645e+02,5.558733579373247302e-01
1.290406929067743533e+02,5.832529942904579601e-01
1.363899087685186373e+02,5.945304964191006070e-01
1.282112343826537426e+02,5.773703732233763652e-01
1.319518567098135406e+02,5.983937941100920810e-01
1.254082437321495007e+02,5.947463157798409394e-01
1.372671204013438739e+02,5.238249294109016407e-01
1.349251806268207758e+02,5.104400490874181351e-01
1.321602673252183422e+02,5.621709306625808367e-01
1.279712526323259851e+02,5.312059539241915651e-01
1.242284428146625856e+02,4.688732702884914061e-01
1.089849493424204354e+02,3.914944016636299762e-01
1.060177922218034468e+02,3.363457302978207775e-01
1.089838950459552791e+02,2.967578244118698749e-01
1.033854209585201431e+02,2.682273063099827604e-01
9.756942536602998928e+01,2.721552463484781526e-01
9.893174147210544334e+01,2.209603954085586630e-01
1.016954757000482630e+02,2.195365281319389961e-01
1.028950520217240410e+02,1.848315514985288677e-01
9.964097654434841900e+01,1.662458790412587040e-01
8.560201525232436381e+01,1.263511559064686152e-01
8.683354617666628883e+01,1.576989036235835751e-01
8.619224000392057405e+01,1.719553375413274410e-01
9.138525105669617687e+01,1.625113331285691354e-01
1.120222736825577101e+02,1.997082771929228062e-01
1.139009767246813993e+02,2.180791929218391656e-01
1.067856300352474221e+02,1.830684323569269911e-01
1.158878210571837428e+02,2.573008615200667593e-01
1.250156093886362356e+02,3.395789130774962139e-01
1.276365787149808853e+02,4.548189159997118591e-01
1.242598432359099121e+02,5.422206039830375079e-01
1.187895924869859527e+02,5.681837194892078724e-01
1.275117042507773846e+02,4.889100373164512736e-01
1.292884466635874219e+02,6.172217265561851240e-01
1.405956633940297422e+02,5.219462676404773571e-01
1.411410045374347817e+02,5.040402638415606429e-01
1.312951365716291150e+02,5.047504199529295743e-01
1.234311781482101509e+02,5.383276332193625002e-01
1.179765705683720114e+02,5.079680976151432770e-01
1.202264828664986425e+02,5.084657863449135728e-01
1.141055633134536578e+02,5.249402053281412295e-01
1.170245313313816524e+02,3.610406723838398557e-01
1.192612299047007838e+02,4.500454084685271972e-01
1.194058412354764016e+02,4.143150025818061466e-01
1.173885885807819278e+02,4.303548805953005263e-01
1.224812388065085145e+02,4.172549964513724285e-01
1.158587162260544261e+02,5.624407637702774077e-01
1.187917119872221718e+02,5.323875147961475429e-01
1.185244484256165265e+02,5.491621438431912861e-01
1.248731812905923277e+02,5.343901279627850665e-01
1.216981010085188188e+02,4.479049444697881799e-01
1.236667181254910304e+02,3.903125658754925120e-01
1.298335023661719561e+02,5.033156340764359804e-01
1.226008602692175486e+02,5.029130665716933235e-01
1.229258017330293598e+02,4.648668338983006909e-01
1.257114242103648252e+02,4.528059614618791251e-01
1.257185843810097907e+02,4.972951981209114414e-01
1.232716287840978424e+02,4.340083151676923379e-01
1.132872716476188373e+02,4.775260590701526087e-01
1.159497549461405299e+02,5.116196520060762865e-01
1.228959244109651507e+02,5.181989856118693893e-01
1.211995132170535214e+02,4.714816394801398802e-01
1.133403567166233898e+02,4.237827777411891650e-01
1.190569849061671448e+02,5.466797719422169521e-01
1.229180109633738454e+02,4.792375860822770672e-01
1.214059394606108100e+02,4.431016319463617070e-01
1.146374820057477848e+02,5.666248815705553499e-01
1.038837423079183395e+02,4.038091212342301284e-01
9.555314552897353053e+01,3.911999105159912338e-01
1.056963375762140771e+02,4.087752641730232339e-01
1.098335492520957359e+02,4.130443740375983053e-01
1.021122679476582675e+02,3.851397858473539770e-01
1.012214525733596275e+02,2.903283925695316903e-01
1.017367256840572622e+02,3.191721578335275922e-01
1.063565578455859963e+02,3.425106712465429415e-01
9.494660917556407753e+01,2.879884547649782522e-01
1.003380806576683995e+02,2.700116494605646067e-01
1.064359946207558352e+02,2.171568435763957805e-01
1.111356866709048319e+02,3.597854762440704235e-01
1.036895765140439636e+02,4.001002596238598663e-01
1.088669835242428690e+02,3.428949739244250838e-01
1.211235522249872645e+02,3.992340796830235461e-01
1.167987883005530563e+02,4.319971368024906888e-01
1.113882815108976416e+02,4.074848920396444418e-01
1.075642142553522547e+02,4.808913462746295941e-01
1.143848552315189551e+02,3.862202610033493300e-01
1.158000627467126691e+02,4.453342107186166188e-01
1.140773599276777333e+02,4.401112733654817255e-01
1.119674473031693793e+02,4.903329267077928821e-01
1.152987089292070095e+02,3.593652302414469535e-01
1.100518464033138741e+02,4.363860195834534106e-01
1.125758561377394358e+02,4.472058932824911071e-01
1.136849134120974725e+02,2.738362147814842329e-01
1.099528317664884014e+02,2.415797907523108967e-01
1.006680229083477229e+02,2.114894257041896042e-01
9.289708895263626687e+01,1.683493573037495028e-01
9.898511982419634592e+01,2.266449778584332386e-01
1.056605901886880474e+02,2.492803071787242919e-01
1.015778956601668170e+02,2.961825673501116696e-01
1.139501081658092119e+02,3.702561226743751877e-01
1.079861800409430685e+02,3.268084287294544255e-01
1.130114028583245585e+02,3.490790791623578082e-01
1.038226019148322621e+02,3.650760915742783386e-01
1.030332463091383346e+02,2.825796775773654068e-01
9.601247353775988813e+01,2.278014078429697609e-01
9.243001525024993725e+01,1.835191397737858943e-01
8.915904584574664682e+01,1.982411618043611323e-01
8.510075804423112800e+01,1.282895572665646577e-01
8.841307648338258218e+01,1.290878756061515087e-01
9.623974099585635145e+01,1.696407623005933563e-01
1.094161961926616442e+02,2.094747723331435163e-01
1.042970882322086226e+02,2.195823161400025925e-01
1.194404232301790501e+02,3.318325067715813259e-01
1.220977448130394123e+02,4.042415321993748090e-01
1.212566809447841933e+02,5.295054905465952366e-01
1.197719742229193116e+02,4.733380378835662650e-01
1.190013878526763023e+02,5.545472938994518985e-01
1.253667611981191641e+02,5.221309973686182326e-01
1.214208159413912540e+02,5.541165348181663619e-01
1.216879660758736321e+02,5.499266717875618271e-01
1.331140161753644691e+02,5.568414614004578711e-01
1.310148791629647462e+02,6.909194665657546475e-01
1.393073081358860748e+02,7.032969351228375299e-01
1.353164907233768588e+02,6.127400255766427550e-01
1.328623415925890185e+02,4.971863308626132683e-01
1.282186662309767087e+02,5.637742359394619651e-01
1.218979269305835231e+02,5.067024751855402354e-01
1.241840641792707203e+02,4.572159371454974086e-01
1.329640667245868713e+02,5.316590320130912817e-01
1.274169721946091158e+02,4.777710195898111634e-01
1.189672440393527211e+02,5.276951162671512652e-01
1.166391233172007276e+02,5.102507863094515317e-01
1.072318871061378047e+02,4.916632748699461541e-01
1.172418447141956079e+02,5.577990903447540560e-01
1.227836551141819257e+02,5.417652315720173917e-01
1.219175454225845243e+02,6.293093991837779289e-01
1.199011540737236885e+02,6.752722332767088220e-01
1.246401603464597514e+02,6.398768586175892503e-01
1.139568287372954245e+02,4.864405251756603321e-01
1.056653156596913732e+02,4.539560483809628177e-01
9.899842973558467918e+01,3.176623913667028787e-01
1.001068573163116184e+02,2.622264051652666295e-01
1.016844176983758814e+02,2.882005039134884483e-01
1.065286240453077653e+02,2.008862532515398036e-01
1.003529609584237789e+02,2.231356924761198346e-01
1.032719822459429366e+02,1.623129627696812127e-01
9.842381834066914337e+01,2.197292869799454540e-01
9.725118615211394513e+01,2.816304946672817944e-01
1.069414564786742545e+02,3.072572510528455703e-01
1.062852673420360929e+02,3.514713836159086835e-01
1.229476123299969146e+02,4.887425801121099700e-01
1.194180919656925539e+02,4.656348736070815564e-01
1.202151744789334487e+02,5.390707065035905687e-01
1.196761581420213076e+02,5.304442779196927304e-01
1.207394789370865453e+02,5.274645481887468845e-01
1.193902348021849207e+02,4.622280640041999122e-01
1.235871893925526166e+02,4.490823611304045615e-01
1.190194792867530964e+02,4.219090757717205986e-01
1.067810320562605568e+02,3.454080313467858820e-01
1.083494120087998311e+02,3.594305922627624161e-01
1.060835048993009906e+02,3.467647144379002455e-01
1.110001034819363497e+02,3.534017913191376814e-01
1.131628119116565330e+02,3.736650730274039822e-01
1.111910177182674317e+02,4.537011505080847940e-01
1.201766483237724685e+02,4.819378035691438966e-01
1.203094265242615677e+02,5.132945402404535118e-01
1.226592794749865050e+02,5.540193301941345183e-01
1.257629562163326540e+02,4.778451225823607817e-01
1.266609128942796616e+02,3.862080317938891283e-01
1.300118694829886863e+02,4.498503225931569371e-01
1.186646247322983214e+02,4.003969367173780824e-01
1.144406761096463043e+02,3.627939252117333147e-01
1.170334762407365616e+02,3.247197407996052498e-01
1.102432065351224537e+02,3.590403871542410252e-01
1.182429075171444453e+02,4.767520321278146955e-01
1.116197633734890218e+02,3.512623158768313214e-01
1.121021969565192506e+02,4.349159757333774801e-01
1.151705032434663138e+02,4.947976036986709847e-01
1.239275367508008969e+02,3.725316404039925589e-01
1.210721050952367506e+02,4.060937007384877173e-01
1.215843379348548439e+02,5.520897776934357015e-01
1.208296727107871789e+02,5.115016467400222977e-01
1.176270437604594150e+02,5.100853813457568720e-01
1.222661171736618684e+02,5.307074897870768249e-01
1.229323645031008994e+02,5.654662640450365263e-01
1.136335115125936852e+02,6.360386725388630369e-01
1.139182648873255630e+02,4.907756058017472278e-01
1.151086453485703345e+02,4.023768326486924507e-01
1.191173273094816807e+02,4.354798466761115039e-01
1.206997212727410442e+02,5.018108054152916608e-01
1.120160295589544432e+02,4.971615146998502599e-01
1.175623510199108637e+02,4.917077971804735270e-01
1.128349213824334925e+02,4.377231339390421638e-01
1.130884471555286268e+02,4.611202901955525069e-01
1.131416421494909059e+02,4.217831240980731700e-01
1.216303497731595087e+02,4.939083374636193957e-01
1.197734790196431760e+02,3.848328140915973639e-01
1.147750461546942802e+02,4.616913222058386390e-01
1.158614970413911038e+02,4.312741879284703872e-01
1.061197805391443296e+02,3.413554645381415842e-01
1.092933953752340841e+02,3.569632692209613878e-01
1.116910037307791299e+02,3.034737677910710474e-01
1.073367143813897400e+02,3.440446929226700368e-01
1.096444732209536568e+02,3.776932430488020298e-01
1.022870121431203927e+02,3.755508691036307800e-01
1.029770587665847188e+02,2.827265311496346967e-01
9.202431806006858039e+01,3.193158785942087907e-01
1.002349012489317488e+02,3.735379082215758428e-01
1.080438696850257401e+02,4.470130630610958389e-01
1.080358297619095680e+02,3.601476055352095806e-01
1.072018554320210626e+02,4.099893167879587463e-01
1.078144350294504648e+02,3.826736985460233997e-01
1.161462125548391242e+02,4.476223878558948099e-01
1.168281328317638241e+02,3.820616537842562721e-01
1.160080652193666566e+02,3.990002124026807984e-01
1.118219731048523329e+02,4.378284375228941872e-01
1.098936150072384095e+02,4.176355686697266201e-01
1.089459603090426754e+02,4.885674654228334135e-01
1.045540042770964959e+02,4.517400041933281596e-01
1.043901955824593841e+02,4.286599138668319431e-01
1.154366799365086109e+02,4.269662464674264246e-01
1.161936526640754863e+02,4.107439033508155091e-01
1.169976840511428975e+02,5.728443290534656063e-01
1.313049050216073965e+02,5.769180690234483322e-01
1.344150327003167433e+02,5.353289375586544052e-01
1.222532041673262881e+02,4.994574546566415418e-01
1.129636071001544195e+02,5.034060960435795540e-01
1.135632252864823073e+02,4.814715312529187496e-01
1.094948743237468562e+02,3.416710577529153969e-01
1.046800081578062702e+02,2.600682030222868923e-01
9.364330498797744440e+01,2.437744061794246964e-01
9.752455653803978919e+01,2.977320584778895274e-01
1.017254407078758902e+02,2.408459385666064101e-01
1.061679191273897800e+02,3.266004751705484099e-01
1.009873209133894392e+02,2.963847079599977175e-01
9.597934656455051083e+01,2.955061766718502514e-01
1.104924708326488059e+02,3.736535681047123969e-01
1.100179959155878606e+02,4.569908220712931013e-01
1.038046231291754253e+02,4.102398355063769930e-01
1.034178431424401623e+02,2.846450565200736027e-01
1.106163198155238518e+02,2.527445217710692082e-01
9.614021221568476960e+01,2.785231926118780232e-01
1.127570841723798480e+02,3.472873544451129391e-01
1.194724984446500713e+02,3.842674004589284320e-01
1.157173565188044222e+02,4.916737241697755612e-01
1.073934212924855416e+02,4.085353717951608621e-01
9.506627820320181854e+01,3.085961068494546544e-01
1.000823261542045373e+02,2.904111708858279073e-01
1.098582510842501989e+02,4.176386331065127244e-01
1.156093621250826544e+02,4.474439931825323624e-01
1.196204122313240674e+02,3.834278557811144350e-01
1.128998311177814600e+02,4.503000546639156498e-01
1.149509606747211876e+02,4.391594482759277329e-01
1.102452942976191679e+02,5.192911744056687429e-01
1.093080816969174833e+02,4.943432375300098047e-01
1.077431424031513103e+02,5.261924383964476926e-01
1.095506431136851546e+02,4.716558698047612630e-01
1.172650765447426409e+02,4.675977775202310172e-01
1.158417006227228967e+02,4.507993020010855334e-01
1.111575538916317925e+02,3.926027567504307703e-01
1.055081070427245180e+02,4.375443301916348560e-01
1.142764822444029562e+02,4.220125486383482505e-01
1.120179603453774462e+02,3.703277720724560962e-01
1.064615368632087637e+02,4.472436847332325049e-01
1.260644812737432972e+02,4.160952098637523688e-01
1.245500025108060669e+02,4.353407244280174115e-01
1.151294340656321395e+02,4.718880557040240897e-01
1.172859826377662955e+02,4.582869766452820071e-01
1.201233087669523343e+02,4.541242441102992244e-01
1.170151288492158983e+02,4.523418182773408236e-01
1.107854029555033293e+02,5.547998506603254443e-01
1.168525565994075919e+02,4.631260412827903350e-01
1.080951958497194738e+02,4.392350509040976458e-01
1.197999800827177097e+02,4.305754336326943488e-01
1.152134008141848227e+02,3.764892505172192094e-01
1.252201115133881189e+02,4.463826448443538042e-01
1.197097662823326232e+02,4.593741159782412931e-01
1.250579051559704027e+02,4.757449461089260367e-01
1.119661639351652269e+02,4.937063537183923878e-01
1.087249426941812374e+02,4.100289689985797681e-01
1.038450002061200905e+02,3.686582704416466183e-01
1.001258128995504251e+02,2.910636724835488076e-01
9.728289336900738249e+01,1.845019990308055247e-01
1.067006509736366553e+02,1.558770323607117647e-01
9.762056360477619421e+01,2.672187724796554198e-01
1.068531065147222563e+02,3.482925750817752464e-01
1.029001652026064590e+02,3.199120323669809585e-01
9.515908886045457393e+01,2.817310882646718029e-01
1.085140422030444256e+02,3.123850308994489677e-01
9.954303322705166579e+01,3.073765161888218356e-01
1.006270640653221022e+02,2.765369466850750024e-01
9.602125420553295498e+01,2.325513758439376466e-01
1.027289506874005980e+02,2.642969981718693573e-01
1.008047198044921799e+02,2.964779143741528289e-01
1.041438966556955279e+02,3.511949308919189439e-01
1.054426108693176758e+02,4.031946551367478482e-01
1.236821245899236885e+02,4.407895561120877548e-01
1.115564319450710258e+02,4.191703687483391283e-01
1.118837621605950119e+02,4.683925414583182123e-01
1.072256925457693058e+02,4.451850669280602024e-01
9.790639308589702239e+01,3.563768539306730321e-01
1.009213868894708241e+02,2.833885214728630864e-01
9.866129729146197747e+01,3.425462071913901729e-01
1.067001481611114144e+02,3.317350892573994736e-01
1.024776828195476384e+02,3.584916142504916414e-01
1.041016595406901928e+02,3.604101158473947408e-01
1.090870219538643511e+02,2.787036164527231241e-01
1.083369084727250993e+02,2.921746964656083412e-01
1.079124801953781656e+02,1.836365584654349181e-01
1.149330780979107232e+02,2.406972640612454750e-01
1.057514760104147200e+02,2.342848890022307118e-01
1.060107408029024896e+02,2.211962668079298366e-01
9.021397865989928277e+01,1.327033597880588334e-01
9.641063190020794593e+01,1.817968711821147110e-01
9.641063190020794593e+01,1.817968711821147110e-01
1.014258592205766263e+02,3.024572191511399333e-01
1.009689924141959381e+02,2.002469523052561595e-01
9.830031462341295878e+01,2.228179079500146875e-01
9.614128054804288581e+01,2.766749272043929619e-01
9.881620779547928635e+01,3.277267768924646552e-01
1.008656705178483293e+02,3.261216284061584925e-01
1.129264218244033344e+02,4.598439095968158696e-01
1.077911925925094039e+02,4.387137163265927287e-01
1.048542436002173019e+02,4.509757316364351176e-01
1.138033310623236218e+02,5.258088873893346227e-01
1.132644748427695447e+02,5.926310039779774108e-01
1.229605378700372569e+02,5.610979119933867665e-01
1.215600953729152991e+02,4.302563480853976996e-01
1.231552210198843511e+02,4.909967499592140516e-01
1.273436410816436677e+02,5.910474581255649174e-01
1.362641682922843529e+02,6.474505882996073325e-01
1.355735059030783987e+02,6.491893932155157199e-01
1.325183094056115749e+02,6.718634214541986394e-01
1.400501060611667583e+02,6.419476449131913398e-01
1.340464726650225487e+02,5.303816024857113121e-01
1.226139924858317443e+02,5.366729762524691250e-01
1.149944207322799627e+02,5.033035848577991356e-01
1.206073447971214847e+02,5.233774992680217952e-01
1.313005706412827180e+02,6.098465798648508018e-01
1.187029633669686035e+02,5.586922821508267800e-01
1.219892544777374752e+02,4.674798411786080798e-01
1.215998792624001936e+02,5.303489050090051116e-01
1.189012890757600758e+02,5.335113395749041532e-01
1.186901866196804605e+02,4.484193019602391583e-01
1.128287979312400040e+02,3.635470143941917920e-01
1.215283913516509671e+02,3.667674645521524779e-01
1.143790885432757847e+02,2.809476441120552503e-01
1.111513853231615343e+02,2.704335435530668130e-01
1.207889847194883828e+02,2.741210273118541152e-01
1.182243340303823658e+02,3.042158638610839572e-01
1.087362871441604284e+02,2.092903628191069010e-01
1.163721188859890106e+02,2.078682783031587378e-01
1.145107939125668821e+02,2.291019307730217669e-01
1.116907334390271558e+02,1.936643102697158947e-01
1.034172700496169313e+02,1.931845828337656612e-01
1.004260903977973385e+02,1.650246490293056922e-01
1.068897659784117593e+02,2.196339967837423468e-01
1.110568583898808868e+02,2.624918650835186829e-01
1.101123119547540909e+02,3.099439707020796297e-01
1.159598304639249733e+02,3.649363960425526243e-01
1.176081797571812189e+02,2.877380781903614571e-01
1.192334974382003168e+02,3.170651606462921990e-01
1.188183997920254313e+02,3.261299760045889840e-01
1.203694331469203291e+02,4.740482415472020983e-01
1.152362082903413096e+02,4.589629390369436290e-01
1.237477403243334066e+02,5.125614994571422445e-01
1.124057368523941562e+02,4.917238544409626155e-01
1.176638349304540299e+02,3.770156897393290851e-01
1.195384925545948391e+02,4.374018790057055961e-01
1.116415917825413686e+02,4.755604319018867931e-01
1.062527564725525622e+02,4.308478346219115074e-01
1.102560968260278287e+02,3.809069948175044518e-01
1.065392844875864284e+02,3.584306873531420412e-01
1.124721672095060541e+02,4.491883903662401978e-01
1.062650446802944373e+02,2.937493161900004424e-01
1.097982417151671939e+02,3.412165011407221060e-01
1.136420451745719049e+02,3.196828392499227456e-01
1.113412200498524953e+02,4.356093441764152252e-01
1.018861257077750508e+02,4.450417611288592368e-01
1.042116970120918609e+02,3.668813938573006750e-01
1.119454032535067398e+02,3.830262089470038434e-01
9.976416808646195022e+01,3.211085415230256479e-01
9.793074426565119950e+01,3.374219476494466075e-01
1.033766173896644318e+02,4.226819809848333942e-01
1.161611020728685446e+02,4.408671594797840543e-01
1.086430509093842147e+02,3.967054959608131148e-01
1.036678229724210496e+02,4.255241306494316755e-01
1.090987440600610654e+02,3.958470624744601651e-01
1.050296005173679106e+02,3.882303650213009272e-01
1.096575889007505396e+02,4.212929586386597869e-01
1.061740358742533630e+02,3.720914631066639111e-01
1.069386652767611849e+02,3.607405566988990953e-01
1.089195099471427710e+02,2.960686584615406236e-01
9.397926985788991772e+01,2.183318281861178767e-01
9.919446842443274193e+01,2.832378176788790114e-01
1.065256657834622729e+02,2.714149830729428725e-01
1.086158193980602391e+02,2.706213147182196521e-01
1.035784949621477296e+02,2.605093619479965650e-01
9.839531753664957137e+01,2.049367974736245046e-01
9.577777734515281338e+01,2.008855691657464859e-01
9.830019631869096486e+01,2.914683052998781054e-01
1.008522694852182156e+02,2.205625918764552162e-01
1.012377768589461056e+02,2.474312674190688455e-01
1.039951970003688189e+02,2.690848359222391406e-01
1.053658333766396282e+02,2.624944598283150410e-01
1.078645574714187774e+02,3.138932861418975984e-01
1.028818316689755079e+02,3.256287292548474266e-01
1.074126606388556979e+02,2.565953715717229633e-01
1.070788753744053849e+02,3.437246570570098858e-01
1.140198395319474685e+02,4.959674294090681279e-01
1.123961757340648688e+02,4.410731257190330656e-01
1.076449969654060936e+02,3.826112881735832527e-01
1.167840442410495001e+02,3.113612036295845820e-01
1.284984405497750686e+02,3.972074935448742794e-01
1.193616292730918360e+02,4.622487284453209999e-01
1.157299756580065946e+02,5.051749745305035288e-01
1.145133397667501356e+02,3.727501062666931930e-01
1.108801722749142016e+02,3.732850874137090824e-01
1.065900319015733828e+02,3.529610908996218543e-01
1.070351403980973259e+02,3.702671742652594578e-01
1.029388392045627825e+02,3.395576183101636225e-01
1.027052952858055477e+02,3.758651165918067139e-01
1.124805813761056470e+02,3.317878037739615538e-01
1.080595152585680836e+02,3.526114356014892204e-01
9.623041552388841069e+01,3.045869197735635581e-01
1.049680239446989276e+02,2.951473228468084464e-01
9.335154993716344052e+01,2.465950475492468541e-01
9.386433481803717882e+01,1.664744323690385830e-01
1.050930335849458146e+02,2.446788962878002904e-01
9.896228611990088098e+01,2.090913990195956973e-01
9.652257182508989786e+01,1.056606132152864141e-01
9.843295455822197937e+01,9.326182477599939680e-02
9.917494872513033499e+01,1.641448466944449847e-01
9.664323379887872534e+01,2.248593626228287956e-01
1.031885992926922597e+02,2.504901187384040440e-01
9.991401127474694022e+01,3.029857516103358628e-01
1.058709077842913331e+02,4.032027231650470722e-01
1.094188502064802151e+02,3.635056431944879707e-01
1.100549940924498458e+02,2.693565918257205816e-01
1.056099427594078861e+02,2.695274991635308592e-01
1.123063011423314492e+02,4.123791333359688727e-01
1.119886152744402779e+02,3.738805467032811358e-01
1.141260628428704820e+02,2.998774356925575924e-01
1.053564951605158484e+02,3.356357237553651007e-01
1.037557745294696332e+02,3.321911509858798128e-01
1.079994477327561526e+02,3.318014599497527417e-01
9.809064302165973004e+01,2.858516425538213945e-01
1.058831119891806338e+02,2.492149543019393509e-01
1.226764375727730254e+02,3.407112587029218487e-01
1.269241509558858496e+02,4.153489315409673588e-01
1.310062177185256189e+02,4.505572379864920540e-01
1.322471088545678413e+02,4.879062665607787896e-01
1.197922086119033338e+02,3.750033232438189090e-01
1.248866207097891561e+02,3.817380812026374692e-01
1.223555305035612122e+02,3.511279174623935795e-01
1.103469108660559499e+02,3.311629417275072651e-01
1.190855580499781325e+02,4.704612068234704791e-01
1.247572158870812586e+02,4.824371414180367856e-01
1.239355211624278752e+02,4.657706395010458023e-01
1.107278290958136324e+02,4.719448438085316333e-01
1.179132753987453981e+02,4.596308323366868898e-01
1.251727267356365587e+02,4.785099690818918616e-01
1.273860009115207390e+02,4.753195841725718629e-01
1.141605448230591691e+02,4.084712714756914553e-01
1.115166943105277255e+02,5.212963811028856753e-01
1.101181589568931543e+02,5.099006786262046953e-01
1.163381995248258534e+02,4.985662247712007167e-01
1.119486450248291760e+02,5.437627449141749780e-01
1.170637966188565429e+02,4.550762190491873804e-01
1.193809676951639887e+02,4.601980540436254596e-01
1.139501545132744837e+02,2.405857741418094831e-01
9.975255040389417616e+01,1.785821294539174375e-01
9.425949566796394663e+01,1.654751378655741345e-01
9.181335411242174871e+01,1.275225668751970021e-01
9.192948824943061936e+01,1.634637766479718202e-01
1.035793742167104483e+02,2.424210164739273865e-01
9.223518576092391186e+01,2.173422735351606128e-01
9.234728159844526374e+01,1.821067762078225627e-01
1.050501119574597908e+02,2.362512796197717424e-01
1.088786599091125993e+02,3.199666123100275983e-01
1.098990070586547176e+02,3.457201239515281799e-01
1.086796335867831402e+02,2.674896941430240926e-01
1.039834197021513233e+02,3.387074326318659234e-01
1.049386447397701971e+02,3.891276346562230759e-01
1.044065796648783504e+02,3.167332949547107535e-01
9.691270743940985710e+01,2.679139594382261014e-01
9.992654564536283601e+01,2.369176307280585203e-01
1.089865634023604173e+02,2.896388267566026853e-01
1.125545088079262399e+02,2.019815102149720154e-01
1.142088217554861131e+02,1.906542613767499561e-01
1.106676231654188882e+02,1.871882091447190366e-01
1.007189291392588331e+02,1.774136804237050336e-01
9.770286097541951165e+01,2.188821660227838750e-01
9.232496735136639643e+01,2.767603484993080287e-01
9.753527507560391996e+01,3.484271398893897809e-01
1.097000540359137233e+02,4.172690882474174856e-01
1.222653485008954561e+02,5.260932602649367462e-01
1.274483350788990919e+02,4.927944482391894421e-01
1.229095804949501058e+02,4.613971469358934541e-01
1.225901265997954965e+02,5.225144816662388170e-01
1.236501599285057580e+02,5.583984256125336110e-01
1.201225598272074961e+02,5.278928769217470229e-01
1.237102714252266793e+02,5.230137870574766978e-01
1.114627313630940648e+02,4.053496988941017731e-01
1.183517615460725096e+02,4.688328672865437197e-01
1.200318422882538414e+02,4.315714019525910827e-01
1.171160980404888647e+02,4.887082477108760648e-01
1.147583578328357987e+02,4.943690756981333201e-01
1.150914564319920572e+02,4.840437716510737620e-01
1.104848897962541230e+02,4.170592678172109768e-01
1.105442072952561858e+02,3.208846046728127122e-01
1.073597550267710545e+02,2.840306500473455120e-01
9.328656449816676854e+01,1.710831286159591735e-01
9.488224609134488219e+01,1.681061406020374627e-01
9.085740104463236833e+01,1.823643022151419935e-01
1.041866465533272503e+02,2.469798737589916082e-01
1.058767783090746093e+02,3.652015443518503157e-01
1.089081416468950607e+02,4.761669998633912826e-01
1.099925750145538075e+02,4.905587773771695748e-01
1.184880015568366645e+02,4.833460760559626923e-01
1.206148175139086902e+02,4.608094467952112971e-01
1.078486401348405366e+02,3.927007472544594702e-01
1.139507100624398106e+02,4.900378630923551970e-01
1.083933279172526767e+02,4.156504239766616315e-01
1.117259834213209899e+02,4.855280180088006325e-01
1.125199856147497997e+02,4.787999834507233876e-01
1.058782048826119251e+02,5.115005989273335718e-01
1.079909775355763628e+02,4.686167438896628457e-01
1.184421749349437221e+02,5.100948471800932360e-01
1.233772816981281579e+02,5.805460732104127386e-01
1.206272032828549783e+02,5.700005841590541911e-01
1.204227370506113886e+02,4.850645082375856232e-01
1.158542699875927724e+02,4.532220978140776846e-01
1.187998340695955477e+02,4.720900959928507334e-01
1.260546486298541424e+02,5.085339130189032719e-01
1.217731302387740584e+02,5.036686989529790548e-01
1.223761489027374836e+02,5.386714104183497609e-01
1.179447579369476671e+02,5.666534260261911760e-01
1.131385181531543935e+02,5.676052625787811889e-01
1.136508862207432884e+02,5.940054196179124224e-01
1.138677876082591496e+02,5.669636247795655226e-01
1.171413307547734490e+02,6.112671695270249783e-01
1.233795483336205336e+02,6.210617733370847882e-01
1.227512408454136192e+02,5.655149791159694850e-01
1.274140834202075325e+02,6.589224630716077336e-01
1.178616177231902924e+02,5.592490485772253495e-01
1.202887229184757700e+02,4.346336835555681399e-01
1.150857201410456554e+02,4.265055888320865574e-01
1.137905379138165358e+02,4.033379009385636982e-01
1.199418180200287196e+02,4.814694848063655885e-01
1.195146485583231737e+02,4.400220102514484366e-01
1.170968029103551657e+02,3.365481117698309044e-01
1.063363233461717812e+02,2.677275670759208248e-01
1.104560002976119506e+02,2.399735157548353315e-01
1.061715812132265455e+02,3.506025531889176428e-01
1.024485050262155568e+02,2.939845511903012576e-01
1.022288549558505650e+02,2.606394247421330856e-01
1.042425539386989328e+02,2.438410807241139233e-01
1.109299341938814223e+02,2.987622172935065490e-01
1.109354793025113395e+02,2.767512399482733310e-01
1.013854771419287601e+02,2.910006357919071029e-01
9.284337988643470396e+01,1.771620232626891500e-01
9.325612669077690953e+01,1.350298709976801570e-01
1.028984742815879372e+02,1.601139272093232979e-01
1.065829553870104149e+02,1.776351629397261711e-01
1.071169923381586528e+02,2.235127672873298277e-01
1.071169923381586528e+02,2.235127672873298277e-01
1.033979774383212771e+02,2.249622397603401880e-01
1.013535164803919031e+02,1.927398874169866105e-01
9.855844705970319808e+01,1.970224413163214616e-01
1.019415874445373902e+02,2.738805460201849673e-01
1.048990105294445101e+02,3.606106894286741915e-01
1.094961440067440321e+02,2.911718395446017960e-01
1.078654046133810738e+02,3.242801554753106941e-01
9.756067103200453516e+01,3.019787185614550284e-01
1.071607388173791264e+02,3.049879486641434712e-01
1.033168388710096934e+02,2.964514406795593082e-01
1.071146324375850440e+02,3.494945368769604155e-01
1.184858016619232188e+02,4.197379644543158816e-01
1.150439839771662349e+02,4.652459957999168783e-01
1.208215527068960000e+02,4.704710822966006734e-01
1.123103332906987930e+02,4.754060764443285292e-01
1.229146937094773477e+02,5.431398834757363847e-01
1.263525925291734069e+02,4.447141160787059788e-01
1.292547009836927714e+02,4.596136700193600988e-01
1.339202118951849343e+02,4.205304330419452064e-01
1.143146557300452315e+02,4.081499029915247601e-01
1.155138844510406244e+02,3.985529151673804504e-01
1.169534708748719396e+02,4.251419070400869749e-01
1.149370741290031361e+02,5.075616884380043103e-01
1.134337106395240085e+02,4.548540936735743223e-01
1.084595766127005305e+02,3.516921131438779380e-01
1.092566943896831333e+02,4.295426230153495117e-01
1.159984853979893842e+02,3.911211609851201754e-01
1.135209866822119977e+02,4.037940563828402718e-01
1.171023579592971515e+02,4.987743714265391315e-01
1.211567568461507847e+02,4.030886875424063986e-01
1.266602401927672474e+02,4.706111469434241523e-01
1.334533123103969672e+02,4.479596973925386583e-01
1.350025902239749200e+02,5.089901218322708809e-01
1.247808829671387656e+02,5.744735326878713799e-01
1.313138203186834403e+02,5.792662967499490057e-01
1.239327027131362939e+02,4.494815307152696948e-01
1.248790553785649848e+02,5.335391586319728763e-01
1.251845759462119076e+02,5.135116592376196554e-01
1.143284445233790052e+02,5.255655119855011659e-01
1.205178060483229672e+02,4.124835935521898866e-01
1.180984115010060123e+02,4.202768400309604413e-01
1.248385866002912934e+02,4.463089986651382901e-01
1.181671451752024495e+02,3.858758908985794878e-01
1.161168977877253923e+02,4.649658268277983564e-01
1.200248727758251448e+02,4.113581928146436972e-01
1.152553686302865970e+02,3.755473313518884471e-01
1.164124785459031131e+02,3.227004765122617469e-01
1.128497495828813584e+02,3.748570780888432763e-01
1.045516675407069442e+02,2.605463144417409227e-01
1.118220082335414958e+02,4.157358441767848856e-01
1.149599900611147518e+02,4.270420858657087426e-01
1.143860849955711387e+02,4.872700329208521919e-01
1.173919025357654249e+02,3.805193261929014081e-01
1.093756489581758586e+02,2.969029392210718599e-01
1.136414187767856561e+02,4.828873055714293372e-01
1.126140192212598379e+02,4.056147408846801916e-01
1.164738038046799318e+02,3.769239596479292409e-01
1.132742236909328994e+02,3.527233693755573163e-01
1.127720603464836699e+02,3.889749178149460862e-01
1.144599021979917097e+02,4.836612599844875571e-01
1.275226181154504133e+02,4.631151365103658990e-01
1.289634004861900110e+02,5.100307126638405908e-01
1.265778066394222634e+02,5.993673807344673810e-01
1.226757589344221060e+02,5.575242611023384365e-01
1.227067525110638258e+02,4.986714725672057869e-01
1.266670795933896443e+02,5.198499437402726020e-01
1.201598137477173793e+02,4.864457487532107827e-01
1.259875615495749628e+02,4.554551195127450880e-01
1.184697120244663040e+02,3.869957399848221735e-01
1.163831607869332743e+02,3.856939784035569030e-01
1.050602059168418521e+02,3.730599315383622550e-01
1.230716638069659723e+02,5.375828264419684199e-01
1.335055665183425049e+02,4.919866104437349286e-01
1.213447661988461306e+02,4.958214197867578665e-01
1.228819058469055108e+02,4.550618648988339343e-01
1.167946422798639361e+02,4.790412211836759249e-01
1.240196159487440752e+02,5.409832687137285934e-01
1.275875942881673240e+02,5.346947475071648359e-01
1.205581949951473604e+02,5.053247498553603556e-01
1.212081619981182001e+02,5.435727994681833763e-01
1.192051757451728236e+02,4.731115549139093823e-01
1.244821579758811652e+02,5.159204088376908581e-01
1.175207135518337935e+02,5.115433835239050486e-01
1.222594029520514169e+02,4.441514881274902793e-01
1.233020678903025953e+02,3.677016414984974335e-01
1.123615737131062104e+02,1.976020172518098417e-01
1.103221811355087567e+02,2.761624177747405429e-01
1.063378231078106353e+02,2.927048135523209194e-01
9.831633118526322335e+01,2.927275923681101344e-01
9.680640219077416475e+01,3.206105206330436830e-01
1.081054076053735855e+02,3.347151813242659202e-01
1.093785079999134950e+02,3.199122434193412134e-01
1.095445711044875452e+02,3.751721837348554467e-01
1.104357511806150711e+02,3.921006220461249470e-01
9.910239903996230737e+01,3.602477382675818296e-01
1.070110280074861890e+02,3.205383466384473246e-01
1.073708396486452443e+02,2.585587095208513042e-01
1.044444271878277419e+02,3.046451080931085742e-01
1.079348880934796853e+02,3.171252634246796154e-01
1.135123928789530652e+02,3.567478016550971187e-01
1.157551377032609423e+02,3.556182082182039461e-01
1.100478364075991351e+02,5.175784437354832290e-01
1.150154263189348285e+02,5.454152576929615082e-01
1.142606605882819224e+02,4.434463570945778033e-01
1.065083345036942575e+02,3.017032943416982915e-01
1.087182655413184875e+02,2.859190993925656010e-01
1.036302922480622613e+02,3.178215701708188012e-01
1.069150614307710327e+02,3.898995956502629978e-01
1.109161364957703597e+02,3.718959119764770893e-01
1.181931781984866348e+02,4.275701634794253359e-01
1.168606206748989820e+02,5.619252660473086358e-01
1.210373532793951483e+02,4.560555567178327108e-01
1.188982199298574898e+02,3.609826264832604048e-01
1.187180735212705542e+02,3.587880928884821241e-01
1.115248396940018267e+02,3.555045057727385660e-01
1.109538514211269131e+02,4.673882563447083194e-01
1.064154437597538703e+02,3.795607659397708389e-01
1.036549954715862469e+02,2.894440378065747388e-01
9.234302571066329790e+01,2.563588079902933692e-01
9.554015291141263333e+01,2.117444182869714364e-01
1.120176835288968533e+02,2.216253121733038622e-01
1.064711693198832023e+02,3.749497214200140371e-01
1.116353886014259729e+02,4.014901941322090995e-01
1.058167901270789173e+02,2.985916945157350288e-01
9.911170479121294363e+01,1.927997765328214042e-01
1.021549396835876422e+02,2.511601314637553761e-01
9.814220096530330295e+01,2.565243009220505299e-01
1.000882152110475118e+02,2.248959749918893192e-01
1.002006084824926830e+02,2.340275621846080178e-01
9.899903591049105955e+01,2.607569306235019702e-01
1.025204446655686041e+02,2.901063872641768127e-01
1.071384605800681271e+02,3.857500478911041197e-01
1.054889860787868656e+02,2.733837481358418753e-01
9.654423390298912011e+01,1.476924195089780734e-01
9.790603749153835622e+01,1.728373604618656523e-01
9.672025783357922535e+01,2.438073382803992994e-01
9.892371646962853049e+01,1.601393851204976349e-01
9.709304368055674672e+01,2.386089224414207621e-01
1.007464483683033905e+02,3.269841986709797199e-01
1.048265271866348058e+02,2.911270352858499888e-01
1.057006406305195867e+02,3.764257622235914758e-01
1.171926563297450201e+02,4.294157634352014363e-01
1.116459082322313918e+02,4.323012379848960030e-01
1.163826293727961030e+02,3.563506070713198248e-01
1.111310743842611259e+02,3.678511027765204444e-01
1.134877807656884841e+02,4.545977520113919645e-01
1.206759911348431586e+02,5.343303956983165293e-01
1.202546477503840237e+02,4.994020697995334435e-01
1.114220787932088399e+02,4.908232045997134585e-01
1.080436717208962989e+02,4.451889840340715887e-01
1.227610063429133476e+02,4.345096049333992960e-01
1.215646972477565129e+02,4.211439706073196731e-01
1.097112467251707386e+02,3.955883365547128716e-01
1.089928000836370501e+02,4.283252875550858096e-01
1.099968764138428980e+02,4.272790159210967387e-01
1.129537831078667978e+02,4.805737043924414031e-01
1.111941795288977062e+02,4.869965795934477204e-01
1.067830622818666910e+02,3.795040950791563339e-01
1.048282795592768508e+02,3.600310013277350230e-01
9.718305553990909118e+01,3.387338049333332712e-01
9.884121830049177504e+01,3.274688040335915207e-01
1.051341463977656190e+02,4.320102381609846054e-01
1.027117501437538323e+02,3.703123269542636931e-01
1.082443575494575754e+02,3.494077439272787466e-01
1.070393955176670602e+02,4.121590284808759330e-01
1.019324025521471668e+02,2.062239339127950044e-01
9.150386339084553811e+01,3.189252989338679511e-01
1.004576047212087104e+02,2.050255079524176960e-01
9.150695717656356010e+01,1.220033520626668117e-01
9.178004059208986121e+01,9.912276967209199263e-02
9.286964045615134467e+01,1.127560826392937643e-01
9.169590365146483180e+01,1.577914240923758427e-01
1.004611517137491461e+02,1.505203025831519104e-01
1.041458543321230650e+02,2.057286336199803944e-01
1.048143947315341933e+02,2.545838421050785616e-01
9.813843629113165434e+01,2.813351981171129390e-01
9.553266504367948642e+01,2.211202361500824443e-01
9.737742388289844087e+01,2.773015196433735174e-01
9.767306930988235081e+01,3.301654526598092887e-01
1.072183328201234787e+02,4.882310566074501978e-01
1.083302142484634629e+02,4.567142402675629653e-01
1.019641378051087628e+02,4.799728935539431252e-01
9.960767891311262190e+01,4.059911863673012489e-01
9.871349352602490512e+01,3.986515074173778705e-01
9.577419904322843536e+01,2.916928898790957514e-01
8.955290001042159531e+01,3.352427614684604373e-01
1.053535098651988307e+02,2.681643031086460294e-01
9.602615940392507810e+01,2.293407908598431577e-01
9.603397818985183676e+01,1.890786601617492901e-01
1.016841074542834917e+02,1.928919105398413936e-01
1.100243479965973705e+02,2.075738790244029963e-01
1.096257696132004895e+02,3.591677467537787161e-01
1.190864953600146379e+02,4.374697940431711007e-01
1.159559071200901030e+02,5.190417071373792934e-01
1.238344684242609048e+02,3.991830235013510975e-01
1.024775624548227881e+02,3.539013896896329170e-01
1.054532068536777700e+02,3.930604277448594974e-01
1.104383008664850649e+02,3.675175332465135947e-01
1.080349655476505717e+02,4.297550411907594126e-01
1.078775393946807810e+02,5.194226355080351354e-01
1.167140677741329142e+02,4.313188244470230193e-01
1.223761680629827993e+02,4.573904198459617931e-01
1.288157798625330486e+02,5.722433812810693299e-01
1.321107782320558783e+02,6.006039005743509795e-01
1.309264014242479561e+02,5.699025757330276054e-01
1.325895592678339199e+02,5.047885995808129023e-01
1.287981324012797302e+02,5.973698435641745519e-01
1.323113659168850518e+02,5.593652949783201045e-01
1.118766838154854497e+02,6.374775861894305118e-01
1.138708540308377906e+02,5.359493653565758908e-01
1.173068731912293998e+02,5.533669877880360577e-01
1.337610400547163465e+02,6.026835239584972248e-01
1.247722251428399431e+02,7.072985709769902263e-01
1.235634132214379406e+02,7.381275523849361031e-01
1.186451650697984661e+02,7.078148292297872235e-01
1.235186823783918584e+02,7.138942574698730059e-01
1.166333899296544558e+02,5.321411030670045728e-01
1.150678530671927007e+02,5.243280837155621654e-01
1.187775530945262403e+02,4.524347998223653411e-01
1.272004832212608392e+02,5.218248259951457912e-01
1.278485030948181560e+02,4.729797698733787525e-01
1.291066089300163640e+02,4.828168416364077009e-01
1.139438250244650135e+02,4.949229796291622074e-01
1.165790776048141879e+02,4.202405385530451065e-01
1.072346166190376806e+02,3.137657763767381924e-01
1.096436527326696648e+02,3.385247939228692715e-01
1.060213068166340946e+02,2.401997627375515310e-01
9.803591767284143543e+01,3.143236408510412527e-01
1.014818882473465464e+02,2.337274381264816681e-01
9.828282395784076186e+01,2.901182418550460329e-01
9.747895106221082528e+01,3.450932201143973033e-01
9.278239015087578423e+01,2.067463826787319658e-01
8.661486643950301811e+01,1.623030795132233139e-01
8.726437225873357306e+01,2.102514459779639133e-01
9.565561510974626458e+01,2.270665391500827635e-01
1.005455751100669488e+02,2.348217813408301491e-01
1.096598127514699996e+02,3.388750547651680489e-01
1.020234631578028228e+02,2.748775973947869544e-01
1.099255772104877025e+02,2.314290697236351113e-01
1.028771948814835042e+02,3.174150460674363683e-01
1.065312759510553633e+02,3.797543820546427362e-01
9.730773084803860229e+01,2.279450612410896804e-01
1.019899786241129220e+02,2.898814006096061546e-01
1.066099796210962580e+02,2.280062296686054812e-01
9.832018408778998264e+01,1.955844704984710247e-01
1.006150608177161416e+02,1.123327690412066204e-01
9.025250702083165777e+01,9.009912761049222729e-02
9.774823273306280669e+01,1.169550466302512193e-01
9.766422046536337120e+01,1.594271336460554023e-01
9.042786271725252334e+01,1.516134163034836002e-01
1.035892820677304940e+02,2.946974437945343306e-01
1.087411742056758897e+02,2.574183594336288960e-01
1.008966847769768975e+02,2.787442553598482586e-01
1.112577278081193128e+02,2.853672105919347612e-01
1.010723276452808221e+02,3.352044951532231476e-01
1.014535808548691307e+02,3.026849955877789489e-01
1.092298970664537308e+02,3.014015578037524401e-01
1.025818229929182763e+02,2.962184915391469775e-01
9.907808344356723751e+01,3.332082132147326514e-01
9.759959915341573833e+01,2.612870710972571286e-01
1.049729085246893021e+02,3.328353237217800409e-01
9.924627169657944137e+01,3.392284309954454735e-01
1.071009101626439701e+02,2.315834705297110940e-01
1.109674917186996765e+02,3.255224264663690303e-01
1.061890134371656700e+02,3.830493025399331897e-01
1.029987154859107221e+02,3.833856899771092563e-01
1.052106917756487405e+02,3.282932735969981697e-01
1.065012511558699657e+02,3.457012475378211658e-01
1.120460333178105969e+02,3.880952892268994536e-01
1.155758595000820037e+02,4.107789268458925114e-01
1.075994277050781704e+02,3.393775402738244407e-01
1.046605923010220920e+02,3.584516360771536347e-01
1.021979306927783711e+02,3.022291032356503870e-01
1.145618884485102882e+02,2.910644516931309989e-01
1.067130595144173952e+02,2.730215315273593624e-01
1.091874582372586673e+02,2.600453950659845082e-01
1.059854723521837201e+02,2.279219197230797633e-01
1.061410638391580363e+02,2.341615401417593278e-01
1.043218999575800012e+02,2.001588699934789550e-01
1.044555433246059977e+02,1.841211306092207511e-01
1.067152353739815140e+02,2.496718402359967282e-01
1.136231429571663369e+02,2.815782964872614591e-01
1.170680272606634560e+02,2.951717331552128343e-01
1.086603614100727953e+02,2.443652096440558086e-01
1.051717305816421373e+02,2.956825956223393947e-01
1.073065384616585050e+02,2.423877805122521822e-01
1.027890468437656466e+02,2.045859123565275661e-01
1.167312387235491400e+02,3.944204931155043670e-01
1.176281970417934559e+02,4.945632915265650853e-01
1.169095993995038469e+02,5.126757513561104318e-01
1.144197147149848064e+02,3.404193511009644957e-01
1.037038733878469685e+02,4.030023274919583565e-01
1.097405980745978411e+02,4.014900881102530517e-01
1.157801740409859548e+02,3.736248055386742761e-01
1.085804310622294935e+02,4.115674111644376243e-01
1.095671797047434666e+02,4.424377038078840529e-01
1.147037000839936951e+02,4.571347322457180451e-01
1.214701382808705858e+02,4.731653324621664658e-01
1.266467940578542795e+02,5.130983631211119000e-01
1.180963691845011851e+02,5.901997502310245558e-01
1.131883930951923389e+02,5.860582167399618347e-01
1.022560034829825355e+02,5.152606890691113772e-01
1.159484056427313305e+02,4.456152721506475012e-01
1.101047374464626927e+02,3.985631861226742734e-01
1.250589940397135109e+02,3.798949513402273825e-01
1.286806033340788247e+02,4.320448196470537683e-01
1.245932022483150519e+02,3.811950001502192875e-01
1.129068239411523962e+02,4.140419867620154792e-01
1.129578212983648484e+02,4.756153146390620923e-01
1.114485068823913991e+02,4.467452400091331821e-01
1.157218794254605569e+02,4.027823136909832735e-01
1.075719015161102590e+02,3.186082861401487443e-01
1.083231738601391356e+02,4.096388283012215581e-01
1.098496167650285855e+02,3.302312669817722979e-01
1.063476058349390314e+02,2.648746021369105530e-01
1.018689119277145494e+02,2.739301990406227683e-01
1.019432618411458407e+02,2.784974774676456932e-01
9.915410213756415203e+01,2.688821614997899401e-01
9.410561783360903121e+01,2.390233259435753099e-01
1.019539723136313683e+02,3.061412710591479569e-01
9.946420796525529795e+01,2.799615425592952844e-01
9.975719560908792971e+01,2.950631446597618557e-01
9.747198953883872719e+01,3.125726724514442112e-01
1.030512322722538414e+02,3.465898434686450758e-01
1.093735608888150637e+02,2.822396304504675713e-01
1.036366347478233791e+02,3.086433309106815792e-01
1.039269710532328190e+02,3.302902388829126457e-01
1.045413519605237980e+02,3.473574331658413894e-01
1.089262954129679457e+02,3.666222489019640429e-01
1.064894624802711718e+02,3.486995577385726963e-01
1.095230572837102017e+02,4.126258425272845143e-01
1.089388468394650715e+02,3.252894954790487847e-01
1.104820485546403432e+02,3.302478075874377694e-01
1.108757174165164656e+02,3.710645635232195372e-01
1.075382006526846794e+02,3.278163160923526220e-01
1.217855484902241727e+02,4.240937200178583333e-01
1.229705272048257996e+02,4.068542577036471375e-01
1.093858387386286921e+02,4.135387649786889663e-01
1.169531224334549648e+02,4.221202799759469770e-01
1.129968566171220203e+02,3.679349209574928059e-01
1.134548517377789238e+02,3.608604862404355962e-01
1.191037047198721552e+02,4.271548786059236602e-01
1.256659625977770389e+02,5.103366583826420833e-01
1.161353776820416925e+02,4.899685121112531960e-01
1.153143662744571998e+02,5.044637069024110465e-01
1.147980004443449360e+02,4.263338579142342821e-01
1.146897306465336612e+02,4.756644436727363590e-01
1.193545263316846956e+02,4.918438636401219477e-01
1.142626513229781438e+02,3.778360475552248743e-01
1.098808165666457057e+02,3.434403907850349102e-01
1.020578120035780785e+02,3.603396968849003068e-01
1.047855284733449537e+02,3.155175060600392545e-01
1.029102112962937099e+02,4.536525930101060755e-01
1.073536516240054937e+02,3.520567768914881213e-01
1.048500050565234005e+02,3.291845610033951042e-01
1.215635055256434640e+02,4.239165764749506793e-01
1.231822333444475532e+02,4.454245338469710047e-01
1.204793539552152311e+02,4.455508017551584876e-01
1.169882451995569284e+02,5.069310325079400270e-01
1.269877846983476957e+02,4.828108596099324745e-01
1.172504638127460055e+02,5.424472296249017722e-01
1.246313514073233080e+02,4.451921463484664332e-01
1.216325949946104146e+02,5.287243960896391703e-01
1.295484353680799927e+02,5.754356770593330728e-01
1.243369905993763069e+02,5.031034973692571910e-01
1.218140663357760047e+02,4.771675586419262260e-01
1.105801509666423215e+02,4.976583007119737556e-01
1.156696721360153930e+02,3.308222365520799291e-01
1.115634274989907624e+02,3.632974910602197460e-01
1.080000088721506728e+02,3.199035602753388385e-01
1.146833917573480761e+02,3.703303233370455194e-01
1.081789275515333060e+02,3.943032139362704913e-01
1.090725379453154176e+02,3.783311416507111336e-01
1.007885803670220497e+02,2.969039492610377473e-01
9.568217517143330042e+01,2.905551039586552475e-01
9.417746241697838627e+01,2.363557973021680469e-01
9.463604399946279955e+01,1.995139399491345500e-01
1.023480988161435334e+02,3.003248844509679993e-01
1.081958320991275571e+02,3.092557954564275624e-01
1.032207310362083206e+02,4.012022129234746881e-01
1.131575580083584072e+02,3.935350234329536012e-01
1.117420216857135813e+02,3.850583343967503014e-01
1.040539458287338448e+02,3.297511881333630157e-01
1.045332795115537294e+02,2.018085430379387424e-01
1.007824753125279216e+02,2.869657262973032141e-01
1.119516611491113594e+02,3.790077607226730039e-01
1.219923176682866739e+02,4.292155311556983266e-01
1.147956444236715043e+02,3.365866486793491208e-01
1.268041736260429388e+02,4.260957295233707698e-01
1.152273045147759092e+02,4.008960660522737363e-01
1.084890136019908056e+02,3.635600355461497957e-01
1.194682138226640689e+02,4.409862743766906346e-01
1.298446184963168832e+02,4.337233572393678904e-01
1.245473075444944300e+02,5.036169420638435534e-01
1.159366811816347536e+02,5.540388522974862839e-01
1.082101849514600360e+02,4.592367389965001379e-01
1.026022010435476943e+02,4.710128470742433460e-01
1.138910448953352272e+02,4.351297850184095428e-01
1.091205142801777299e+02,4.662213894497718725e-01
1.142498401901870295e+02,4.302226390895010910e-01
1.241212676633385996e+02,4.319046669382763382e-01
1.272765737955475629e+02,3.355084824835580237e-01
1.154061179562675932e+02,2.585374202810013511e-01
1.136643167680703925e+02,2.925769691846869525e-01
1.077864058829266583e+02,4.193369665888646014e-01
1.067123243626262621e+02,4.315015835395106247e-01
1.095913506514499716e+02,3.952754030786994610e-01
1.180753524153849270e+02,4.489263723772378145e-01
1.145115785129207779e+02,3.404395568625648294e-01
1.275211663864701279e+02,3.044241721069765871e-01
1.215831225413447925e+02,3.533824171277799020e-01
1.129121306330472407e+02,2.944711334516029178e-01
1.152263111100004238e+02,3.389406766786362546e-01
1.171938957636408958e+02,3.391482391762892790e-01
1.091046279356991562e+02,3.730235992904410991e-01
1.097946027582839719e+02,3.821374201203643350e-01
1.145341336253350448e+02,3.240272416093416541e-01
1.179947628227021852e+02,4.334132379673045765e-01
1.306493340116737443e+02,5.480214319439611348e-01
1.300724486969604357e+02,4.978277478566260905e-01
1.194567381028069661e+02,5.278725404217287087e-01
1.205913286381750140e+02,4.495894952755561391e-01
1.234321296480316050e+02,4.147020708830815861e-01
1.175308927287724998e+02,4.534581263722948230e-01
1.179905532037977594e+02,5.323972975841484434e-01
1.299286956219658009e+02,5.360386644104798703e-01
1.366525402262350326e+02,6.052719711868405073e-01
1.299950383244929526e+02,6.203318985519048478e-01
1.343217043907727657e+02,6.787692166748905409e-01
1.316498899029755592e+02,5.733623548602279074e-01
1.249905126732117822e+02,6.237880089946798989e-01
1.286794769309543085e+02,6.540542745071113995e-01
1.349380494567586766e+02,6.721265334319603824e-01
1.383992497697205124e+02,6.569852448848726434e-01
1.385985872804116923e+02,5.374999322560866100e-01
1.375613416251247543e+02,5.420631792541312777e-01
1.323760547763294539e+02,5.018421113962922009e-01
1.237162330425686037e+02,5.298939069627207621e-01
1.323850474440728817e+02,5.814860560245492804e-01
1.344681860838479110e+02,5.863415395017717024e-01
1.346753442444260429e+02,5.250321958989649929e-01
1.317496787842006825e+02,5.690963364135029900e-01
1.277927181334434152e+02,4.095306619790564651e-01
1.313524402708368370e+02,3.638755523925428781e-01
1.271294694080629881e+02,4.938634718320376038e-01
1.222886018795342977e+02,3.976771852215983394e-01
1.244493970589848857e+02,4.305950203846211632e-01
1.090366584495902771e+02,3.639654784861357517e-01
1.113216965461924133e+02,3.634355026903878794e-01
1.093088313320717191e+02,3.660657501424172677e-01
1.194349214842600873e+02,4.927707067190357226e-01
1.238872463090538929e+02,3.976889540803054124e-01
1.191782828279312554e+02,3.570595634586898881e-01
1.173573427515572689e+02,3.840713574302228039e-01
1.093236832731368366e+02,2.749602694314233209e-01
1.179770863723371122e+02,3.536824182847985165e-01
1.198173610928004251e+02,3.433932376306956247e-01
1.208983622703223091e+02,3.817546353100352285e-01
1.226493655683316888e+02,4.087008429090302486e-01
1.136408218502357101e+02,4.549498550787854367e-01
1.138125723851877353e+02,3.893605762510758961e-01
1.097547466326657570e+02,4.034251591011459581e-01
1.135106467531314109e+02,3.574754268869757001e-01
1.168096997037881692e+02,3.926414688372509842e-01
1.143861216709469062e+02,4.399781752645146038e-01
1.072522927705237947e+02,4.851655973643554387e-01
1.120864406653355161e+02,4.376123963287167351e-01
1.145480490605869619e+02,4.214414484257998916e-01
1.197366764874029599e+02,5.055512681427463129e-01
1.313666163226119181e+02,5.653608117083653850e-01
1.389543190249247289e+02,5.720045247232186103e-01
1.352544359554019593e+02,5.468934099476764343e-01
1.370622493617747750e+02,4.297430058548000198e-01
1.177273739192136190e+02,4.364692148674272909e-01
1.087924257663797079e+02,3.337412285194686912e-01
1.052626221903933299e+02,3.315564301633506239e-01
1.112615060009745775e+02,3.721121666709591436e-01
1.119307894845439648e+02,3.660523937741714806e-01
1.099952819680517564e+02,2.991701235003283998e-01
1.056780949489996004e+02,2.667368086141657657e-01
1.023427964474439165e+02,2.052008519837644207e-01
1.009764696154295081e+02,1.563567000148489150e-01
9.067954700407274515e+01,1.294422149376330822e-01
9.460043510206004669e+01,9.934606587105282438e-02
9.347323371206483955e+01,1.288425995895116916e-01
9.597484941727520891e+01,1.442030873715720307e-01
8.708837763768173090e+01,1.316148385832723589e-01
8.682931128614283978e+01,2.057083829262038588e-01
9.057541765546575618e+01,1.524927088168349376e-01
9.053799478705695947e+01,1.846704083100900173e-01
9.156396651872229597e+01,1.491885563139911108e-01
9.204052812035111231e+01,1.659172672237367030e-01
8.576497249466062556e+01,1.264292576787366951e-01
8.840981230331460949e+01,1.658959428532389424e-01
1.009643839362048965e+02,2.186313794555511114e-01
9.825013310424330371e+01,1.928050349544634945e-01
9.993640598473649561e+01,1.912887439588506489e-01
1.002361499927161219e+02,2.285867011731891885e-01
1.080936493651843477e+02,3.042426275970931404e-01
1.130523718836181359e+02,3.923957329979966824e-01
1.046794731344285765e+02,3.292719072510115752e-01
1.042413302940634168e+02,3.293790835165631425e-01
1.038349536321724713e+02,3.720685483293734719e-01
1.079537177447085980e+02,3.278777395215331514e-01
1.092440712568205328e+02,2.945801718974543348e-01
1.190681356897092940e+02,3.378129228635220471e-01
1.178068520290235170e+02,3.813404873559890773e-01
1.066522356865412462e+02,3.548328268582104927e-01
9.811824910223000984e+01,2.483061216478893440e-01
1.021180498130188425e+02,2.436269237262336795e-01
9.184410370852359051e+01,2.412456468531526677e-01
9.618170883819941253e+01,2.965140814874278608e-01
9.116748264492308351e+01,2.110003249035234951e-01
1.040560314432046596e+02,2.046204964976758578e-01
1.062426586509529756e+02,1.823633944284509811e-01
9.586382440270145366e+01,1.991109351610951816e-01
1.033451575510259062e+02,2.828700423186881752e-01
1.044813026272597938e+02,4.176379973334771178e-01
1.064760605465273500e+02,4.563718675655258350e-01
1.011514135710324354e+02,4.382235656205951124e-01
9.894258218919338788e+01,3.285914322317295966e-01
1.059634137643123069e+02,2.968242952058602335e-01
1.011429324901228597e+02,3.295790479368572723e-01
1.044917074177736964e+02,2.973512925105589177e-01
1.042367145018477572e+02,3.472399549846776345e-01
1.038582253941018365e+02,3.494318825050162780e-01
1.112343425237775136e+02,3.591525452608712587e-01
1.104327343197150526e+02,3.552670001597340033e-01
1.081235048806093459e+02,3.152951903917654009e-01
1.067409289009988242e+02,3.228577667135166251e-01
1.048029178174432019e+02,3.372649194527872485e-01
1.078026740423869398e+02,3.533722692708857749e-01
1.088573141827546493e+02,3.104563831131997298e-01
1.071759337692838159e+02,3.701569088774429583e-01
1.013677393277857846e+02,5.030847767144102090e-01
1.103869407963473179e+02,5.470876563212140331e-01
1.214780143606123630e+02,4.759921143231721774e-01
1.250929978028655114e+02,4.864575106545539485e-01
1.273272865373940732e+02,5.265806617014114899e-01
1.264814689225911479e+02,4.282959510610948595e-01
1.279980462901492331e+02,5.648220337171813155e-01
1.249910093923010663e+02,4.966334530226600430e-01
1.201327369500415614e+02,5.322456906459663850e-01
1.201046371016050216e+02,5.545100547921035794e-01
1.115600815958537879e+02,5.535639139383129459e-01
1.170185517877447836e+02,5.576233889469196514e-01
1.301066583733938273e+02,4.978591108974374513e-01
1.306084729697531088e+02,4.805510538180053359e-01
1.327512972164955727e+02,5.002509414545961430e-01
1.225209151678039063e+02,5.610095736435133373e-01
1.233649694304926356e+02,5.583321177704325677e-01
1.277930339019332564e+02,5.261152332448860713e-01
1.358992243428330369e+02,5.792728204128143599e-01
1.296023837322292991e+02,7.068921290833444226e-01
1.330054991773104121e+02,6.089469026031549825e-01
1.347535906914674229e+02,4.797382519327447192e-01
1.368612354170672063e+02,5.084658377132904583e-01
1.297446475706684055e+02,5.117367996687194331e-01
1.165875831267281484e+02,4.607480781729529351e-01
1.082258985024482882e+02,4.784081481249027323e-01
1.102604079879643422e+02,4.554128381293732208e-01
1.067641154498389255e+02,3.747149105809236547e-01
1.010171682805323883e+02,2.611835919772974024e-01
1.074775169047448458e+02,2.232674674203462828e-01
1.151852834680870643e+02,2.798163315148823327e-01
1.136266244290548997e+02,2.668821803394065828e-01
1.139699802083316484e+02,2.596898372946921385e-01
1.004922274071472117e+02,2.083269057740009811e-01
9.992071466553660741e+01,2.473378408737995637e-01
9.299836242292241195e+01,2.615044723681780869e-01
1.070286167396194656e+02,2.766323741322588292e-01
1.070778494794451774e+02,2.459116321046324327e-01
1.031352611037034137e+02,2.241971847663959683e-01
1.064783009405852141e+02,1.778118470808917884e-01
9.639877029796306829e+01,2.042487182633709875e-01
9.386019574503097829e+01,2.317994302547273788e-01
9.592747700802358679e+01,2.178593067657910443e-01
9.744237771969899597e+01,2.511555469787934980e-01
1.034408825733529227e+02,2.827823427798493716e-01
1.022556122692093368e+02,2.710158518826700780e-01
9.724813932447405307e+01,2.658834996051123167e-01
1.032134555474363111e+02,2.275497332067807910e-01
9.824917960540112460e+01,3.336015888821651232e-01
1.092296921304850486e+02,3.516506968851163539e-01
1.138098184731453841e+02,2.914715049980698969e-01
1.171038881541025489e+02,3.027990761359756200e-01
1.075306509332622511e+02,3.302730057630535176e-01
1.200323813832646067e+02,4.794514765037566906e-01
1.153844204173165480e+02,5.173053090090290462e-01
1.154131397792947666e+02,4.112252778180594537e-01
1.178283650213534912e+02,4.396590618501793335e-01
1.150166115350340448e+02,4.561702743574530539e-01
1.223721107980723701e+02,5.728512733609913976e-01
1.096499860265123374e+02,5.024988133059659079e-01
1.097570875424034966e+02,4.310860608066841015e-01
1.108614207424044764e+02,4.722880465469537214e-01
1.148569546098409120e+02,5.107952734858303145e-01
1.150246435181774416e+02,5.264568394571892407e-01
1.122303887787312391e+02,5.332341545660256310e-01
1.283144767913456690e+02,5.817832939826445005e-01
1.243428844776888695e+02,6.053052463983185083e-01
1.261060792335549223e+02,6.463601188090561944e-01
1.195171031918223008e+02,4.917512035403107662e-01
1.238197949601798200e+02,5.764677274593910106e-01
1.226171236771879620e+02,4.989856877979380601e-01
1.187660219029977355e+02,4.281635031459389840e-01
1.305298215282485330e+02,4.583510080608428350e-01
1.324529165851784285e+02,6.062728822937885065e-01
1.281782400087848828e+02,4.988299508870683852e-01
1.277129382877293438e+02,4.650462250132358921e-01
1.289955586730982873e+02,5.026141231945290277e-01
1.224176064723877744e+02,4.165007034277422027e-01
1.108921234487057177e+02,3.945950697527136342e-01
1.157656152610746574e+02,3.463135495817231124e-01
1.078214991132531537e+02,3.715716245627739278e-01
9.832946344511837822e+01,3.107601551886876035e-01
9.989622354945484517e+01,3.192332996997851446e-01
1.085860179060380091e+02,4.239367286448488259e-01
1.035052139764209613e+02,3.083068267013084340e-01
1.074628841884254342e+02,3.943840937131730673e-01
1.054204109827714859e+02,3.116529198694051872e-01
9.788052526585669000e+01,3.480054426580020399e-01
1.021685605459626061e+02,2.254077692512563014e-01
1.112076907403586858e+02,3.284565509596359401e-01
1.225185269497795701e+02,4.130896780028935900e-01
1.316788462633695929e+02,5.422030865323901327e-01
1.299183266013699836e+02,5.573295030629753510e-01
1.228598377036091307e+02,5.598729074160347929e-01
1.159793265578588546e+02,5.077446102274659756e-01
1.203439433237297180e+02,5.682033497000376077e-01
1.067840247180339901e+02,5.456665963849570700e-01
1.134239250619363304e+02,4.863098612298747958e-01
1.163629173704698161e+02,4.672774513343605496e-01
1.098085064357417764e+02,3.689387121145475956e-01
1.146691730734322903e+02,3.118306434277844374e-01
1.057681634353747171e+02,3.803113845540952997e-01
1.078997031843406234e+02,4.211529326431621700e-01
1.034769933949484511e+02,3.890200902422310536e-01
1.231834309939653309e+02,3.419506530911066711e-01
1.254643153724641707e+02,3.205799998712854926e-01
1.244091931068745822e+02,3.196760072844327949e-01
1.180784252024123901e+02,3.909053326203489331e-01
1.070963870983038078e+02,3.401075738481736388e-01
1.111575875551553167e+02,3.781007711634756796e-01
1.090210571919539291e+02,3.649487393643707778e-01
1.038892825554028576e+02,3.200547698484153547e-01
1.070326720980191055e+02,2.941592168584494238e-01
1.134727805128761418e+02,3.636992996760717300e-01
1.074940310426846679e+02,4.165611590971897704e-01
9.675995263228263354e+01,3.085949767287582413e-01
1.043394952859069207e+02,2.525755877892636447e-01
9.888867597964404865e+01,1.907432489917643692e-01
9.400999966679499664e+01,1.834201378657372983e-01
9.344118637712344366e+01,1.872812757311859977e-01
9.044412943694827334e+01,1.879525728103344784e-01
9.846051366081282197e+01,1.627563483694784985e-01
1.024927382452590479e+02,1.121803612860680366e-01
1.019995061174669218e+02,2.334182666372982273e-01
9.870608697238940010e+01,2.445040242671761566e-01
1.015707186405552704e+02,2.585788595564220138e-01
1.008921040768289998e+02,3.550849881787626616e-01
1.243787798812844017e+02,4.188113146575911383e-01
1.186136955417690899e+02,4.272463076122077763e-01
1.155341028112451056e+02,4.505297798709415047e-01
1.077202155166382909e+02,4.743491778020421656e-01
1.134052452273576819e+02,3.361895921880507787e-01
1.226807932603700522e+02,4.750872520707918323e-01
1.178655458462778256e+02,4.892247745728431907e-01
1.262425038746832087e+02,4.117119933588691549e-01
1.253036006116807073e+02,4.773757331306873741e-01
1.225531609911880366e+02,4.704044285081714349e-01
1.199918873819245704e+02,4.889025595774916799e-01
1.184320846912885230e+02,6.897347307757688561e-01
1.276063984763118384e+02,6.686738386101728215e-01
1.394061359194575971e+02,7.139128998837538376e-01
1.283890962223188410e+02,6.702233398988552970e-01
1.301141945981674439e+02,5.992217078427107824e-01
1.216358870222086921e+02,6.055994422259395327e-01
1.260389558267984853e+02,5.250260350752342653e-01
1.258651540382767848e+02,6.456686898171081213e-01
1.268604693308455751e+02,5.166195026101151333e-01
1.233732359233297160e+02,5.291519677900532459e-01
1.091564135589465252e+02,5.489701864468778947e-01
1.170723241638755496e+02,6.119001454093395687e-01
1.130273676231250448e+02,6.418215796842066112e-01
1.110243484691561378e+02,5.644391802530661639e-01
1.204826344948003367e+02,5.984253310957861061e-01
1.194948947261407000e+02,5.062348004626603393e-01
1.206544826370084991e+02,4.891773075384807656e-01
1.109219047903321496e+02,4.080122327012999373e-01
1.184345485262450666e+02,4.582353257100098554e-01
1.168455952112177982e+02,3.601421185134685565e-01
1.128873056755239475e+02,4.480733768088305258e-01
1.146005795525384627e+02,4.187459223547394527e-01
1.129977866712767280e+02,4.678033522738808125e-01
1.117149323763619009e+02,3.864917960872355507e-01
1.056747804674409679e+02,3.317728797024791509e-01
1.119901188486997370e+02,4.217102998603369235e-01
1.099569532656238238e+02,4.074053338367626953e-01
1.122439556482582361e+02,4.482137154864658801e-01
1.298449460329386227e+02,4.381305233747185834e-01
1.287541289307295358e+02,4.193314192323654432e-01
1.212869604650358895e+02,3.518680792042648275e-01
1.183087958406068338e+02,3.845271569042423843e-01
1.159728486124270006e+02,3.991142238189071545e-01
1.171899524224769777e+02,3.859741885524644589e-01
1.038989869727495119e+02,2.951857313008278139e-01
1.111069466911912542e+02,3.104731138532514922e-01
1.079922444908242483e+02,3.529692207691095818e-01
1.030364277520290273e+02,3.974617604157894557e-01
1.182656628230356404e+02,4.644217679775459184e-01
1.111186549982382701e+02,4.459233647216185314e-01
1.120105927491375013e+02,4.598593174351101598e-01
1.144468070955043544e+02,4.559739397934843286e-01
1.130362720344951839e+02,4.621323218760244322e-01
1.183322123628069278e+02,4.570272428900875594e-01
1.196933622702933491e+02,5.288297091884212042e-01
1.241949919084005813e+02,5.384459576939656378e-01
1.316154947857455966e+02,4.746318089299443876e-01
1.221879828586666576e+02,4.733270916101159353e-01
1.135799802898707753e+02,5.254081609737959457e-01
1.143451070309752424e+02,4.827686303149798519e-01
1.094022136515492605e+02,3.571875754879519915e-01
1.167848308680134437e+02,4.075401932942895877e-01
1.135668413844976357e+02,4.749670248437604658e-01
1.185980229548525102e+02,4.526435311639296355e-01
1.135665921369179614e+02,3.915194840584650393e-01
1.102529497944549490e+02,3.885861185024208631e-01
1.125543117911389430e+02,3.300517230845336214e-01
1.066901851663651115e+02,2.136860800107634184e-01
1.114490059251403693e+02,3.250699869513420381e-01
1.027680365109373213e+02,3.189332356996940065e-01
1.070340296836369731e+02,3.441438879183472133e-01
1.063426370889446417e+02,3.123358409184309181e-01
9.939163023403824582e+01,2.939499204491017315e-01
1.092325629179118636e+02,3.428941733640206158e-01
1.089342710866625055e+02,3.179522007530038996e-01
1.156363722746785925e+02,3.137022684870734990e-01
1.183556019098082146e+02,3.644122355333949681e-01
1.231157128238762084e+02,4.125098299288867953e-01
1.124319804028290548e+02,5.189148445386346786e-01
1.137119608915119926e+02,5.936840385133947962e-01
1.175120178090489560e+02,6.064784020232062423e-01
1.251729218948637623e+02,5.444814793126785402e-01
1.288716603245125327e+02,6.098862891139912312e-01
1.223795916455008381e+02,5.347229959618196027e-01
1.387876165910982991e+02,5.517871119645958444e-01
1.342627302867905144e+02,5.015028514193080600e-01
1.332930851126355094e+02,4.060543567060946879e-01
1.237921767948466965e+02,4.732456403792604238e-01
1.230298213291149949e+02,5.366441917937067041e-01
1.289714769929454974e+02,6.107832790690211899e-01
1.283930489846126761e+02,5.801065020437934372e-01
1.273526659758864810e+02,5.792104388842918006e-01
1.328628186325372553e+02,6.514185925861600834e-01
1.223936806152455432e+02,5.195813303370458991e-01
1.196790158040131189e+02,5.124421753631439591e-01
1.161359254796115152e+02,5.852371490103048801e-01
1.128133349172654931e+02,5.167849014007304120e-01
1.108159814407727595e+02,6.325313090474016242e-01
1.266022934744080715e+02,5.553484676070509218e-01
1.257756273872711859e+02,5.300554739964413731e-01
1.322378069534320559e+02,4.444912018711409951e-01
1.333731676431810911e+02,5.609350151840041265e-01
1.233703260119850000e+02,5.295444846494666846e-01
1.150720809723476492e+02,5.267511841019492103e-01
1.151107418848047246e+02,6.485264346285758430e-01
1.217102422002350579e+02,6.238842707910011720e-01
1.196530705532805854e+02,5.410188474492683142e-01
1.191680262635709227e+02,5.515967491051486649e-01
1.071792273152535699e+02,4.365626986242946428e-01
1.095685031894754360e+02,3.344081282010515355e-01
1.104435705005357988e+02,4.389121045504997820e-01
1.058970843696760085e+02,4.322615246540239542e-01
1.091864685664646402e+02,4.639167734973204671e-01
1.133856197440097446e+02,4.840073014203349899e-01
1.160659198661553262e+02,5.475335794872511208e-01
1.235157100575357987e+02,4.807521952037865365e-01
1.229203382756606970e+02,4.767514455598312884e-01
1.163649641843924769e+02,3.624815291988241484e-01
1.138126336344876819e+02,3.396555294338866604e-01
1.057753548012060776e+02,2.741532883564273271e-01
1.085056697336038951e+02,2.674556363734938436e-01
1.084173107198604527e+02,2.288041639760556023e-01
1.039817052837397995e+02,3.789814927885586937e-01
1.032554347846060097e+02,3.090417077728073170e-01
1.152972677910548214e+02,4.192994850151804953e-01
1.237354089398291563e+02,3.972420896557061765e-01
1.142790980106580463e+02,3.172163853913759768e-01
1.150337128791783812e+02,3.276330465229927436e-01
1.052601002098485026e+02,3.069562660338088222e-01
1.086013449913345994e+02,3.794439967722924023e-01
1.081297629239562212e+02,3.394618833644225675e-01
1.129200203294088851e+02,4.567502776583785007e-01
1.232051374741806313e+02,5.067676068645634579e-01
1.166063386338512800e+02,4.669863075580846234e-01
1.228895580107871126e+02,5.617970543338353107e-01
1.148955381577597024e+02,5.373371693786387349e-01
1.077460525007341232e+02,4.972234528360385819e-01
1.061169445848082660e+02,4.496636997545449543e-01
1.093207421690187147e+02,5.109213956987179728e-01
1.199261007022106611e+02,4.202121744184324492e-01
1.078147903657378492e+02,4.531373577824245324e-01
1.123656709128913178e+02,4.236540381450172865e-01
1.166931997397094136e+02,5.047970930071246087e-01
1.239604063690538567e+02,4.902458324259590938e-01
1.209100779036818523e+02,3.936798128171392075e-01
1.139352728720314332e+02,4.183313198724774029e-01
1.074322704490397626e+02,4.208561780300215660e-01
1.200600542749811979e+02,3.213952055252282669e-01
1.170132374593335811e+02,3.216908227954594635e-01
1.056075024844452059e+02,2.974651679345257094e-01
1.111373916302581222e+02,3.160924852255030948e-01
1.165183131596446628e+02,3.573252159875491829e-01
1.137329536662897311e+02,3.333121150554406165e-01
1.104903011783473090e+02,3.461532470042467668e-01
1.072477514808040979e+02,3.390293655605243206e-01
1.045291956025897946e+02,3.606420083688907097e-01
1.090325949242770776e+02,3.559507731057949265e-01
1.103792732402690149e+02,3.633239856530171563e-01
1.120463559690938666e+02,4.064772567584875040e-01
1.025039417910357855e+02,3.713336347071050092e-01
9.547354961514817262e+01,3.129537770009088171e-01
9.544910021657588572e+01,1.891520641496125532e-01
9.393769182557373654e+01,2.147217737855743602e-01
8.635025015586474240e+01,1.850695811904320143e-01
8.725898958702198627e+01,3.252664610354460972e-02
8.976961957525466573e+01,4.036074522447281182e-02
8.619454215177357526e+01,2.564445865213750217e-02
8.313589916711492833e+01,1.432372340317830395e-01
9.482951422668375585e+01,7.837954139511765783e-02
9.212926085327841008e+01,1.823399018014185136e-01
9.632402059698338803e+01,2.073391301480198012e-01
9.884054038136005715e+01,2.198099630852821673e-01
1.050177847670289424e+02,2.581168138303023829e-01
8.974222139192299608e+01,2.330116899587709456e-01
9.751742553579649098e+01,2.807933281869143261e-01
1.060923095778082086e+02,2.847242337888273855e-01
1.054208584292209707e+02,2.305368063858628802e-01
9.986324793252745735e+01,2.172822445540367187e-01
1.040619543371982161e+02,3.094622678661631543e-01
1.089326612095141797e+02,3.024611297773207030e-01
1.167364759044280902e+02,3.239512323840189056e-01
1.128321733381005743e+02,3.991413482231043752e-01
1.158524452834776355e+02,4.428984496055777820e-01
1.151820565155739615e+02,4.360281105886585351e-01
1.173164630609902730e+02,5.114274569484015265e-01
1.222564765059044447e+02,3.902816591412320291e-01
1.224788741805482601e+02,4.160891017142867021e-01
1.211021791021603775e+02,3.500914088749703668e-01
1.205270535713770101e+02,3.547662160085003902e-01
1.115089607031728889e+02,4.621169479256511670e-01
1.178463102007413852e+02,5.015859788028346200e-01
1.181792802933091195e+02,3.941154836590209376e-01
1.153995314463571873e+02,4.087666514925416550e-01
1.065944136064420746e+02,4.168033702106939686e-01
1.111280449499721925e+02,3.691282385723201886e-01
1.160389519850782847e+02,4.004243654520430740e-01
1.270640292811676773e+02,4.856223161321361337e-01
1.304965069981300587e+02,5.654459748739348868e-01
1.299192510430638379e+02,5.414336547275097056e-01
1.169555772315827795e+02,5.241613971903221758e-01
1.334019081836903240e+02,5.519411516024533837e-01
1.268652679777403449e+02,6.513263127054967905e-01
1.277581065252460917e+02,6.543168806132368953e-01
1.334269453676005526e+02,6.274396520440458369e-01
1.254100045954470062e+02,5.357639377547718240e-01
1.181178452087698219e+02,4.539173529977382771e-01
1.174303647547961873e+02,4.685386561147814599e-01
1.199265503162134507e+02,4.941622991813471866e-01
1.167137215185343280e+02,4.834650504683072891e-01
1.153886539645213816e+02,3.890474872574097853e-01
9.829747765574569485e+01,3.742934383169258528e-01
9.589546580328394043e+01,2.975243027488011505e-01
9.896513605549517933e+01,3.003198271706195022e-01
9.382237107849562108e+01,4.138629721357833802e-01
1.023564317675350566e+02,3.087823921086033097e-01
1.033375453233586683e+02,3.471269405691010390e-01
1.126576923382929607e+02,4.035308994988590636e-01
1.182184017065243324e+02,4.001300622909458871e-01
1.064680660523741267e+02,3.567748981764430338e-01
1.141662378694743722e+02,4.255821862156280999e-01
1.220271620570873665e+02,4.787011035793743430e-01
1.212984571584776745e+02,4.920284192782617416e-01
1.192279334719288499e+02,4.736737618873580469e-01
1.184069454412124571e+02,3.947467543394118650e-01
1.205436211329697613e+02,4.732963727167211476e-01
1.271356511076204612e+02,5.022871322526034632e-01
1.104025308155476495e+02,3.997192047120715075e-01
1.052664742515189999e+02,4.563331269517364452e-01
1.212730683885633596e+02,5.102056166363494460e-01
1.153305692677618168e+02,3.975518102551178212e-01
1.194108052664291080e+02,3.759087204745284461e-01
1.131345057718248199e+02,4.212288105871425103e-01
1.152116341896458636e+02,3.795972853923805790e-01
1.145894670767649899e+02,3.962444030940935336e-01
1.131510340352919428e+02,4.655162077962684553e-01
1.025681988197148087e+02,3.483558091697180892e-01
1.016828825868071249e+02,2.996333074908196781e-01
1.166732489615397270e+02,3.762528579175680732e-01
1.104650675301523393e+02,4.316757926700658943e-01
1.024120845343012860e+02,3.767105393541581582e-01
1.037112347262448679e+02,3.379503747082732712e-01
1.071691820203172654e+02,3.167928682219037229e-01
1.037532027313320384e+02,2.881095927049671657e-01
1.014314294741492972e+02,3.067922569233090813e-01
1.098537561604002235e+02,3.306325089006361684e-01
1.106319037522107180e+02,2.805042103846132617e-01
9.526125823336028020e+01,2.632649887284432277e-01
9.853185055062543540e+01,2.749210608747215123e-01
1.003681181481667153e+02,2.420828354487608580e-01
1.008522140437577406e+02,2.426254098970737627e-01
9.866687476932426648e+01,2.870408918969137302e-01
1.020888664530970402e+02,2.288408513810691602e-01
9.949879368347490072e+01,2.620398394450644819e-01
1.062056500504761516e+02,2.431491755956384226e-01
1.016976992586489956e+02,3.367311831184011672e-01
1.027547542280995003e+02,3.119310367148050434e-01
1.091014717466448047e+02,3.520107282173787211e-01
1.033045359881174647e+02,4.225747862711616842e-01
1.088902325279806149e+02,4.495420356019256825e-01
1.126451183785435859e+02,4.611094218618243534e-01
1.085667737367351862e+02,3.033229635213151032e-01
1.164084715607591676e+02,3.825377657341019200e-01
1.119344033150486837e+02,4.280403935829786843e-01
9.945566512202952936e+01,3.655217698964641770e-01
1.055722659750846191e+02,3.781039107084458450e-01
1.052358707936890738e+02,2.536302913061743158e-01
1.067182156742957062e+02,3.285534648154926907e-01
9.939208849857580219e+01,2.554045991024163076e-01
1.015124085045201952e+02,2.969426603101747442e-01
1.085941047108916706e+02,3.191829322950220926e-01
1.134100191581602388e+02,3.960580709926350695e-01
1.113868298523539409e+02,4.016414990194991930e-01
1.151150425064426344e+02,4.592011229468088707e-01
1.084837498536635252e+02,3.539724618648159016e-01
1.153494967252056256e+02,4.334868004797374219e-01
1.212241983319225369e+02,4.192816995219231235e-01
1.306077886017735352e+02,4.897078614247158401e-01
1.314755915763973633e+02,4.464157306777433720e-01
1.295213083846502684e+02,5.749777570171005214e-01
1.241399370808915847e+02,5.428777016219343832e-01
1.177251314046321937e+02,4.323557742723856956e-01
1.146416479681492007e+02,5.043974597161851037e-01
1.118685114644607808e+02,5.240403504080340946e-01
1.194106410158818079e+02,5.007394310466277698e-01
1.117076724560830456e+02,4.615660219461068525e-01
1.197412893264070703e+02,4.317453313730219566e-01
1.156396858301559405e+02,4.262637912559326114e-01
1.184246231912458853e+02,4.370834332002776490e-01
1.176766383741789355e+02,2.867528198723624522e-01
1.245700653958961084e+02,3.892092473139543984e-01
1.217487388938225052e+02,3.513942597923114253e-01
1.239518699216806965e+02,3.351264132039882826e-01
1.222391943243196124e+02,4.474706618888188991e-01
1.165756060694471330e+02,3.677538344008159932e-01
1.051571575208843541e+02,3.514858165764811471e-01
1.084419948079719660e+02,2.773741609814004971e-01
1.078331986569074701e+02,3.640251168662583803e-01
1.130478684236490210e+02,4.203352159855505699e-01
1.076796009245118597e+02,3.589717052211044979e-01
9.775182765672130358e+01,2.436271818547939283e-01
9.812909281014528062e+01,3.203753745747847104e-01
1.068715488875220245e+02,3.177913809762215047e-01
1.112463705361275146e+02,3.220192277826693372e-01
1.088309949873960250e+02,4.195069912147437741e-01
1.113440144173546287e+02,5.090632398139179893e-01
1.226456670082831693e+02,5.400644791075418505e-01
1.212952313231524073e+02,4.101633328167146320e-01
1.179004565591437625e+02,4.546292653542692297e-01
1.043657665040207405e+02,3.944976429733266232e-01
1.017221157606021649e+02,2.922509463453240031e-01
1.084580966231135619e+02,3.277944702161711965e-01
1.178338941516919078e+02,4.736021522789268801e-01
1.115876845987669839e+02,4.161454905379016744e-01
1.204473078319348645e+02,3.793529510360859058e-01
1.313584559211007274e+02,4.224825156457615583e-01
1.208542065337445166e+02,4.256966098906592721e-01
1.178864371047679640e+02,4.129282143254199844e-01
1.229554630309273193e+02,4.472395338449944302e-01
1.160992860249191381e+02,3.859464122144994347e-01
1.180457807940092323e+02,5.592371662226547357e-01
1.172297937545944251e+02,4.612255395040446571e-01
1.077818955445375622e+02,4.451190331402840039e-01
1.060654220024318022e+02,5.023648215080372958e-01
1.150401333625929681e+02,4.804029487123859798e-01
1.165106650668409713e+02,4.232319719855248685e-01
1.133301083049788218e+02,4.786046419491892245e-01
1.062404293211956912e+02,4.110238782018180714e-01
1.167213071990420588e+02,4.722058317233690516e-01
1.144306686498324410e+02,4.943804165461078148e-01
1.118263944760667243e+02,4.269335702884058392e-01
1.061543714277933219e+02,2.873601170774910396e-01
1.069398736151302955e+02,2.306266070785577549e-01
1.029297870594377144e+02,2.164698389283448710e-01
9.972169883883334762e+01,1.752802049278900931e-01
1.027990626315071836e+02,2.921920978334784924e-01
1.028512002319353940e+02,3.433504290655724489e-01
1.062868694340769764e+02,3.290798641874110309e-01
9.941614018159120292e+01,2.961207114198171619e-01
1.006918123186131737e+02,3.123779745382004869e-01
1.066569457816288491e+02,3.627943167887127118e-01
1.056030748131696129e+02,3.746695323014462842e-01
1.122999410537794773e+02,3.988453685810845473e-01
1.020772546867051460e+02,3.851223972725736910e-01
1.105962967382649822e+02,3.849548347794868874e-01
1.124033041175826497e+02,3.478745731369321526e-01
1.154507165455119093e+02,3.291569017589824342e-01
1.202542876549852338e+02,3.673909752338800350e-01
1.164812733419689010e+02,5.875927003822586370e-01
1.227635647088278574e+02,6.075459882894397312e-01
1.198781140673217038e+02,6.290029195086541680e-01
1.245544907791782236e+02,6.414912488499260323e-01
1.264169551299845295e+02,5.948653511252125492e-01
1.139400557195032917e+02,5.618539823354301577e-01
1.122120636675149825e+02,6.049655797083544062e-01
1.156271768960485815e+02,5.090775737797640366e-01
1.221772985842107175e+02,5.606543969019192053e-01
1.239671983480774884e+02,5.672343574097813423e-01
1.108600591922624972e+02,5.422680215509415591e-01
1.209738291707024729e+02,5.365766277760317671e-01
1.170226157792682642e+02,4.773019653605444779e-01
1.083268850551909566e+02,3.879517985564731042e-01
1.116319947203366212e+02,4.793469874534119768e-01
1.134664611472985456e+02,4.390500019439822488e-01
1.134983033664983054e+02,5.039520275241443636e-01
1.067547004077704855e+02,3.674321806126878975e-01
1.028913965126775167e+02,2.469296721526403060e-01
9.510418308458899617e+01,2.702601931103389976e-01
1.007324135085297598e+02,2.211913209827908455e-01
9.588022500077833854e+01,2.166638022720614454e-01
1.001244695473614286e+02,2.516393490845040271e-01
9.920446954189146993e+01,2.220364282853731774e-01
1.052924337368816481e+02,2.457061681115587093e-01
9.887547579793529451e+01,3.155192580398392121e-01
9.675479461710682472e+01,2.169977579207331697e-01
8.795541001496417266e+01,2.107012189255225709e-01
9.529425970031822146e+01,2.268140212805001832e-01
9.656666436677582510e+01,2.440437318846195303e-01
1.018541415780265424e+02,3.377029900386507855e-01
9.905021349227295957e+01,2.465958654892441149e-01
1.085546790684459353e+02,3.505156580414707790e-01
1.083964897565481635e+02,3.268390862009325493e-01
1.063826867183920655e+02,3.145511301341775146e-01
9.644872458237139767e+01,3.064399401583116078e-01
9.728659051825619031e+01,3.347362898698845735e-01
1.104563243694041432e+02,4.394072060488151132e-01
1.086744588524696553e+02,4.105297749900263526e-01
1.145072685657411000e+02,3.008627683626708404e-01
1.178211029177595748e+02,3.164988748912151428e-01
1.215987149274964878e+02,4.867680385269850807e-01
1.114350123142489366e+02,5.186808067175334713e-01
1.124732606644411561e+02,5.137698255866689490e-01
1.179687309266482060e+02,4.952208961303372070e-01
1.191577738673639573e+02,4.717607650625702531e-01
1.268682031115788078e+02,6.869471195921027507e-01
1.296838028379696368e+02,6.186890922300435358e-01
1.257041474210308110e+02,5.786460696195400155e-01
1.146114299830534975e+02,5.246444446742126733e-01
1.150417907534427968e+02,5.012717309355502193e-01
1.138029067784446795e+02,3.716457243042012304e-01
1.208374374768458921e+02,4.153262033234339512e-01
1.348408141646085880e+02,4.290887316285336706e-01
1.390724013990230219e+02,4.498816656039144601e-01
1.402933624152573771e+02,4.671206537369329559e-01
1.353741122485928088e+02,5.217899557273212308e-01
1.273620945891187546e+02,5.221767672020040107e-01
1.273620945891187546e+02,5.221767672020040107e-01
1.330097140207573148e+02,5.305196189048571043e-01
1.254970642198576627e+02,6.193732927351141004e-01
1.281071787100084407e+02,5.299342019672361737e-01
1.246415255440133905e+02,6.094381608772031500e-01
1.220890478070934506e+02,6.575385007143502714e-01
1.216806036527400181e+02,5.507871484382328431e-01
1.238635722568356954e+02,3.954932627138094126e-01
1.192196190327625089e+02,4.450936132954147473e-01
1.110649601274247971e+02,4.268147906841446293e-01
1.170429802676517568e+02,4.800107434510100246e-01
1.212749364128898293e+02,4.891432860333704280e-01
1.188030188718765316e+02,5.935817529848292917e-01
1.178747737831550921e+02,5.753161598078389005e-01
1.140537428448259334e+02,4.769713661663199100e-01
1.264950424021215696e+02,4.694443415780638618e-01
1.165776332287505426e+02,5.501900593004210860e-01
1.231326579425007139e+02,4.411017327136573241e-01
1.188683226300608453e+02,4.917945428297547661e-01
1.176057514029368747e+02,4.131134071008866204e-01
1.214278177790908302e+02,3.935844944376870602e-01
1.223602378545852076e+02,4.164083858630218682e-01
1.240524410630511625e+02,4.263042305907748797e-01
1.175650531764695899e+02,4.527273773194300244e-01
1.168384698348131820e+02,3.535904112873914373e-01
1.125948169101763767e+02,2.589409294189331523e-01
9.905719929935887080e+01,3.051771200940919249e-01
1.084108026761648915e+02,2.618391445846701693e-01
9.286950381765254292e+01,2.157539727281911623e-01
1.027136774818600173e+02,1.803373844826113848e-01
1.051172010330911064e+02,2.231928803235290193e-01
1.002280283018314151e+02,2.147931355449805291e-01
9.363192105452306180e+01,2.687573795605092686e-01
9.422457955372885863e+01,2.402536973076788152e-01
9.974037460386128373e+01,2.046118323386101889e-01
1.042039244439404939e+02,1.343309968717524838e-01
1.047618953178039050e+02,1.146809859935531001e-01
9.025824215811246631e+01,9.369370763060265450e-02
8.751456823036981802e+01,1.500179756638576611e-01
8.853905284740494608e+01,2.262958631021688982e-01
9.454691303223378895e+01,2.106690623517858962e-01
1.005322783949648198e+02,2.577832441568955191e-01
1.045182058814962716e+02,2.915934201169802509e-01
1.039987975350403389e+02,2.827151658065072404e-01
1.160733978312462398e+02,2.573375952468587857e-01
1.230623330118469170e+02,3.658874468861166851e-01
1.156089072359076653e+02,4.724962763946367050e-01
1.180087873498613646e+02,4.912603857713596645e-01
1.194777869331971516e+02,5.111751882366842858e-01
1.149275035030371157e+02,4.075989919891090940e-01
9.780407201186423549e+01,3.555094293011307194e-01
1.039529446983420513e+02,2.652111478311697246e-01
1.015570590782100311e+02,3.274275919517958822e-01
9.667573559488151602e+01,3.339767684915748158e-01
9.180691480105438984e+01,3.006177725061501271e-01
9.364718644005453996e+01,3.117009469381848419e-01
8.558822180568623139e+01,1.630726969169222496e-01
8.791227773875031914e+01,1.626963582393984309e-01
8.183971805855465220e+01,5.550267943660053271e-02
9.242924733744061427e+01,1.006152243003077817e-01
9.874981175425268987e+01,1.196720838692580391e-01
9.706939329054627308e+01,1.717133645453122748e-01
9.429801042912527009e+01,2.169324964588301707e-01
1.050169284009784576e+02,3.525075949391944241e-01
1.038386777131457848e+02,3.936218107276729938e-01
1.056771720123819165e+02,4.007836017908505410e-01
1.083357450296866773e+02,3.369292530498478877e-01
1.158428681206339945e+02,2.908810638317394504e-01
1.153903556900828420e+02,3.515271237607301980e-01
1.189984667759984234e+02,3.294118355038121448e-01
1.160042031790195551e+02,3.768430285159189985e-01
1.155209699560866170e+02,3.512329013474260742e-01
1.130309428418210302e+02,3.605173817203987108e-01
1.160766827573609703e+02,4.700940091864347914e-01
1.258890425674383948e+02,4.695803657966002853e-01
1.309411825972341319e+02,5.393212436178774771e-01
1.321504737973230590e+02,5.377315402321133364e-01
1.255256820257967121e+02,5.508720020035713372e-01
1.318039729319899891e+02,5.169794995074277200e-01
1.290890014195378797e+02,5.074829287479247775e-01
1.338080019298117804e+02,5.213069901851975496e-01
1.315519223965291360e+02,5.677494781146440461e-01
1.405841458054566431e+02,5.035813796480176352e-01
1.215140975618687520e+02,4.532905502886610538e-01
1.129134572470255193e+02,3.620183588085850168e-01
1.082770547257664475e+02,4.122510327035600608e-01
1.071898574126885251e+02,4.197313609166095083e-01
1.086858854484218284e+02,4.622402019282936259e-01
1.061619139671004177e+02,4.432718133624746759e-01
1.177121956005711638e+02,2.998685997352886212e-01
1.157336257030644475e+02,4.814082587977887018e-01
1.104927174258445604e+02,3.688969877107949880e-01
1.054391628117838735e+02,3.896053087073546584e-01
1.141452221255561028e+02,4.658843800211242003e-01
1.110249902688869810e+02,3.262762406621507183e-01
1.143087143910619403e+02,3.180943691419882424e-01
1.134012573885722190e+02,3.293312205256988534e-01
1.126509373490927857e+02,3.069035541819264412e-01
1.153016586515373376e+02,4.368633686447018216e-01
1.111640180553311836e+02,4.028308480453816065e-01
1.017884004372850058e+02,3.295155360798047162e-01
1.038429605840597105e+02,2.837855699904284767e-01
1.159720501418012475e+02,2.990283453301889605e-01
1.088873891062538490e+02,3.850914120302134092e-01
1.104514771014130616e+02,3.492875912447271913e-01
1.057676413322334241e+02,4.144556164389067154e-01
1.186581911145020314e+02,4.163429745582207242e-01
1.127269197764186259e+02,4.778681605075402183e-01
1.084438137132606386e+02,5.077631873081170921e-01
9.878552026495661664e+01,4.663866916498412563e-01
9.297371851904782147e+01,4.548297732984601383e-01
9.122401691878299346e+01,3.501139692960330563e-01
9.065888278332552375e+01,3.149027887434460715e-01
9.694172490091753502e+01,2.104644003508740757e-01
1.047722869596111650e+02,3.104646941074565847e-01
1.024313863659565698e+02,3.001017873359747012e-01
1.012806417509412427e+02,2.936129011688208279e-01
1.078612087897518279e+02,1.877785359370950924e-01
1.033085536108222016e+02,1.673101433643795766e-01
1.073429926735767737e+02,2.002645639025817936e-01
9.864229989783042640e+01,2.006265307410298460e-01
9.754421856812655278e+01,2.007651675351676823e-01
9.526964286867897158e+01,2.205724486592842704e-01
9.861535447429108103e+01,3.326296181265760432e-01
9.861685102140012305e+01,2.888333481850524076e-01
1.151766499607566629e+02,3.713722875213038566e-01
1.221428952456381722e+02,4.364133503811692960e-01
1.115595944900610164e+02,4.497825503558689486e-01
1.168527067527885492e+02,4.938201262561395244e-01
1.271403710248221870e+02,5.365018003703914129e-01
1.229116710013541649e+02,5.697586295226838571e-01
1.157913726930931091e+02,4.942471191996668511e-01
1.159127755518481138e+02,4.199016432384983233e-01
1.132598541425340386e+02,4.890969433300995650e-01
1.139194841349332137e+02,4.894850871329638475e-01
1.100204307579138572e+02,4.617006614312500479e-01
1.035848751794545706e+02,3.555702213256861643e-01
1.112631079381143735e+02,3.986506955131965957e-01
1.133197927384400714e+02,4.302517474427186572e-01
1.078731290580612665e+02,3.119381878330966806e-01
1.037791501898616957e+02,2.955778768024859282e-01
1.027797491566661279e+02,3.944326598440826004e-01
1.007917780221469002e+02,2.442285178290500014e-01
1.031262802187711571e+02,3.258929982331014163e-01
1.043163518272443042e+02,2.552207036028298903e-01
1.005360987761260958e+02,2.258524554462083556e-01
9.583194781293309461e+01,2.870328425635165215e-01
1.031053419123687149e+02,2.442800025029138733e-01
1.026199723940259929e+02,2.190384816993551920e-01
9.762229324441319989e+01,3.236014876954650954e-01
9.736627759287839012e+01,2.945559929326384552e-01
1.007019269185871906e+02,2.923292011332677132e-01
1.047801517568850471e+02,3.940357272344580108e-01
1.153262059565680175e+02,4.514033688623911300e-01
1.231895746457208389e+02,3.861020619863714254e-01
1.295609885186859742e+02,4.755585306876740082e-01
1.375264844977222936e+02,6.143869568505455625e-01
1.294244547973397914e+02,7.613746628509010517e-01
1.333192770793252748e+02,6.750395783065588073e-01
1.393924593007404269e+02,6.360843172306518412e-01
1.383939871493428768e+02,6.021400193452518534e-01
1.211392354396352715e+02,5.180799171458304597e-01
1.173714401864295098e+02,5.131579001336203927e-01
1.079432904548467036e+02,3.658628535121284386e-01
1.035209379802384859e+02,2.531053086836198562e-01
1.107415499704748925e+02,3.978647738187402472e-01
1.188050987441866795e+02,3.973060572310929683e-01
1.106437900317351648e+02,4.401312703982940278e-01
1.068628977220867142e+02,3.499599469260781248e-01
1.157257141293584084e+02,4.242642983583128080e-01
1.180783050220458961e+02,4.706116851412956992e-01
1.116522018689140197e+02,4.715001458915098476e-01
1.046799208400943257e+02,3.640409435241491187e-01
1.034594186083998579e+02,3.792374188632078313e-01
1.118007835796092877e+02,3.393575834456944995e-01
1.034193154503061152e+02,2.633547621334539346e-01
1.073276908156107368e+02,3.209293414511991127e-01
1.065140351542016077e+02,2.728519586488910575e-01
1.123209533076143600e+02,3.234054924089704297e-01
1.057654758782064732e+02,2.456908026883771745e-01
1.087490205865117332e+02,2.690485534278826418e-01
1.047133603374817596e+02,2.222425254567712560e-01
9.927631323563183230e+01,1.728434590343985999e-01
9.892660372619212694e+01,6.588524364871964356e-02
9.259677295272976494e+01,1.485408626853923775e-01
9.136141245341292461e+01,9.619840529805871732e-02
9.815018546954344458e+01,2.109906743383453687e-01
1.012308442291733428e+02,2.226605523359357353e-01
1.111651004373886025e+02,3.597362114928233656e-01
1.094777885883587203e+02,4.468080351343953760e-01
1.058523559976410553e+02,4.521771097100274472e-01
1.168607455242409259e+02,3.856879476472802604e-01
1.077253485643417434e+02,2.947363781593709819e-01
1.107336848285888777e+02,3.380223121359411387e-01
1.161174260303446744e+02,4.207824065725253027e-01
1.073038203289174248e+02,4.206387166001795408e-01
1.074409260419580789e+02,3.697587615152477247e-01
1.088910945146793097e+02,4.045539548809851116e-01
1.006359908455704470e+02,3.779803931441530485e-01
1.114246724064739453e+02,4.276826316640616188e-01
9.967695042834225205e+01,2.904511128164342648e-01
9.728321771432032961e+01,2.566409299614329509e-01
1.007280563281499184e+02,2.484340451772573399e-01
9.527048383144014565e+01,2.856554858203344538e-01
1.029085396892215840e+02,2.905047865472580315e-01
9.402130842343326833e+01,3.187595080091721322e-01
1.005759971300536790e+02,2.794171845301399171e-01
1.198202369196368551e+02,4.073121255296424104e-01
1.072024552467987064e+02,4.619493060132818241e-01
1.079402240172416612e+02,4.200523641120443852e-01
1.112998507322486574e+02,4.837846079903930230e-01
1.030920149735504623e+02,4.757857457241730925e-01
1.106945190129823686e+02,4.727740753652404093e-01
1.074232797090320020e+02,4.147681412790288347e-01
1.146866999597320103e+02,4.290829060519987248e-01
1.167927324481134406e+02,5.091451063366508878e-01
1.197221662283086800e+02,4.114049420359188192e-01
1.149148653226258574e+02,4.541286903835287103e-01
1.141152305838157304e+02,3.949366565142533037e-01
1.136779703176232772e+02,3.310463135916194566e-01
1.051548122431852335e+02,4.360312707948973965e-01
1.088009194950711844e+02,3.211784176393298051e-01
1.127197376140082241e+02,2.828640695664959015e-01
1.169855230111413817e+02,5.710666730370759225e-01
1.267700464455597427e+02,5.355350086325406656e-01
1.236268134752974959e+02,5.692265595156925650e-01
1.151344589624341097e+02,5.857098957922580729e-01
1.100006947340368129e+02,3.781469741863781597e-01
1.176212144874014029e+02,3.188048034456735791e-01
1.298585066435806539e+02,4.330927976641308352e-01
1.155560782903603467e+02,4.697895353261229978e-01
1.134277527235620937e+02,5.121274450160063774e-01
1.123259915264342652e+02,4.066218727489178120e-01
1.093422841590474235e+02,3.113149383153523964e-01
1.078304517034369496e+02,3.831292425233175925e-01
1.080360051559931520e+02,4.037478854875801715e-01
1.075769175945450087e+02,4.275694929264249322e-01
1.094914065109437331e+02,3.594989494607136460e-01
9.991841057484285216e+01,3.025874146907157614e-01
1.007147715494021583e+02,3.115308042867034333e-01
1.139825611437917985e+02,3.181442592138403747e-01
1.162036655317545097e+02,4.536950827740738879e-01
1.223547962782559893e+02,4.801226232883996636e-01
1.173435686162251415e+02,4.245274338814915005e-01
1.093692228553604764e+02,3.594543734853892225e-01
1.129677396042874022e+02,3.504633593696334093e-01
1.116443089463130462e+02,3.450727587986226474e-01
1.071788596113010499e+02,3.856784443261566109e-01
1.127765826568792420e+02,3.638450283009651010e-01
1.165449693049590962e+02,3.144464807422530095e-01
1.140846323172965526e+02,4.156516256969723377e-01
1.046597682619854623e+02,4.220039348279711611e-01
1.052940024958709131e+02,3.552435104377151820e-01
9.981917047914568286e+01,3.888347246416503644e-01
1.079333042440468375e+02,2.869143230003691758e-01
1.131212844384406964e+02,2.719073624069563433e-01
1.159050902593974115e+02,3.094809658882525794e-01
1.236380168767685177e+02,4.164380613262698150e-01
1.181058876092698284e+02,4.736493035944829844e-01
1.187402032473231657e+02,4.754898040719079400e-01
1.322994048897263610e+02,5.896420317725328264e-01
1.239921901629615775e+02,4.873645060358803294e-01
1.251912668800527229e+02,4.253521100902560304e-01
1.191468921238438270e+02,4.494958202879983378e-01
1.273791654037259349e+02,5.439929014409475849e-01
1.140580710150239412e+02,4.981139788695965187e-01
1.230553696088812501e+02,5.989433905848855488e-01
1.245744969775666533e+02,3.367860857424823662e-01
1.199790137592686108e+02,3.197050665541658621e-01
1.152307779675750936e+02,2.725318642494310994e-01
1.142334511056235584e+02,2.703588869920221516e-01
1.105046664909465335e+02,3.569365051969910496e-01
1.202992195193253195e+02,4.149206047916822460e-01
1.163890776713812869e+02,3.729486020961275683e-01
1.168595553202259083e+02,4.290543867661532063e-01
1.137280289294722735e+02,3.528713744344860737e-01
1.038955958414589844e+02,2.946863377051193167e-01
1.049617969041533030e+02,2.311856231503942594e-01
1.092063575215528886e+02,2.803647537373747944e-01
9.792570000415405218e+01,2.871071704797822921e-01
1.026792896582628316e+02,2.782917547891435306e-01
1.011613724382945492e+02,2.758277766427142952e-01
1.014511700415655895e+02,3.165805523494035212e-01
1.065807336563552070e+02,3.572420624283548229e-01
1.103986844674897156e+02,3.019646245390060768e-01
1.133098419636210394e+02,3.479771064917998036e-01
1.168540553879772546e+02,3.620571745344391967e-01
1.111969083599643255e+02,3.651083488892327145e-01
1.191314676273900801e+02,4.147630524366661131e-01
1.143524219550602226e+02,4.862414744484766516e-01
1.134415372283245631e+02,4.153303324779558658e-01
1.150490096292114544e+02,3.939305823372188375e-01
1.157105803578726722e+02,4.960776812315080830e-01
1.186626153644265713e+02,5.488633949682509838e-01
1.293201855351972540e+02,5.607977440102854816e-01
1.254336039867939974e+02,6.275108751175584310e-01
1.262600878412417984e+02,5.721437354445809698e-01
1.200215414121508672e+02,5.565761254566113925e-01
1.213719425670434475e+02,6.121870119885637340e-01
1.208842088813837989e+02,4.912191092755521238e-01
1.163410512875449143e+02,4.951877014962248191e-01
1.173250788000960512e+02,5.191309713732052966e-01
1.101746084380118873e+02,5.488946586464922284e-01
1.057664476205700765e+02,5.356124015933455551e-01
1.009773082377366791e+02,5.008099435938784261e-01
1.145072070466466698e+02,4.657371197334592150e-01
1.109508711179042848e+02,2.953996461050448219e-01
1.087535082215433846e+02,2.180647900282174922e-01
9.659205485344725162e+01,1.753648868779223713e-01
9.916551936730263606e+01,2.459190899833390009e-01
9.875356526716416283e+01,2.678245273062447307e-01
9.806968328003117108e+01,2.274027213684293169e-01
1.024519046655600647e+02,1.927535884237711328e-01
9.645290398816341337e+01,2.320606307821348191e-01
8.755696615449146236e+01,1.605770684924797964e-01
9.127481824945456879e+01,1.308394600729504142e-01
9.422468582162781559e+01,1.240092007415402042e-01
9.152553689763766442e+01,1.900703757659967519e-01
1.027713547314595672e+02,1.900999648833481825e-01
1.020455055819747088e+02,2.862638356463766409e-01
1.065974633904795326e+02,3.939904467500963126e-01
1.090571622871244983e+02,4.026777240407964920e-01
1.080099455839221747e+02,3.302968362803153646e-01
9.884851038120751809e+01,2.454693052253859031e-01
9.824658828194215232e+01,1.767438571834357153e-01
1.027312696930320897e+02,1.872714996759390071e-01
1.015018790977056824e+02,2.606786271646068798e-01
9.545655219044522255e+01,1.909045100592018651e-01
1.179024800235550572e+02,3.131094314209843521e-01
1.198407936210850835e+02,3.562213409350994953e-01
1.201611061849235398e+02,3.537646485611840586e-01
1.248646199218884192e+02,4.012156137529743205e-01
1.153676225192773472e+02,4.310755622697418077e-01
1.054324462229463677e+02,5.106624574884509604e-01
1.040339544525281923e+02,5.167526467508110066e-01
1.111904667087563041e+02,4.128913592040858171e-01
1.168212365887194437e+02,3.496386756522854578e-01
1.228673717036696331e+02,4.030301510391771092e-01
1.167463195120343187e+02,5.984541988737718254e-01
1.289650732624037630e+02,4.722881663528984419e-01
1.226993582352886420e+02,4.414747970673904565e-01
1.093242245243116031e+02,4.114207410105992779e-01
1.079644558032860857e+02,3.065800463716801816e-01
1.079308763830432412e+02,2.759282671328412428e-01
1.078498123367236303e+02,3.146468957613482442e-01
1.091163376756479551e+02,3.890515679263578108e-01
1.028968494020128759e+02,3.330093747411951854e-01
1.101643645309909516e+02,3.990034928883192666e-01
1.043428347492064745e+02,4.448659766971591045e-01
1.013413620994630122e+02,4.483922878510914201e-01
1.005630205729612783e+02,3.905529490789585445e-01
1.090152233243564979e+02,4.474953517881696818e-01
1.126241729854170046e+02,3.775721714509227001e-01
1.159665173972536252e+02,3.349972044795700987e-01
1.133939410642344825e+02,3.462641548775277078e-01
1.168969556336488296e+02,3.531450851178494776e-01
1.090930522223525827e+02,3.206368978417343252e-01
1.026069934288998979e+02,3.214005434171945952e-01
1.011404026373381413e+02,3.588006154172777573e-01
1.189719761116583072e+02,4.383520034552970124e-01
1.206432535078741068e+02,5.860138313296370249e-01
1.335513672251526032e+02,5.194908085814058385e-01
1.241178505079945182e+02,4.478775557633385973e-01
1.196041726346216763e+02,3.920628922721797749e-01
1.102866046400615971e+02,4.287792589795313969e-01
1.070958520925385642e+02,1.887519522121128834e-01
1.002341626690135286e+02,2.095306543395913934e-01
9.955371926121516424e+01,1.485833917473405319e-01
1.039471552221347821e+02,1.977497135438518738e-01
1.051875224618553943e+02,3.331077728498406110e-01
1.040239348993455764e+02,2.979631284305827021e-01
1.032186469143563698e+02,2.771151022847467282e-01
1.042055809616337001e+02,2.643128508456137893e-01
1.025389594229970953e+02,3.018696241983024331e-01
1.132028710677629135e+02,2.939150775276191951e-01
1.014145753078471017e+02,3.344681174784509547e-01
1.163365163721903315e+02,4.714466388664767527e-01
1.152187319144381235e+02,3.928698845192648559e-01
1.125716267433013797e+02,2.839672316110454231e-01
1.005853259858438662e+02,3.183995074164452932e-01
9.386844293532899997e+01,2.667284345293480796e-01
1.055019739507669101e+02,2.446522305385349927e-01
9.721822418966769419e+01,2.335212738433874169e-01
1.086022094945605829e+02,2.118960537316613990e-01
1.156522502691816925e+02,3.759563503296772247e-01
1.137755571011508664e+02,3.792202800492718850e-01
1.096762754220412290e+02,4.952415493001970370e-01
1.153934351529091629e+02,4.359293868489569901e-01
1.150181855442815504e+02,4.341941925462872720e-01
1.159730960771827171e+02,4.652969671228084914e-01
1.377834082435155096e+02,5.255935758072386443e-01
1.217059536822160055e+02,5.013818079525763638e-01
1.265625752448358128e+02,5.217718560527487837e-01
1.177659744075763513e+02,5.276236541817084236e-01
1.165912153286400610e+02,4.503642660141149445e-01
1.136659212164657475e+02,3.882670223073428906e-01
1.158052170126916707e+02,4.194687166184648541e-01
1.189415496197362074e+02,5.546411586692689966e-01
1.173607203906870637e+02,5.068433477997633663e-01
1.108790393595826913e+02,4.081923534184603297e-01
1.159299484364207160e+02,4.143477806636303162e-01
1.231787708431913018e+02,4.429250862625124241e-01
1.286743576170050005e+02,4.958930661464246992e-01
1.328009529200089673e+02,4.851957247634519632e-01
1.231713092404745851e+02,6.210841783840461705e-01
1.224260433929553642e+02,5.332166649156637739e-01
1.295799416890417888e+02,4.201926505625279695e-01
1.235427268109991843e+02,4.645462315355089467e-01
1.144386501847651658e+02,4.720372695200647506e-01
1.113772568968559824e+02,4.857134951412384050e-01
1.211589511993297492e+02,4.328853709889900481e-01
1.130811724976721848e+02,3.370825290093237836e-01
1.075470341229685403e+02,3.862075920991095979e-01
1.017177548415768342e+02,3.231534838868040937e-01
1.028665227299256628e+02,2.023494181197078579e-01
1.020238822543829116e+02,2.835760111230923863e-01
9.824173936341188096e+01,2.219412929966133596e-01
9.113820046684345755e+01,1.924788160491964217e-01
9.700596390368222899e+01,2.817244920477344761e-01
9.580971633198191739e+01,2.248649139172548550e-01
1.054098642198225662e+02,2.577921949711481919e-01
1.044321913539512110e+02,2.579113910293308054e-01
1.049740845011849331e+02,2.877931606558933875e-01
1.131594368701017430e+02,2.678933874528615089e-01
1.096465922413070189e+02,3.687394086809357985e-01
1.062576485305102381e+02,3.343048820739160654e-01
1.161090843951659082e+02,3.525912851920956492e-01
1.161233884895222985e+02,4.709817886550910493e-01
1.176930021356346430e+02,4.271229704880519784e-01
1.197423824498595337e+02,3.276062110879975342e-01
1.202745775464977385e+02,3.593847532176290271e-01
1.189902252671842433e+02,4.582764215473228431e-01
1.214782764226201976e+02,4.899665193382531370e-01
1.197726673176118908e+02,4.941627970342349352e-01
1.191827963016076950e+02,4.887766415371875839e-01
1.183935689724152098e+02,4.220048729969507195e-01
1.122738572350924926e+02,4.650858643816214166e-01
1.170195599406574729e+02,5.093244365427573861e-01
1.210796031060771298e+02,5.442888289765624998e-01
1.208165401049554788e+02,4.343714155491164575e-01
1.163710543218953148e+02,3.993676072468836380e-01
1.081931490045532627e+02,4.361967840383689232e-01
1.070987038630992458e+02,4.337081064716299950e-01
1.172339535429764226e+02,4.967907457286657169e-01
1.191491484038390496e+02,4.755919739882444319e-01
1.271030022958856733e+02,4.742113921480224370e-01
1.235736376635211684e+02,4.397967458465590895e-01
1.149325763084986249e+02,3.179133683408514321e-01
1.194292954011757928e+02,4.242741245227358848e-01
1.273274110738509961e+02,3.828750261709473746e-01
1.188243920418250070e+02,3.863097777841839608e-01
1.183882227115082628e+02,3.496111042582711881e-01
1.103225080807755347e+02,4.428463453666628968e-01
1.140693950953534141e+02,4.012067130800275883e-01
1.073334669940749677e+02,4.680597876246012645e-01
1.115649992013633920e+02,5.319054906440171537e-01
1.109073788689294844e+02,5.548456418604272855e-01
1.106384558771819542e+02,5.605977381216371569e-01
1.110595139491048684e+02,4.911088677246813750e-01
1.059566802329687221e+02,4.787617570465423356e-01
1.171086907443675074e+02,5.234511902407463779e-01
1.230650332222308805e+02,5.126255506954463526e-01
1.116948304152653009e+02,5.151482119112443803e-01
1.101089252312773539e+02,4.540492646725462489e-01
1.118542189643083589e+02,3.821771809774998641e-01
1.182975514004628224e+02,4.807395830444088913e-01
1.265539536957613933e+02,4.638123209198823371e-01
1.173496998624217014e+02,4.617640922246474267e-01
1.202250937379702549e+02,4.253471307097954623e-01
1.252239837002333758e+02,5.629087346427061878e-01
1.214510860475091363e+02,5.099900750169121810e-01
1.188369409219201316e+02,4.835955132509481835e-01
1.148940854928389825e+02,4.496947708021797885e-01
1.178671317476474059e+02,4.231102119796809613e-01
1.091590469716799134e+02,4.138151569627671056e-01
1.091647941526033208e+02,3.524471792118880065e-01
1.087919228988884015e+02,3.894265372698397232e-01
1.205596595115268741e+02,3.955714119735981305e-01
1.220773467008066291e+02,4.092002511518463281e-01
1.284621668706725472e+02,4.262381223862321544e-01
1.241849478131111084e+02,3.671644089945302336e-01
1.177349576731622278e+02,3.967454852853964931e-01
1.227878382733756837e+02,4.165911754370298925e-01
1.162709219883600724e+02,4.284911146939209825e-01
1.026211419221746581e+02,3.051429608803599702e-01
1.057257235472782071e+02,3.411417368311158160e-01
1.106407891733139195e+02,3.877872460887715755e-01
1.099401752186672212e+02,4.148937371813030128e-01
1.159527200741194122e+02,3.832401373611673545e-01
1.121128006240051604e+02,3.378343672074493598e-01
1.150486283061024722e+02,3.659426673360177684e-01
1.189971797763866164e+02,3.641277249672059124e-01
1.162866935099449677e+02,3.224782420404055938e-01
1.151530675145569660e+02,3.432287677421588246e-01
1.110325290289778337e+02,4.033425603689616556e-01
1.062786319002828606e+02,3.468453497681182607e-01
1.007833724953508607e+02,3.562594876054503423e-01
1.089988563721157817e+02,3.583708213309586554e-01
1.110370055566109357e+02,4.278190153448486188e-01
1.057944479710834145e+02,2.943236307339273106e-01
1.070342915606069880e+02,2.763111465904754538e-01
1.030128947463321794e+02,2.629767392389123493e-01
9.194331355718225041e+01,3.230613434878259471e-01
9.840146087582336065e+01,2.517635415427211809e-01
9.998909623865907292e+01,3.163280775655226695e-01
1.250249981146662179e+02,3.465696935692863523e-01
1.152482419621903347e+02,2.707771845809668343e-01
1.162665865119057003e+02,3.611739496417449846e-01
1.097824210303332961e+02,3.897864167673015245e-01
1.086186287953698013e+02,2.912654701083228770e-01
9.699298302282093687e+01,2.123408044183404120e-01
9.471272039735934811e+01,2.777836365088002801e-01
9.224401218909532929e+01,3.237171684969287755e-01
1.017548969074757537e+02,3.257665391642219355e-01
1.107850225697880546e+02,4.135201847905019545e-01
1.006532111984604256e+02,4.333741714357832731e-01
1.142637359389916867e+02,3.619728668162116580e-01
1.152139727719897451e+02,4.147104848052450832e-01
1.100429383158586631e+02,4.978170452699484660e-01
1.174257969898114595e+02,4.776582571637661978e-01
1.108690927456726598e+02,4.221630901847699957e-01
1.106194794802520107e+02,3.139923798523280296e-01
1.051551118058629015e+02,3.484467423588982204e-01
9.627440299417447989e+01,2.672805833008538023e-01
9.984400831999371917e+01,1.769275237543002643e-01
1.028187967994665541e+02,2.187487859688659053e-01
1.022352450315159587e+02,1.877396118805594871e-01
1.012971629621828527e+02,3.306857500849122999e-01
1.020872977423903052e+02,3.392140681284403492e-01
1.069295870330977465e+02,3.684009849011571358e-01
1.115092441511068131e+02,3.130956670500820715e-01
9.786194143139131540e+01,2.787041454651317807e-01
1.070967385765177937e+02,4.245092406079135627e-01
1.125217029035752887e+02,4.948608474824985892e-01
1.119980116133594805e+02,5.314035710201199247e-01
1.096389399516292116e+02,4.018262607040744006e-01
1.103430751952871844e+02,3.925569453507636308e-01
1.168696748162468850e+02,5.021127953367762187e-01
1.248396008919129798e+02,4.835367084600661336e-01
1.245056532869419215e+02,5.284951843461873633e-01
1.224201150012074493e+02,5.089940397949072048e-01
1.093231324876354336e+02,5.401480344053101179e-01
1.102855908549176718e+02,5.017049464947045401e-01
1.158276131951182464e+02,4.770024309965486542e-01
1.212176538667749384e+02,4.409497210757156171e-01
1.117695654525876279e+02,4.124814289408546553e-01
1.230752456944581468e+02,4.382414167038409802e-01
1.222989919124863576e+02,3.531081740040692973e-01
1.220333647425290877e+02,4.880583119678879589e-01
1.153945082043320127e+02,4.445311865489149916e-01
1.174866002735548562e+02,4.735378899869813196e-01
1.296267380632912705e+02,6.029041484638441029e-01
1.270566012562893548e+02,6.268187620797137649e-01
1.242130486590390603e+02,5.301545413809988228e-01
1.198576458423295179e+02,6.031236179399643849e-01
1.243199263804271908e+02,5.396571169629004183e-01
1.115155139450338453e+02,4.495959237954372245e-01
1.091883195967421756e+02,4.530522882305699217e-01
1.006523689352986253e+02,2.117436438084385752e-01
1.019524414164527713e+02,2.521828632452795538e-01
1.055476843347739901e+02,3.327331510697023043e-01
1.030713920608732224e+02,3.359025275875352490e-01
1.024636035853892935e+02,2.848718901038624352e-01
1.070228281239564581e+02,2.023714613358836290e-01
1.029485086999454353e+02,2.950794791356086688e-01
9.819734452046242268e+01,2.723793791879001169e-01
1.038471581308969718e+02,3.814878830764720230e-01
1.059165336534227748e+02,4.472793110507379821e-01
1.139324471746778755e+02,5.268146396819455290e-01
1.246211507297994672e+02,5.648131136249967543e-01
1.274256704955060542e+02,5.234575967022704335e-01
1.279983347872929187e+02,4.194877943006717902e-01
1.201579767682864457e+02,4.413177719499722929e-01
1.073933928888339153e+02,4.331787386333957879e-01
1.147467262910432737e+02,3.604238499716196920e-01
1.125013661740534445e+02,3.103793489478426926e-01
1.181864531227584934e+02,3.929446191433930702e-01
1.210814985092053035e+02,3.308710891665103682e-01
1.231263145319576751e+02,4.726052840633290786e-01
1.199797230934742487e+02,4.172343671558762512e-01
1.145441887954817872e+02,4.869811590940425483e-01
1.056253924944590352e+02,4.571911414622111813e-01
1.056637374716533628e+02,5.064000149992688993e-01
9.897259949226221920e+01,4.822243887921488503e-01
9.577205088418632783e+01,4.344853806293004217e-01
1.057300627708061711e+02,3.975656440934933755e-01
1.160152183328782485e+02,4.018450036742873821e-01
1.000226091827264696e+02,2.522794205424194747e-01
1.079292090003098679e+02,1.582853356586426397e-01
1.032217886890126550e+02,3.531691788243555008e-01
1.002592723771777941e+02,3.802654333609691295e-01
1.021944354282910439e+02,3.945447071673010564e-01
1.029290256970153052e+02,4.422944107292563487e-01
1.043614049554986565e+02,3.793640476469459788e-01
1.090307132551855887e+02,4.389602543577179050e-01
1.099097671021222880e+02,3.628741357254021138e-01
1.132759629949414801e+02,3.560840003103957763e-01
1.148583557615826720e+02,4.278362340182498280e-01
1.187288331435396458e+02,4.456226997659941125e-01
1.243608195197811597e+02,4.902935212177382263e-01
1.193814159012403167e+02,5.218137388551401523e-01
1.202809811540150946e+02,5.351006490159850859e-01
1.255896287080084335e+02,4.488830017464790489e-01
1.330010048722309648e+02,4.714676761560229190e-01
1.296351111673415915e+02,5.038226912386082335e-01
1.322700658979867683e+02,6.848844533532100209e-01
1.319316717967809893e+02,6.754007017619941822e-01
1.296519781951855350e+02,6.439836430167418246e-01
1.320944464103715461e+02,6.090136757306412463e-01
1.227890229939316526e+02,6.046702892558335485e-01
1.252427904473939719e+02,5.265099043178536053e-01
1.236297248333465859e+02,4.940339452346201310e-01
1.202422202325849412e+02,4.561982065558275456e-01
1.244856337031448277e+02,4.250499070792458367e-01
1.254184986716209949e+02,5.560754391018160048e-01
1.205607439946247865e+02,6.030922836727313774e-01
1.310892447022607143e+02,5.272413688953283550e-01
1.205392036154037783e+02,5.027355104941686470e-01
1.154569890525593081e+02,3.987735198670543380e-01
1.175667494400050685e+02,3.885046213608409071e-01
1.197163346379078064e+02,4.516076654337098928e-01
1.176883448515224728e+02,4.604813976848401436e-01
1.242505864545966574e+02,4.522011701774100167e-01
1.325096040713481500e+02,6.127670379955098001e-01
1.184653117043669539e+02,4.743297311838494124e-01
1.132973687721451483e+02,4.860485399527895711e-01
1.178394756196410640e+02,4.874618563734312016e-01
1.119416954218294222e+02,5.657399884342374508e-01
1.134237974938261146e+02,5.689893252504569787e-01
1.163998901733413192e+02,4.901770360730435816e-01
1.180101619806387419e+02,5.261130199921917328e-01
1.233048263813796268e+02,5.062356980403255324e-01
1.160098834311530851e+02,4.837873223276264456e-01
1.150215256794073753e+02,4.730927197850469668e-01
1.234258380538201720e+02,4.134533440803455084e-01
1.176874685954604871e+02,4.002172157912464168e-01
1.139635514665311717e+02,3.555421639884305818e-01
1.165300955759726662e+02,3.905619753184798038e-01
1.051260524112764188e+02,2.646922184132714517e-01
1.079718656152144689e+02,4.005076023298356769e-01
1.008612710879692145e+02,4.029761637157053267e-01
1.033175882407785053e+02,3.655124774327334625e-01
9.928556905781172759e+01,3.233426666302784414e-01
9.693669439143232580e+01,3.184552003693124633e-01
1.000273699397048830e+02,3.436833412464207482e-01
1.019321561195054642e+02,2.612395760492204899e-01
1.010043292302456024e+02,2.965429570203678145e-01
1.074014433013468448e+02,3.983666615941571232e-01
1.159506082639194915e+02,3.449655162960548749e-01
1.049549139564645515e+02,2.345327190261088102e-01
1.000084059021936582e+02,2.347966489945655932e-01
9.804398279472459876e+01,1.991052919420961131e-01
1.082919631935882450e+02,2.831848109195081453e-01
1.019782691321922385e+02,2.988987782173825880e-01
1.060477171603888991e+02,3.534119767328646189e-01
1.018747504728022477e+02,2.950247836007313662e-01
1.074803949306723041e+02,2.207584713881187433e-01
9.777003940032794560e+01,2.944375946809386080e-01
9.981298320085181786e+01,1.603324591837906876e-01
9.836913869610688721e+01,1.782250840423626470e-01
9.880076577895488299e+01,2.519530062057532271e-01
1.149000973611785099e+02,2.631166015483368814e-01
1.021006263156686202e+02,2.057255185220051019e-01
9.997569703592297685e+01,3.417598400525893032e-01
1.027754266534018086e+02,3.110424987641530747e-01
1.058406138253653239e+02,2.447111872852520409e-01
9.717007878349780015e+01,2.359775204468115006e-01
1.042823719619626957e+02,3.444064804038603489e-01
1.044600939375561524e+02,4.278913876549413353e-01
1.137310951366306568e+02,4.512335112723072084e-01
1.185247073383108471e+02,4.375490710328213684e-01
1.187633133424621406e+02,4.328210806484087403e-01
1.191653400120232646e+02,3.129113025146806337e-01
1.064908233438364817e+02,3.064498533623358223e-01
1.049604973941837898e+02,4.199561451749326269e-01
1.101538569454728673e+02,4.455131889397058731e-01
1.110069776393925451e+02,2.790833581645931205e-01
1.099606165712462200e+02,3.535652658185405306e-01
1.164992249286751616e+02,3.094994678497887675e-01
1.128789154474212353e+02,4.432584311297478874e-01
1.186364392174647833e+02,4.046422046497435976e-01
1.200348337975620865e+02,4.092139308300789535e-01
1.243348890392027499e+02,4.697492712082503852e-01
1.222589449700866027e+02,4.542448701204711559e-01
1.251852814045884230e+02,5.191362330706656980e-01
1.202886564733289987e+02,4.643748558086275846e-01
1.162790075325005148e+02,5.468770239419005197e-01
1.086462993701260018e+02,4.581836042372917084e-01
1.157254094532885205e+02,4.769738185710968303e-01
1.202803738700339835e+02,4.713765787975300325e-01
1.208832627041718695e+02,4.939036582190899916e-01
1.132741800540165684e+02,4.791811726182314546e-01
1.079693916609269877e+02,4.532009418277888613e-01
1.128754674438134202e+02,2.738889584864899751e-01
1.084992276113747067e+02,3.074074566417224763e-01
1.169941058716954956e+02,3.523337285895162263e-01
1.237898739204000691e+02,3.748474416019295652e-01
1.187546554261418521e+02,3.990325229366921134e-01
1.188709224703097078e+02,4.478581623474857110e-01
1.131970374008049447e+02,4.066719208537774022e-01
1.111153579829699964e+02,2.880744738445307762e-01
1.050479989927820839e+02,4.034656687541671172e-01
1.053394616103000914e+02,4.206555102737825069e-01
1.090416599131802684e+02,4.060392851433118344e-01
1.084702505761243430e+02,4.612937754216549502e-01
1.145523146025558532e+02,4.999250837907247558e-01
1.156170501808720843e+02,5.235812104143510171e-01
1.299974480598497735e+02,5.229995300631122834e-01
1.318990784300883377e+02,5.247147459656400503e-01
1.388690609401615745e+02,6.048664814918057742e-01
1.353942914580131571e+02,5.978744115216404476e-01
1.240531783616519732e+02,6.191409866395981565e-01
1.286122943323466075e+02,5.698763420351711240e-01
1.217616409537300513e+02,5.630014647318559717e-01
1.234822343146822163e+02,4.955178431082109536e-01
1.252819222144585325e+02,5.430945469172279161e-01
1.213629494413206942e+02,5.347263829003785496e-01
1.216633313410795978e+02,4.945179369270940040e-01
1.218866239401949514e+02,4.638725271345573442e-01
1.192349044431859824e+02,3.228162996132148965e-01
1.209014540645105882e+02,2.641092627603369158e-01
1.210570057810195692e+02,2.839884574982169951e-01
1.266431148538483598e+02,3.246102525709293474e-01
1.164585367165059466e+02,3.487586781666059954e-01
1.131714116799505376e+02,2.989034084737766106e-01
1.094213794934746744e+02,2.329532567819160294e-01
1.105447540454057531e+02,3.173720085472163110e-01
1.095766299642062762e+02,3.685704960177843548e-01
1.139411210907283305e+02,3.430324416735730519e-01
1.143139685559798835e+02,3.977099775855328923e-01
1.078897890440573519e+02,3.549321613257996888e-01
1.132696231047145687e+02,4.376687442919180993e-01
1.295186489428998584e+02,4.825301048023150075e-01
1.296536325619250363e+02,6.576888539838000591e-01
1.374654446307527564e+02,6.598770667489026742e-01
1.555281077570768957e+02,5.671650330835703580e-01
1.460226259673642346e+02,5.505763940258139311e-01
1.423043307701203446e+02,5.968189100601883901e-01
1.392971139212356775e+02,7.227625286754203460e-01
1.396215611583109535e+02,6.766732595605357004e-01
1.297791960454118225e+02,6.182640925557780776e-01
1.224120727447402857e+02,5.609851032732038334e-01
1.217941555529544644e+02,5.097965839293482349e-01
1.255870542573780000e+02,4.309877546032839790e-01
1.341287591363881972e+02,5.156804431561454738e-01
1.238232308906504784e+02,5.011863096820335928e-01
1.189518913051058746e+02,5.399688928588981529e-01
1.139168184309668277e+02,5.145651837620950353e-01
1.259886495140761866e+02,4.601711800148162723e-01
1.130571806780872350e+02,3.977202555922791927e-01
1.245556125793887503e+02,4.292060007346621409e-01
1.169661675602132078e+02,4.210523848642197531e-01
1.224824345671238319e+02,4.633610843768858345e-01
1.214087128859564473e+02,5.338869626914977129e-01
1.290944169183760266e+02,6.247915933751616580e-01
1.336814228591115636e+02,6.810798536498717803e-01
1.363291592848069627e+02,6.909604075466472262e-01
1.279045311784756365e+02,6.253841325415681052e-01
1.316766467220288632e+02,5.546387317951373408e-01
1.259900033827526045e+02,6.536602145715958434e-01
1.279841171250329950e+02,6.993424933203922222e-01
1.352147450713713965e+02,7.197386395154405925e-01
1.423593103113403231e+02,7.316019286070963856e-01
1.424806286519975629e+02,6.982227201814361628e-01
1.430236049967511747e+02,6.272556843457354203e-01
1.454180987360696804e+02,5.462410475814177824e-01
1.397814519722857654e+02,5.377055928028350307e-01
1.348236304314895335e+02,6.063998441831346398e-01
1.295245509571325044e+02,7.152299753136618365e-01
1.237111454744641890e+02,6.201871180712920095e-01
1.253605181525591803e+02,6.633103766678459801e-01
1.340406705605381887e+02,6.341290842187087273e-01
1.295010335738878666e+02,5.854169533281969873e-01
1.411365937587513315e+02,6.441107829655737804e-01
1.379285495643474633e+02,6.277780471449675437e-01
1.372583827282033440e+02,6.574440385592470459e-01
1.481768978724734609e+02,7.109248326648489602e-01
1.491760972399854381e+02,8.208117006121030679e-01
1.511251481060291439e+02,8.269320649828837411e-01
1.405690885234041332e+02,7.248330547686280267e-01
1.413888735775928751e+02,7.417560093217784312e-01
1.322408097541512575e+02,6.194910852460162598e-01
1.431393216907551675e+02,7.352464455631277929e-01
1.329656901230137578e+02,7.646079708752068216e-01
1.464225175686688658e+02,6.896249387388400098e-01
1.425311825670708572e+02,6.471091952737364483e-01
1.432236625127617060e+02,5.512041347486243970e-01
1.362475556216675727e+02,5.542645371126463383e-01
1.393445500629502476e+02,5.552499956177350260e-01
1.418569051479150573e+02,6.058931135520478906e-01
1.307328337464851984e+02,5.678980137468244704e-01
1.292647198910963198e+02,5.755251404737318222e-01
1.275027047219787733e+02,5.095974997450576360e-01
1.237009317254283616e+02,5.916893596702035296e-01
1.182870484717240345e+02,5.946738478068056555e-01
1.287058124960339001e+02,5.142302937327112300e-01
1.272342253229962523e+02,5.317619767609760295e-01
1.280580773231158673e+02,5.820334811706848743e-01
1.333881099571016193e+02,5.656502930369329274e-01
1.287502047351455872e+02,6.567728800062027084e-01
1.230846250441214238e+02,5.724967979131349027e-01
1.191678910894647032e+02,3.849873203198261318e-01
1.206165938487442588e+02,4.504055066537843710e-01
1.207479935522028285e+02,4.912437516736972709e-01
1.216513114178225834e+02,4.475655595092142280e-01
1.218734604896328761e+02,5.226180993393936269e-01
1.223968871116335038e+02,4.737556456985118070e-01
1.206514201861501761e+02,5.122142492747006060e-01
1.148078790537696818e+02,5.903620732690963990e-01
1.223663462724801860e+02,5.701595856221725045e-01
1.076176990556847528e+02,5.941379798235824072e-01
1.047617383903105122e+02,5.588740744775640978e-01
1.036384129372747225e+02,5.417752140558212970e-01
1.118312295935867837e+02,5.930715105686225064e-01
1.238922443310687527e+02,6.170543126132970180e-01
1.266084196786834184e+02,5.037415779937568505e-01
1.225351145021647312e+02,4.997433393836235860e-01
1.155270805909582350e+02,4.988725413074296955e-01
1.186561185825112119e+02,5.710045877033037565e-01
1.144597414049650439e+02,4.685947376980412193e-01
1.211961869324415630e+02,4.405789435295627277e-01
1.218112246832210985e+02,4.737624429145902982e-01
1.228160878677193324e+02,5.268703787558175478e-01
1.253548896942860154e+02,5.954911624272822834e-01
1.246672929222146706e+02,6.512778379273128637e-01
1.315867253015959477e+02,6.623085880134631509e-01
1.314149038701587529e+02,6.825816949479522888e-01
1.329875400027959245e+02,7.680752714418532801e-01
1.316945265996496630e+02,7.222868800277674195e-01
1.374759280736419385e+02,7.307667238821715650e-01
1.205510044645453576e+02,5.876453893195421330e-01
1.255606908575173719e+02,5.323292984218391810e-01
1.261186988692479503e+02,5.989173922540214079e-01
1.176292094316632841e+02,4.930536639960554912e-01
1.216588886070170901e+02,4.341195394305725208e-01
1.172208962555434510e+02,5.140824722231661648e-01
1.133438587972946721e+02,5.375150380691642304e-01
1.176741355640561721e+02,5.735738844801352432e-01
1.171438341977165578e+02,5.276602068832152437e-01
1.095550554264713981e+02,4.869196451762333178e-01
1.175270149114743390e+02,4.242474315456857825e-01
1.183824571916920121e+02,4.210709104089752630e-01
1.167456587184170900e+02,4.260095644738709497e-01
1.139330423023190946e+02,3.785806977888050984e-01
1.164775777433237067e+02,3.479707519673223004e-01
1.129330336972267048e+02,3.200953536039103930e-01
1.116480358256898171e+02,3.962604755721814698e-01
1.184793594278606719e+02,4.082689086856299276e-01
1.164498105022694432e+02,4.491050804566720789e-01
1.206979625072841884e+02,3.863609153620851666e-01
1.161334490680084315e+02,3.441017378951806704e-01
1.261929798362349402e+02,3.701465893326521539e-01
1.201157134892517604e+02,5.273524104192935935e-01
1.233819145799832455e+02,5.636945055432368568e-01
1.176695056510008328e+02,5.084808673014331593e-01
1.144309631510409275e+02,5.926162462161012057e-01
1.140085487661016259e+02,5.606383329897134393e-01
1.253670961182154997e+02,4.819996409684240701e-01
1.261098831694512370e+02,4.988428941069814049e-01
1.238817297493440037e+02,3.946767582704026056e-01
1.169435541739789812e+02,3.875861433025138969e-01
1.233336928885407104e+02,3.943932714186143551e-01
1.260909642320868471e+02,4.662394529224130335e-01
1.208640888342940514e+02,4.564718220912887259e-01
1.172674597931116409e+02,3.679654640037512969e-01
1.049739714187927575e+02,3.437040783274618594e-01
1.001311085142532420e+02,3.178637257817980011e-01
9.733707669718600641e+01,2.513284299914784747e-01
1.054514167265750757e+02,4.714849178607939395e-01
1.117319887034217913e+02,4.956160414532897462e-01
1.141283316183265129e+02,4.794123304453516976e-01
1.092638737438081620e+02,4.074808390934437363e-01
1.221847533774679420e+02,3.607358360063014358e-01
1.135823685645778767e+02,3.403505461292586354e-01
1.213332005515573684e+02,3.456171418368628734e-01
1.119051865119138540e+02,2.777131109337865333e-01
1.054481302479424727e+02,1.877302887286727007e-01
1.014575063457625959e+02,3.026784042608097747e-01
1.014575063457625959e+02,3.026784042608097747e-01
1.014930166305876469e+02,3.114977638309439079e-01
1.027858241972035387e+02,2.534891768547774538e-01
9.198656782499828921e+01,2.521125746053152761e-01
1.001064238546690319e+02,3.081742594229321397e-01
1.074025482906829012e+02,3.020611904972879680e-01
9.641970638971238827e+01,2.853852678148899868e-01
9.600636344934366662e+01,2.425971245408830579e-01
9.465967388133687166e+01,1.796515371343977152e-01
8.858068855654376250e+01,1.782273226631331253e-01
9.165356975719325305e+01,1.745707200733446207e-01
9.799920675241391166e+01,2.530038062808033228e-01
9.762688591633489921e+01,1.830230892421750299e-01
9.833330113690225005e+01,2.889541557627106072e-01
9.634323809259217342e+01,3.239196493039862568e-01
1.003256800556049342e+02,2.109990810370485359e-01
1.071528291136480249e+02,1.940774598408422369e-01
1.087753849961974453e+02,1.163008942526753964e-01
1.038215571769510603e+02,9.796896573532082320e-02
1.083481625063374025e+02,2.298427880771770071e-01
1.079626607209601161e+02,2.634730268808869180e-01
1.078167788557876321e+02,2.940595340421771064e-01
1.030880074235474808e+02,3.588617943065300908e-01
1.082263330188759340e+02,3.280789644814106620e-01
1.083693487433098284e+02,3.423128880591712608e-01
1.041009269754571278e+02,3.899224133982706064e-01
1.100040692666396893e+02,3.443204546303782476e-01
1.056148043707702016e+02,3.107762713011536504e-01
1.029159836254510765e+02,3.538367811476840208e-01
1.101661986074997799e+02,3.781276312542254381e-01
1.209567733815584489e+02,3.951625822580230318e-01
1.182244439836990466e+02,5.429320835964269731e-01
1.181113622543062007e+02,4.731885666619259911e-01
1.202471499319750876e+02,5.136813724283655347e-01
1.188763600894385490e+02,4.221409365484638521e-01
1.167361083348127551e+02,4.160409764293075408e-01
1.136648038597048327e+02,4.933610626815044253e-01
1.213158767289706219e+02,4.183084265929790102e-01
1.180519654314660016e+02,4.696874313415404512e-01
1.185474447123954604e+02,5.251415528551613976e-01
1.223299593398917295e+02,4.966261032858265700e-01
1.221075344539881655e+02,4.708448168824886371e-01
1.256546839072320410e+02,5.698251326274899053e-01
1.261463130010881741e+02,5.553804137258544493e-01
1.230338120779412350e+02,4.905731390627145472e-01
1.213703208336463177e+02,4.760255513029952312e-01
1.236155733544297419e+02,4.548210917763951810e-01
1.195000225202464037e+02,4.854844106596966635e-01
1.143253577302550070e+02,4.848017881744040580e-01
1.085679954917372783e+02,4.366988320841135862e-01
9.446273982937924529e+01,3.174282491442130816e-01
9.535216843144378629e+01,3.384476152384642278e-01
1.025809618593575863e+02,3.429550933462179874e-01
1.001599519881353331e+02,3.436545830399356238e-01
1.080994983432036065e+02,3.359070939589546279e-01
9.932667895897515109e+01,3.498261507930965353e-01
9.684171077181423470e+01,3.215869534231740046e-01
1.000426209534665674e+02,4.093686905022623779e-01
1.124720639733944125e+02,4.363829170843444016e-01
1.128691813514179785e+02,4.129487595444198966e-01
1.199291872983967266e+02,4.313690736959741034e-01
1.081924895426982687e+02,4.107239036199294979e-01
1.136260992558011651e+02,2.791341199609959633e-01
1.030089569319633966e+02,3.138936936679014855e-01
9.551290214123959288e+01,1.590358022389127268e-01
1.082016553284617402e+02,2.383282746003931585e-01
1.081611106030294849e+02,3.495451731847540877e-01
1.096334381594042213e+02,4.361912427162266126e-01
1.048195262407545130e+02,3.597631616678059752e-01
1.016240105017133715e+02,2.663289426139759941e-01
1.137468156561735526e+02,2.543985324513740598e-01
1.247862322617901043e+02,3.603568145147697521e-01
1.199927298612789741e+02,3.178812488675880621e-01
1.089511180866998359e+02,3.670724606077735430e-01
1.145182135744471026e+02,4.498098959637048533e-01
1.120849674775119098e+02,5.095224277052904371e-01
1.181082347984123828e+02,3.521811106944713332e-01
1.147561550199939688e+02,3.940034396073123779e-01
1.134321801737939950e+02,3.647397107293856577e-01
1.142980321379690736e+02,2.919386209612870320e-01
1.144029729188967792e+02,3.200055726415327872e-01
1.117329692821189298e+02,3.217739280404754432e-01
1.175484817688341650e+02,3.781354087555512389e-01
1.172514734908892819e+02,4.078059016671706227e-01
1.177622038851147295e+02,5.034156449552626977e-01
1.114981997245617293e+02,5.007076259836887866e-01
1.209984006501553750e+02,6.369954138614726258e-01
1.283503639857964913e+02,5.734061622897820287e-01
1.213746101307505683e+02,5.459551595872654817e-01
1.226331228420615673e+02,4.458822965417189588e-01
1.112954462199981975e+02,3.769560496736296673e-01
1.239413371357777010e+02,3.377420615864544229e-01
1.308749703436355958e+02,5.335182312519060055e-01
1.207967577745352088e+02,5.562142515847674495e-01
1.141958481715075493e+02,6.156912376601433312e-01
1.150647929493199655e+02,5.337177408810642731e-01
1.223157135850730128e+02,4.788941205232044029e-01
1.157262279177793829e+02,4.133129633618030097e-01
1.069537282686766844e+02,3.182702365140285261e-01
1.036181934091686543e+02,2.944611001290222685e-01
9.912416161155148586e+01,1.906490430862431695e-01
1.004572261697720563e+02,2.150838718220239310e-01
9.941847741455582366e+01,3.098124545843332078e-01
9.592682918869572006e+01,3.999069503524171898e-01
1.015909595094872344e+02,3.357146752770273079e-01
1.046624587584140329e+02,3.176483043864684053e-01
9.673564091925013031e+01,3.252120945986631262e-01
1.004290379217896714e+02,2.987875956822344525e-01
1.046007540321766101e+02,2.067054452270666309e-01
1.024274748384769822e+02,2.086739035877501758e-01
1.057147684618561385e+02,2.435800649424219033e-01
9.630447546962079741e+01,1.536123465469076410e-01
9.238362575934439747e+01,1.564247964995840179e-01
1.013588699972542884e+02,2.096750476141098218e-01
1.092779056534786690e+02,2.299938052212533168e-01
1.028781681774701013e+02,2.316381303985538265e-01
1.037043629509346658e+02,2.086279209867495099e-01
9.769532726645191190e+01,2.583327708890661434e-01
9.585337851524012365e+01,2.110618190812974526e-01
1.093999103221503191e+02,2.590661943264971345e-01
1.011949949584680297e+02,3.082708181436425443e-01
1.064639578803117104e+02,3.214439260568033307e-01
1.157064165722896405e+02,3.875241511044318354e-01
1.141397700057730020e+02,3.560405292544691624e-01
1.119516539481447950e+02,4.013228123944612147e-01
1.142441991396860033e+02,2.970765941375688168e-01
1.076798612056246895e+02,3.180611009503955255e-01
1.021388166845889600e+02,3.295694197361281330e-01
1.008887578732320662e+02,3.412785271622897909e-01
1.016122279025487529e+02,3.655172548124491771e-01
1.196128862081628768e+02,4.811524920398457805e-01
1.113485427898791897e+02,4.371932692818195632e-01
1.148179148346285956e+02,3.963015450834558862e-01
1.191080643290314072e+02,4.293518360030890157e-01
1.138236967440969494e+02,5.166816219602584637e-01
1.089380108223262056e+02,3.624663317186196387e-01
1.165016637906769148e+02,3.524184764159528638e-01
1.144935617327704875e+02,3.425505533954334991e-01
1.164531081034943440e+02,3.402419315520680554e-01
1.111402162689311979e+02,4.733248030283796481e-01
1.188411557270736125e+02,4.952108897236772167e-01
1.195915502857836259e+02,4.631765947118814952e-01
1.254211377864690036e+02,5.017461830436763526e-01
1.314494798577933921e+02,5.253939588693172791e-01
1.368393880928930173e+02,6.219628243785272348e-01
1.315946201067088452e+02,5.762340485961894299e-01
1.211279210646885360e+02,6.065882504197923630e-01
1.251674073202170234e+02,5.070412284315934937e-01
1.152643519857661119e+02,4.224659171890411957e-01
1.281033141593297842e+02,4.952759807891505828e-01
1.179928861182158215e+02,4.783973282577550501e-01
1.264264203625627658e+02,6.204123840955014790e-01
1.292931006691642324e+02,4.909931691803175458e-01
1.318800483009412687e+02,4.532773952829203812e-01
1.197530592695749050e+02,3.866733923704884224e-01
1.261949792921108298e+02,3.730803135625196387e-01
1.232515214655693114e+02,3.726338584461628689e-01
1.159364744621124714e+02,4.609304533363394740e-01
1.185031425764802435e+02,4.305002559876104362e-01
1.172851720702172997e+02,4.133122679863417970e-01
1.100052575482910981e+02,4.025929718076731723e-01
1.107782962740988211e+02,4.530989865533426864e-01
1.139089362129040524e+02,4.772998679329319982e-01
1.036067212411650615e+02,3.137961958057415290e-01
1.054782554749459962e+02,3.479043432642430211e-01
1.052310443492783349e+02,3.168186913052499221e-01
9.938729870153572676e+01,3.574486794838463988e-01
9.617645532569315492e+01,4.696317869215343443e-01
1.056045458926034684e+02,4.637602063156348597e-01
1.177559889897392935e+02,5.876751732764454728e-01
1.187263819550346540e+02,4.613976014028695616e-01
1.129807233061198275e+02,4.582668689072404988e-01
1.200600478530964068e+02,4.855789587968299958e-01
1.225171322442904653e+02,4.534059152684047911e-01
1.108881637082745755e+02,3.920338096367325109e-01
1.001353930041454419e+02,3.529148137729413715e-01
9.557835808086331042e+01,2.428898390944198571e-01
9.777234850484920514e+01,2.461181015040871112e-01
9.437262030229211973e+01,3.262945276623931967e-01
9.824536114672835652e+01,2.082752967279831169e-01
9.899865823546841170e+01,2.547340549907342044e-01
9.697463460657171197e+01,2.308908316678965345e-01
9.650913655699758920e+01,1.531730938420454990e-01
9.925481330861543938e+01,2.683212433963977350e-01
9.632803725708846798e+01,3.033433679598440125e-01
1.002757909694346807e+02,2.597892086397886047e-01
1.023927163080703195e+02,3.285967190259225790e-01
1.016712130968431183e+02,3.436960101958910219e-01
1.103351230551877080e+02,3.098452344950667348e-01
1.105781315125985316e+02,3.608284372555978781e-01
1.141451399423210376e+02,3.905608097428074910e-01
1.099641743742665341e+02,4.502188254658096023e-01
1.054399259206009987e+02,3.558069963510711586e-01
1.054049831320637622e+02,4.751030910646519834e-01
1.010301555277033572e+02,3.886099318251069468e-01
1.094326929647786244e+02,3.473848883421230549e-01
1.057874913970665034e+02,4.283806164303753383e-01
1.122502151649716069e+02,5.543348483651791003e-01
1.207906064903299352e+02,4.692363258329372289e-01
1.268514467162323598e+02,4.507547485871442050e-01
1.286511781661037617e+02,5.426190259077980915e-01
1.317597496001958177e+02,5.404799549351617660e-01
1.272516179069108802e+02,5.206159091591784360e-01
1.234794055901245002e+02,4.453715434445181809e-01
1.131295042451661743e+02,4.075887862422292729e-01
9.934091845830832312e+01,2.581656931767086216e-01
9.559885911115887325e+01,2.968578504093229431e-01
1.025363705557688547e+02,3.472154438552191857e-01
1.016325104590776931e+02,4.068442489659301331e-01
1.077815365360555830e+02,3.421317024042519472e-01
1.124403599293128480e+02,3.846514777062478574e-01
1.063629185934882599e+02,4.871022286407462598e-01
1.095891394977983140e+02,4.534319293943935847e-01
1.056339121040874005e+02,4.718342677162697396e-01
1.086355237392552482e+02,5.266589859526048523e-01
1.146939011672630642e+02,5.962322755128777185e-01
1.150477777800248020e+02,4.023056632095182716e-01
1.125487752389045681e+02,3.462649552501336214e-01
1.057710942545617456e+02,3.375315696032689661e-01
1.088990256596772213e+02,3.542310670449900223e-01
1.101365230321095936e+02,2.971630157638890379e-01
1.114933709997533242e+02,2.258832003758423634e-01
1.105016053567919698e+02,3.940821388340631226e-01
1.124047558066407504e+02,4.092556376327899370e-01
1.165232202835642852e+02,4.326631253312858694e-01
1.098194962087831072e+02,3.847993410275090675e-01
1.080058676335274725e+02,2.955236494987410478e-01
1.026491958655233958e+02,3.665230787263489831e-01
1.066302193110003884e+02,2.846330337172626734e-01
1.089664369865003977e+02,4.200906315024974802e-01
1.051684309586666899e+02,4.473762799540528246e-01
1.156063815830426051e+02,3.894806583410945211e-01
9.571764483227852338e+01,2.883971764237916457e-01
1.012541097389572826e+02,2.977967674352474670e-01
1.016678141009917340e+02,3.533413933919479777e-01
1.093748770219911108e+02,4.183973617813045998e-01
1.152355393405790380e+02,4.696791474595394256e-01
1.202516393680040636e+02,4.081284700476148775e-01
1.120143239211797237e+02,4.260350253599782810e-01
1.125355676308221859e+02,3.552371538573735332e-01
1.078787254517194469e+02,4.262657914529950354e-01
1.116215921574920600e+02,4.320060589536560136e-01
1.106757364671649242e+02,4.549389802081689194e-01
1.065761770382464846e+02,5.027326622114598464e-01
1.083856565230878175e+02,4.995658729185407099e-01
1.059205194943158830e+02,2.782170458338138475e-01
1.159432795560704363e+02,2.821196604811803121e-01
1.128098880222805320e+02,2.115656612347368293e-01
1.010599852059276174e+02,3.056460403987119601e-01
1.007119355027012375e+02,2.880753092005556293e-01
1.081791899115103064e+02,2.958714123599524015e-01
1.070606949524081557e+02,4.255761107281683109e-01
1.061772614477869325e+02,3.050430584482802243e-01
9.865081090500048333e+01,3.711148266916257654e-01
9.432299576394976270e+01,3.165251814700393296e-01
1.075663587363496134e+02,3.579011378241948038e-01
1.072374843540543452e+02,3.414630255909194001e-01
1.191494593702629317e+02,5.089770283554972963e-01
1.176865793877147439e+02,5.536803261369405149e-01
1.144773927256520381e+02,4.533583099486878654e-01
1.087724352249572348e+02,3.451355948951498887e-01
1.072091478368743367e+02,3.759591316667660887e-01
1.025861962279984994e+02,3.398017652131551936e-01
1.029371021234488524e+02,3.827648142597654957e-01
1.044875092693702925e+02,3.837521085173662416e-01
1.085116688974495389e+02,3.411586679747770634e-01
1.090903904530348001e+02,3.429897175485474570e-01
1.141778793710350328e+02,4.581123966336539399e-01
1.144412472184355778e+02,4.669893594047808127e-01
1.158212481951922115e+02,4.778215670605108767e-01
1.138961769359834904e+02,4.211750289048608042e-01
1.098453073823654051e+02,3.474205780223723061e-01
9.799624290061325382e+01,3.261114929036391663e-01
1.059263154307681276e+02,3.464945408233249813e-01
1.111497656003778332e+02,4.288101056546397838e-01
1.126881474007497843e+02,4.351659812968908803e-01
1.208799734840280706e+02,5.000256918135371764e-01
1.151434302938037320e+02,5.185600647720015610e-01
1.190867508330713349e+02,5.809073256192354151e-01
1.292683764708701233e+02,4.954715961682050751e-01
1.312383361848183370e+02,5.189499375215304022e-01
1.110757249491810086e+02,5.506650999374544941e-01
1.162746488221464460e+02,5.150187623552381355e-01
1.094836354341401119e+02,4.427226057292429906e-01
1.117745166370578431e+02,5.878784983680213072e-01
1.167972082359954271e+02,4.902931530190438036e-01
1.245254518268972816e+02,5.256058693882614818e-01
1.237140879059901124e+02,5.073279237860156554e-01
1.315870843774914078e+02,4.683968397284409280e-01
1.340809579181955655e+02,4.770036910049448853e-01
1.259126716381358477e+02,5.013395011445065386e-01
1.158620127030067408e+02,3.799720458951277857e-01
1.005071362067247378e+02,2.906038062605540984e-01
1.122934570420699032e+02,3.144098223996146801e-01
1.103832231485604041e+02,3.289100536019591847e-01
1.140323828320284179e+02,5.298008010914586619e-01
1.119136771563663189e+02,4.456078472058351281e-01
1.058195644915383014e+02,4.163021978814649415e-01
1.064995372342181952e+02,4.137952173185766025e-01
1.004927691550097961e+02,4.792251018758450498e-01
1.106642208484297640e+02,4.708712203220923875e-01
1.069330976029960709e+02,5.185826369416858261e-01
1.089744288563935015e+02,5.194319348059127650e-01
1.232690355468509296e+02,4.907754672526174478e-01
1.126600444936773329e+02,4.768520152172617266e-01
1.161174675729463530e+02,4.884388011694095200e-01
1.189752500309351717e+02,4.558434054402433766e-01
1.211452218143784734e+02,5.627650408553690475e-01
1.216917157135307690e+02,5.592797143516836655e-01
1.261271602580676614e+02,5.359812208225929187e-01
1.124329552956777860e+02,5.115394188321468194e-01
1.146795078429991435e+02,6.057440267391083211e-01
1.188761200987111692e+02,5.690140105455429032e-01
1.087595892230221182e+02,4.174302640579793944e-01
1.098900360886980252e+02,3.863535223848623135e-01
1.206921896043767504e+02,4.450632174805556618e-01
1.234461052482931791e+02,4.660943881882712581e-01
1.200999084640837395e+02,4.921718373314072914e-01
1.101179601756599880e+02,5.777895226130690398e-01
1.176047182576456294e+02,5.282639721349677853e-01
1.286477181536863839e+02,6.168029070479312814e-01
1.232505590234332971e+02,5.408380657734600527e-01
1.265299979256691074e+02,5.710506923512872479e-01
1.328780981698160417e+02,5.909747513183130074e-01
1.257014212317323967e+02,5.979353570428374010e-01
1.270621188112632467e+02,4.255827009349971157e-01
1.172230708499745901e+02,3.254277471686021217e-01
1.150707682594627244e+02,5.921544876861213336e-01
1.212151866329131735e+02,6.180368533682352172e-01
1.215748166359258988e+02,6.335219172640645935e-01
1.183700814431635848e+02,6.613984634766415516e-01
1.203418647432396966e+02,6.809315199548989783e-01
1.355845004303835424e+02,6.787920083226646195e-01
1.439349223885618869e+02,6.426544079354113981e-01
1.318608013547611790e+02,6.199829050004561637e-01
1.343141208447560473e+02,6.197123058278805052e-01
1.388128058316829652e+02,6.547407981374782082e-01
1.516598065548373313e+02,6.329045118504229572e-01
1.522861494003656446e+02,6.044004600328902743e-01
1.587507652477817714e+02,5.987850028893698662e-01
1.589918346593003378e+02,6.212298813260016539e-01
1.603725176173240072e+02,5.975864647311832645e-01
1.502039506379714169e+02,5.496635267830848326e-01
1.502039506379714169e+02,5.496635267830848326e-01
1.460634055029853471e+02,5.025137800000137878e-01
1.403839951824776335e+02,4.488662317809630764e-01
1.365548349000572443e+02,5.670493213103791064e-01
1.280592943736046720e+02,4.554382751502629723e-01
1.261552334388072723e+02,5.440304289155412087e-01
1.177500644561296355e+02,4.429066409887367217e-01
1.204459980708325446e+02,3.720288234983279430e-01
1.253331085006982875e+02,4.400894935739662617e-01
1.231769950890505072e+02,5.109201045668293473e-01
1.208640001082989386e+02,5.566308481194927049e-01
1.155490357417049836e+02,5.091836264387873401e-01
1.103744489629871026e+02,4.191496438119798329e-01
1.107292095318884719e+02,3.727617557769913326e-01
1.117234784726761347e+02,3.622454468256493532e-01
9.568987634317555546e+01,1.909985610102464815e-01
1.033026020411429329e+02,2.907871465547654521e-01
1.029864569672274257e+02,2.964465413465143806e-01
1.130727173459296040e+02,3.003739433524654778e-01
1.077409306297261509e+02,3.637584803748759033e-01
1.138137334963678597e+02,4.427796440335777794e-01
1.164906403297625985e+02,4.986661739989083353e-01
1.239692532655682555e+02,5.375323123405071346e-01
1.283024131435535651e+02,5.817801093216239394e-01
1.293576900577320430e+02,5.980196977235890943e-01
1.343258166106467115e+02,5.842798348467678204e-01
1.314923177041966369e+02,5.627311445257996425e-01
1.247612681899369704e+02,4.517988520777568850e-01
1.316315221548850900e+02,5.302594132791360604e-01
1.319871861566971631e+02,5.836239050019688124e-01
1.353997394905189253e+02,5.745657544083481172e-01
1.301998937838502286e+02,5.743690312651528185e-01
1.291914288163244180e+02,4.853605818613840328e-01
1.306455645253114142e+02,6.800502085826447551e-01
1.311748199504419006e+02,6.448297012537386186e-01
1.360400465689805003e+02,5.721014277732657805e-01
1.327311226578401886e+02,5.760634027358705334e-01
1.186355467074879613e+02,4.130087753847382914e-01
1.192364226335569128e+02,4.927719754097165672e-01
1.170413243560004730e+02,4.429940823341789180e-01
1.182960212345694941e+02,4.568182935093480501e-01
1.105212639748111627e+02,4.707733223734731354e-01
1.299889977796535163e+02,6.186579687953045470e-01
1.249027797511366202e+02,6.529003671338944326e-01
1.292001323245438300e+02,6.071344431499408056e-01
1.323511470993537102e+02,6.210873188523029498e-01
1.306513877714333773e+02,6.442325207236261342e-01
1.338829997340694433e+02,5.884448834232620662e-01
1.355044546213658236e+02,5.161306613298278778e-01
1.216681883333008898e+02,4.233519771616263694e-01
1.172627204796689711e+02,4.307293950410359673e-01
1.087310139616275819e+02,3.619890705186118440e-01
1.087140103144844687e+02,4.095231640028197950e-01
1.053541812706548342e+02,3.790583594281963786e-01
1.089478383743576302e+02,3.784568519000695019e-01
1.128900236389070244e+02,3.688252753592942135e-01
1.221458830808480371e+02,4.488403007420428414e-01
1.180857453962297683e+02,4.081416229125070516e-01
1.261135659611303055e+02,4.518384572134696020e-01
1.154491513829752023e+02,4.975970560936306408e-01
1.198364461881915162e+02,4.657286102711272191e-01
1.148728874080469495e+02,4.615973278576686600e-01
1.174845938670861045e+02,4.570954311908982381e-01
1.197718783465369228e+02,4.744205491642302097e-01
1.176376548836583567e+02,4.791859986527297610e-01
1.129239548395885606e+02,5.231577370231307311e-01
1.208243033791722922e+02,4.583451567869797905e-01
1.221343138490289277e+02,3.835507209853983857e-01
1.192131384870158968e+02,3.812537056054103868e-01
1.253628854198231721e+02,4.361618907635873565e-01
1.214217083924215643e+02,4.961681849222848717e-01
1.181239221237256913e+02,6.007986421980751057e-01
1.158854745069397012e+02,5.720509689811367204e-01
1.219643773956450445e+02,5.883739637615429396e-01
1.244247021358412013e+02,6.096015995104354657e-01
1.253313951011019185e+02,4.882167556218131588e-01
1.181059392727532611e+02,5.782467061151107535e-01
1.116665413574570067e+02,4.304636295089393494e-01
1.123238809608502180e+02,4.165748971225053388e-01
1.088421615646433906e+02,3.061038639476827972e-01
1.005940838041970835e+02,1.234382073685603987e-01
1.056400557015964381e+02,1.807006764594386028e-01
1.039839175556898851e+02,2.693678413603365907e-01
1.078337997065885929e+02,2.615203139268297283e-01
1.099216035033522161e+02,2.384660324344461402e-01
1.076718485788421873e+02,2.419841309370684979e-01
1.176170156493266887e+02,3.292859322343388295e-01
1.154862693029490828e+02,4.787841068655847576e-01
1.058885275390509548e+02,4.198950941177743701e-01
1.082206841890123030e+02,4.082665179947702061e-01
1.055283187937885714e+02,3.612636805495845205e-01
1.112465981034232527e+02,3.400763338079786369e-01
1.198900309890476166e+02,4.018472163142523534e-01
1.107770610783692007e+02,4.627563038229943748e-01
1.070169649773081204e+02,4.260880453069962326e-01
1.198695727483788573e+02,5.496664181097135060e-01
1.383853570782085569e+02,5.845699631126882734e-01
1.393728498041701869e+02,6.400742652987422288e-01
1.329386350284465550e+02,7.273471182981353644e-01
1.329438842670301426e+02,6.394321805490108535e-01
1.313950533986753442e+02,5.527453806902289379e-01
1.270732728537660421e+02,6.243191435637314157e-01
1.249179064134113162e+02,6.368434501668014391e-01
1.180688627316857975e+02,6.012639748884821556e-01
1.121654485575072755e+02,5.437880506026167016e-01
1.146904079298579830e+02,4.187662723165662682e-01
1.164997608746446360e+02,3.622962100190059709e-01
1.214549673266196237e+02,5.010036012885284995e-01
1.180489740837787309e+02,5.184399856868789902e-01
1.227941716766732725e+02,6.261555759151605782e-01
1.145518086558525681e+02,6.379791992621386409e-01
1.143459758081547477e+02,6.027598579616514352e-01
1.180810880305836719e+02,6.270792550005647170e-01
1.146366957272230707e+02,5.492530793996379668e-01
1.127931855626723490e+02,4.627888777333688530e-01
1.059752002391978181e+02,4.066541595422815680e-01
1.024545366091409733e+02,4.998038357163376300e-01
1.092447343224332315e+02,5.396109973771007207e-01
1.192390525797086411e+02,5.528194161093520353e-01
1.319864464217706086e+02,6.034265144309746143e-01
1.220422253449597747e+02,5.119983238714773677e-01
1.193961641191825009e+02,5.356681405690212339e-01
1.102971044810044390e+02,3.696685025240191158e-01
1.123428119553223183e+02,3.663347983218112058e-01
1.109744767999967081e+02,4.327996966029462045e-01
1.179871189690033901e+02,4.568745677709262210e-01
1.085387032788742090e+02,3.443235461528623698e-01
1.042755787843326942e+02,3.226559568075797468e-01
1.061100543703303174e+02,2.496120034525785014e-01
1.069983668614478489e+02,3.036318690588775127e-01
1.060222413817227647e+02,3.802418095307080748e-01
1.014553699638501598e+02,3.551832789366618504e-01
1.064528693252277520e+02,4.206500506882612234e-01
1.198876606543511940e+02,5.186017371482666283e-01
1.221174423362020747e+02,5.069261621064753420e-01
1.298378249824361035e+02,5.149538546380516557e-01
1.388356465823466692e+02,5.111211795835973737e-01
1.260564065916161525e+02,5.747574599475359092e-01
1.304149452248663295e+02,6.639707468992606110e-01
1.333868619876897696e+02,6.190835079362635440e-01
1.332077123291028045e+02,6.525792694280513340e-01
1.372232238720703776e+02,5.297346726839380349e-01
1.327492445023649736e+02,6.466707377780757104e-01
1.287967097250034954e+02,6.163550332279337240e-01
1.374387239237998699e+02,6.337079705264443419e-01
1.305942377412724227e+02,5.976045401599762164e-01
1.247406558274691548e+02,5.503844586942531203e-01
1.209337085153694460e+02,5.629239229455422766e-01
1.242645801493099640e+02,5.090752231264358274e-01
1.185640507803584995e+02,3.471828529603414037e-01
1.093185308237527806e+02,2.683030816282246933e-01
1.011667665601014789e+02,3.100877832177224014e-01
1.016757471634986558e+02,3.196931579566048565e-01
9.961235326694466607e+01,2.844402309610287727e-01
1.071382995230335951e+02,2.719299392933253179e-01
1.007876391710179291e+02,3.280697598901901046e-01
1.050844675330034619e+02,3.555591047598532506e-01
1.085255816311411223e+02,3.398388019415895522e-01
1.212419841191404117e+02,4.520446102518481668e-01
1.216267968322793536e+02,4.589947856140905724e-01
1.136728044414437306e+02,4.427669486969924018e-01
1.156488996527648538e+02,4.192247470903627815e-01
1.258095159256273234e+02,4.028876730146534468e-01
1.152482778264186436e+02,4.934008440453993560e-01
1.120203759822999388e+02,4.998880279516751401e-01
1.136437456964010693e+02,3.718202103616875531e-01
1.166725361670638534e+02,5.150688071293176851e-01
1.134453850435774882e+02,4.809795333640438653e-01
1.111469672765670538e+02,4.205607707478773438e-01
9.545512032218732656e+01,3.898314315315306589e-01
1.064731707301612289e+02,3.441084794850006734e-01
1.057978976836802190e+02,4.303581268907018531e-01
1.122266020304816720e+02,3.470534594284889751e-01
1.221887567678427899e+02,4.183392269579229161e-01
1.262821968342538810e+02,4.694847867124825602e-01
1.312426353656925073e+02,4.498391176577761774e-01
1.278886301667437664e+02,5.809696402147288552e-01
1.196863140398890124e+02,4.146602392161069517e-01
1.170783676781794185e+02,2.918866816762114569e-01
1.124222127216603582e+02,2.791183831105836788e-01
1.081920049404921969e+02,2.827031652315338817e-01
1.042065117627060573e+02,2.211388206765847464e-01
1.003293205235313792e+02,2.732574913308878362e-01
1.001475738215048779e+02,2.406484185474455084e-01
1.082723382839922834e+02,3.792963734918453622e-01
1.094978569907504351e+02,4.774173125029604337e-01
1.144726711781220985e+02,4.192180775935242520e-01
1.068603074706031606e+02,3.270822687261020212e-01
1.108689584544487730e+02,3.090445659199664297e-01
1.069934733719410502e+02,2.352555441087571808e-01
9.509568934402692264e+01,3.478154799009092746e-01
9.958502467678361825e+01,4.084593148032767962e-01
1.079925252126265889e+02,3.915679338555792532e-01
9.600215735160531949e+01,2.670075312322464089e-01
9.859844392722307305e+01,2.644278429220566773e-01
1.105971352791455899e+02,2.586561940790606529e-01
1.173579571546521265e+02,3.137900479666927422e-01
1.159004107417772644e+02,3.988324314258603898e-01
1.239027534625214457e+02,4.125192934069402129e-01
1.245586237793421134e+02,4.526376136918359161e-01
1.199925066706109220e+02,3.876453585626882248e-01
1.135533089229080161e+02,3.581650236650026908e-01
1.263819511558999125e+02,3.971341285260726606e-01
1.241842504324523446e+02,3.582362105152567811e-01
1.086425062922899514e+02,4.512652867381441446e-01
1.034023893135716605e+02,4.148108418140710185e-01
1.158741033730732823e+02,4.123048080440357976e-01
1.162349911771260906e+02,3.433734771009998021e-01
1.167104867612046348e+02,4.397865945501972518e-01
1.179542797155857130e+02,4.788319548903508527e-01
1.117487377358762615e+02,5.251460741823712475e-01
1.259521974383644647e+02,5.084103491439688760e-01
1.269949793672846425e+02,4.580930316998466090e-01
1.213854918847203379e+02,3.931112753358637635e-01
1.121201903926895511e+02,3.618140254451747140e-01
1.185033806170560808e+02,3.908765585124521214e-01
1.201609698610838848e+02,4.132878213986630467e-01
1.110133399242012899e+02,4.719649445419046851e-01
1.162565331767416978e+02,4.555075417044195940e-01
1.154373832730893525e+02,4.666823555867714579e-01
1.094842104518447741e+02,3.620714292248498056e-01
1.029802998610208817e+02,3.016285751125337145e-01
1.048834445712511751e+02,2.686625135341971227e-01
1.084561698130015372e+02,2.199397216453613524e-01
1.040971496915222190e+02,2.597612290889695363e-01
1.078581700693749497e+02,3.209995167863419208e-01
1.136785692174155713e+02,4.266889024683422349e-01
1.167609481135162355e+02,4.400879382836180853e-01
1.197176754925065012e+02,5.426291880593847594e-01
1.133204997929220639e+02,4.102632323718541918e-01
1.164299312893655411e+02,4.224402604140534701e-01
1.108573581722516934e+02,3.512307651300174971e-01
1.087775471060575114e+02,3.883741560496627443e-01
1.056599609587119772e+02,3.420584462704095441e-01
1.075958125798365046e+02,3.687156910932874454e-01
9.859971920870283668e+01,3.603679070349061764e-01
9.825744770441900755e+01,2.962448613881714099e-01
9.583104454510700521e+01,1.884528615657878325e-01
1.086471897243187783e+02,2.241074449142866354e-01
1.043670972980644507e+02,3.336645085081056394e-01
1.082041137110812343e+02,4.435790863659571648e-01
1.229513479960303215e+02,4.588154539984496405e-01
1.049987001308320487e+02,3.050990056911227488e-01
9.926678925497024863e+01,2.385617366742303624e-01
1.165434358074647605e+02,2.525943986604446967e-01
1.132531949042974873e+02,3.765484218874290967e-01
1.152089901572365704e+02,4.057602361424165194e-01
1.135454044325025222e+02,4.328130205630126293e-01
1.111642420428838136e+02,3.149157648381428198e-01
1.183050720227088561e+02,3.818341418631293060e-01
1.214533355556426528e+02,3.920038805315904651e-01
1.243349616628721037e+02,4.301583457583367243e-01
1.269376689487277901e+02,4.679133970385134234e-01
1.201057286530303116e+02,5.972575830800530561e-01
1.208369723756756144e+02,5.424464358009781773e-01
1.187676212678435377e+02,3.815778647209323582e-01
1.036703755551802004e+02,3.499707727012085212e-01
1.066098025150215278e+02,3.293377871991637340e-01
1.073423700789252706e+02,3.595385999729846516e-01
1.023431810420252361e+02,3.973838417777370569e-01
1.003854729878972307e+02,4.509470888247014142e-01
1.101626495253711937e+02,4.914337730439820584e-01
1.149157071878071861e+02,5.163540807151806300e-01
1.228361801494678787e+02,4.874342131887135499e-01
1.245103452996936682e+02,5.223916245893750476e-01
1.374937017087256947e+02,5.665260080555970523e-01
1.321525319437223800e+02,5.574719144275535054e-01
1.251250726365623933e+02,5.084882474692866694e-01
1.316229246281019130e+02,5.479626283728525893e-01
1.218684872813828122e+02,5.968463591245335431e-01
1.281215132045013263e+02,6.039390707718590434e-01
1.232287509383194930e+02,6.600107917322424189e-01
1.271954984599643268e+02,6.679218037384018203e-01
1.315534470439610004e+02,6.147239286030301564e-01
1.211912488664116125e+02,6.152115785804030956e-01
1.308612685363108596e+02,6.095504666713981168e-01
1.268168186814169474e+02,6.076008556574014063e-01
1.313433131144425090e+02,6.017389201867965332e-01
1.247329797999163787e+02,5.431247302508785957e-01
1.244933154044104526e+02,5.503341259160706711e-01
1.161095743752793794e+02,4.742904799627504775e-01
1.224547209215856753e+02,5.190670901767295842e-01
1.191484911517024159e+02,4.879726191271580027e-01
1.178135421265743901e+02,5.238371493149157621e-01
1.142628764065089371e+02,5.663913633267538827e-01
1.050276186108140735e+02,4.722300863010707173e-01
1.205049013837085425e+02,4.721657648339956936e-01
1.166017560416136263e+02,5.072930917804995277e-01
1.221593006934475483e+02,4.416619238254671509e-01
1.177667597321685662e+02,3.262708165270667982e-01
1.081219772637377901e+02,3.040929320586610585e-01
1.186725565339736050e+02,3.340790320248759881e-01
1.125411669312487817e+02,3.646790609960012808e-01
1.157398085177445068e+02,3.372731617748298549e-01
1.193476577432288082e+02,3.772360526935864544e-01
1.080718663247491378e+02,2.780199594328666701e-01
1.085667574068962153e+02,3.651052655025210925e-01
9.801336149405872789e+01,2.774931382591381834e-01
1.046548196750035373e+02,2.082851433045332379e-01
1.125989495163713485e+02,2.480036731509886461e-01
1.039989386315684925e+02,2.382573024024082498e-01
1.047636144349500000e+02,3.030501598363254390e-01
1.083477737816022568e+02,2.827973386897791874e-01
1.126035157091430534e+02,3.223344025163880078e-01
1.080492614312474586e+02,3.940830717200698996e-01
1.061768188953896441e+02,3.914402590678592864e-01
1.089114672166670630e+02,3.335881479043372178e-01
1.102667390445240869e+02,3.195433726616889736e-01
1.010702124474807704e+02,2.893425543688599166e-01
1.000074030832746672e+02,3.287891809651565800e-01
1.045563856685430721e+02,3.251375468538466040e-01
1.136647048078537807e+02,3.810392856472150092e-01
1.161876750613999008e+02,3.781048619335456440e-01
1.176228563343239557e+02,4.396988696629153259e-01
1.219018780183887287e+02,3.945023245209996476e-01
1.193955743214438456e+02,3.481895486181505461e-01
1.213679340009577174e+02,5.260943393410122404e-01
1.177674357417085105e+02,5.107392874802595406e-01
1.169769230082220304e+02,5.772285154563875365e-01
1.221900576124972275e+02,5.279426812262201230e-01
1.295728323936030790e+02,4.753603128782713516e-01
1.174728791110802604e+02,4.842942116662906638e-01
1.079830009683056460e+02,4.356509380062048020e-01
1.116151814481918905e+02,3.094573956296828854e-01
1.068065438503511899e+02,3.660008592030594143e-01
1.060376994459234794e+02,2.980046268722411629e-01
1.105520183790927007e+02,3.009007959651223141e-01
1.075300379835412485e+02,3.157254495429666630e-01
1.118080035997078596e+02,2.404573664230669205e-01
1.009139311083890789e+02,3.158466243382124228e-01
1.069669437078389365e+02,3.490122786654238363e-01
1.025287507251211565e+02,1.816108559354763230e-01
9.755613126668923485e+01,2.274743229824887913e-01
1.008672806696675792e+02,2.644016329456198022e-01
1.027291202248122488e+02,2.041444414779601257e-01
1.032109746394552729e+02,1.520904280236537176e-01
1.076850485281632928e+02,1.887344949534772998e-01
1.062599767204956294e+02,2.596050292025174899e-01
1.060312967584680166e+02,3.024333813614516475e-01
1.006844898831847388e+02,3.033850515130828152e-01
1.175760687706186332e+02,4.883258567577527520e-01
1.253484611069379184e+02,5.028278701602386658e-01
1.225083402605766310e+02,5.634941976398341046e-01
1.224843574762399356e+02,5.352684130547169516e-01
1.194172087494728203e+02,5.665367034618173925e-01
1.181896404232806361e+02,4.869046722838331065e-01
1.111119699312915259e+02,4.004172817796959882e-01
1.081675136766182561e+02,4.085588075437271982e-01
1.136987460526418232e+02,4.273263781293735741e-01
1.115874046113619613e+02,3.887578836625231182e-01
1.103183834997857247e+02,3.451616708844339465e-01
1.061079631242087515e+02,1.830504348562511097e-01
9.722004210922557377e+01,1.824789894482346242e-01
9.770409907534957483e+01,2.985591429103365835e-01
1.036860828395722223e+02,2.763395235933000516e-01
9.804350982776485068e+01,2.628593703779061874e-01
1.002813381460772462e+02,2.517032765309250575e-01
9.846584383670268892e+01,2.746294573802998684e-01
1.086062431009109162e+02,2.824412763084657163e-01
1.008708635628540122e+02,3.342801670211786313e-01
1.013987777620264126e+02,3.048917163703418476e-01
1.120901943317102649e+02,1.857398715282962687e-01
1.079406699793467794e+02,1.419545746879581072e-01
1.213659110297705723e+02,2.311180263779396560e-01
1.238579877845399437e+02,2.171361001509117539e-01
1.300332413023195386e+02,4.134435767096781289e-01
1.293134030944545145e+02,4.728573185081393904e-01
1.208310470161610368e+02,4.821978335253570558e-01
1.164842340528632434e+02,5.248438222007343334e-01
1.230045971840431491e+02,4.557913106210071952e-01
1.266146114065703472e+02,3.611994880584774581e-01
1.150445267359430517e+02,3.187408464218441928e-01
1.044731102013375477e+02,2.362515612432123102e-01
1.023630873518570326e+02,2.471682608446776896e-01
1.024509290115710343e+02,3.364781057863576730e-01
1.092733934675211316e+02,4.619282708746704769e-01
1.059580713073743965e+02,3.766467126396616516e-01
1.009259217247871021e+02,3.077022022968773918e-01
1.059040430512643951e+02,2.886394242646596608e-01
1.048735998370845692e+02,3.458948606282754579e-01
1.059626630408810968e+02,2.608252053900282919e-01
1.049974000758492281e+02,3.857163637355899288e-01
1.026087948703240045e+02,4.533884950619366805e-01
1.089618533298033469e+02,4.395366765235717565e-01
1.083627808715936425e+02,5.050650716637794524e-01
1.180548500338472309e+02,4.654747097205189088e-01
1.261390237174526732e+02,4.510800756334078510e-01
1.277986595786211552e+02,5.020963342621914682e-01
1.169900850692430367e+02,4.739984209536276527e-01
1.205225529420828252e+02,3.685303691493821421e-01
1.245295635154645737e+02,3.511766880170367755e-01
1.268264501405219136e+02,4.052276492393386831e-01
1.200490724398650855e+02,3.668912856123108801e-01
1.258699849104973651e+02,4.537528660154407367e-01
1.286593921055453222e+02,5.013560087202717508e-01
1.179143357989887733e+02,5.013470537689075357e-01
1.287192740643373270e+02,4.787676055183598955e-01
1.233753949105053778e+02,5.103811145850375430e-01
1.205216806913774406e+02,5.284326463197253076e-01
1.150528169197960011e+02,4.679678530392367697e-01
1.197191193294782465e+02,5.470828215591754251e-01
1.239910039499600316e+02,5.576037165277610841e-01
1.234276582858694411e+02,5.385523009966970420e-01
1.222658503835013448e+02,4.149199278155902837e-01
1.176581394312469655e+02,4.307561892556974192e-01
1.352700009180426548e+02,5.300789219222558080e-01
1.279493790926848931e+02,4.780988376037026422e-01
1.299681973150976262e+02,5.720615453352833057e-01
1.183919259028852764e+02,5.237162004031992169e-01
1.265319006719719397e+02,5.699207359141561513e-01
1.273679823275914487e+02,6.441477580844576778e-01
1.257228112512141394e+02,6.441714500566632084e-01
1.369039178460212156e+02,6.955228070025162301e-01
1.346781426380921971e+02,6.680241074063812956e-01
1.383010202044375490e+02,6.143348643423590660e-01
1.246410158003829594e+02,5.713915209879845136e-01
1.266329931598027656e+02,6.148540747370326853e-01
1.300404284726945150e+02,5.553486823675561901e-01
1.304817987479287353e+02,5.360162588138018824e-01
1.150661896808823457e+02,5.618346170017324281e-01
1.181190964115155992e+02,6.254880470600188147e-01
1.197891254493486315e+02,5.380660239495653752e-01
1.097231565264365969e+02,3.692209584452104121e-01
1.091751420127812793e+02,3.795301693929389319e-01
1.156316142249283416e+02,4.412631489217589964e-01
1.144417523709217477e+02,4.303554950682987879e-01
1.052081451601315933e+02,3.436266722245586158e-01
1.062434443172599856e+02,3.169459022651106572e-01
1.067284977468703744e+02,3.956477577270275381e-01
1.067699588405684068e+02,3.117730088176392522e-01
1.072217677575008850e+02,3.259917769570486734e-01
1.181223300659498108e+02,3.967197097917172788e-01
1.166779000924289136e+02,4.238218180465813112e-01
1.104450626973994787e+02,4.655501929934997007e-01
1.116179129923410898e+02,4.205786448594880378e-01
1.187995404252314842e+02,4.176897480220216896e-01
1.216823362345888455e+02,4.977484575226691632e-01
1.241242431482816500e+02,4.460323883096908859e-01
1.259396962399868158e+02,5.208326601181145765e-01
1.192514826174409137e+02,6.005506841703269760e-01
1.250677410695431320e+02,5.334121129690705398e-01
1.126455398939058483e+02,5.165909655801760314e-01
1.200783335765160729e+02,3.994221316213857342e-01
1.286308062042044469e+02,4.288666492168018429e-01
1.089524679442901771e+02,2.924399533175633392e-01
1.127366758944085632e+02,3.654573231584962167e-01
1.172503053155479762e+02,3.527234027296148877e-01
1.240889996372713284e+02,4.614927634012446211e-01
1.174940901333480809e+02,4.665581081110228290e-01
1.093417798750071910e+02,4.252110753689039013e-01
1.090205607883183347e+02,3.560705868364369420e-01
1.054570610310832848e+02,3.944263393387487104e-01
1.045823448643429572e+02,3.516509259902763640e-01
1.161386380145353741e+02,4.492695248467615254e-01
1.097217011874203365e+02,3.533886716886233126e-01
1.044519847250833777e+02,2.937320039385212800e-01
1.090902651580070710e+02,3.733268186138719025e-01
1.096693332390569253e+02,3.586366488947341780e-01
1.143953726888690454e+02,3.612365991624333916e-01
1.070382314003834949e+02,2.776232244760040158e-01
1.222328340604591403e+02,4.411658208006020709e-01
1.131339697163397915e+02,4.197839297745276643e-01
1.064502166503099971e+02,3.372342568171196597e-01
1.122106887701580860e+02,3.587800375726841184e-01
1.046297844169866806e+02,3.007179047591628795e-01
1.053415442688349373e+02,3.008454940507467867e-01
9.892137908489810627e+01,3.663185264382859962e-01
9.924731082704680318e+01,3.083518723204963785e-01
1.044716512600514449e+02,2.658261115043581424e-01
1.026506356364367036e+02,3.034388447859761029e-01
1.032133034566942058e+02,3.323151844109279995e-01
1.145976534303617456e+02,4.479036085581890037e-01
1.208209933452497182e+02,5.351196480640206810e-01
1.207413794026579410e+02,5.184047622217556883e-01
1.195147356982597984e+02,5.443170982056321217e-01
1.272744021698480168e+02,5.313199649201763020e-01
1.233123294455371877e+02,6.314293539409080447e-01
1.244219310201287669e+02,6.444092710222820708e-01
1.330432707543392894e+02,6.432182463197568811e-01
1.292073904830996298e+02,6.260841912848111868e-01
1.316136231912803964e+02,6.248633648063960377e-01
1.223590572202002136e+02,5.322977008433114054e-01
1.238639460636250504e+02,4.870797443224348378e-01
1.276776609886616001e+02,5.362346745047230634e-01
1.271911837077714580e+02,5.950557961742629631e-01
1.253389509594173461e+02,4.934005157935691388e-01
1.295744148741112838e+02,5.246949585874689514e-01
1.201655038840594045e+02,4.949675604834171128e-01
1.240337251558667901e+02,5.258627410103591249e-01
1.219244704591867361e+02,5.510175148201843509e-01
1.182102127092685890e+02,5.059902306075640954e-01
1.106771064005389178e+02,4.824336218786528518e-01
1.264012535351985207e+02,4.836664112037319940e-01
1.284333263473632769e+02,6.127480211272511301e-01
1.228886707091338479e+02,6.578445904156788870e-01
1.223166177912422796e+02,6.389697994327604436e-01
1.181356044954293907e+02,6.140079250673357025e-01
1.148880540800512904e+02,5.555446590721503375e-01
1.219868472562826867e+02,5.011886085965258086e-01
1.168621486086446879e+02,4.396040405793762984e-01
1.117876391821551039e+02,4.348184703175814736e-01
1.045894472271998836e+02,3.617010833185742014e-01
1.131661845164761928e+02,2.979888933346800384e-01
8.642963447582953052e+01,2.640981911374574720e-01
9.045223063495576810e+01,2.719039025214496919e-01
9.406024933296431811e+01,1.979074327180591897e-01
9.252222628250649450e+01,1.517365819626876333e-01
9.725225467414999514e+01,7.443714469583713467e-02
1.006167045369662532e+02,1.089079336180695662e-01
1.017009116360474508e+02,3.394799030258981443e-01
1.066077317200252281e+02,3.212073064341944284e-01
1.111616806281205498e+02,3.533488330006692713e-01
1.102898817312909472e+02,3.298364988426943922e-01
9.919460976674055530e+01,1.918231899899537907e-01
1.025172824575406310e+02,2.689384253182581230e-01
1.077933124671753689e+02,3.596488200882550501e-01
1.149895824754673583e+02,4.264907701275038043e-01
1.094810791051930181e+02,4.047549144742619287e-01
1.108546072769452451e+02,3.651561716597413465e-01
1.064113780080361948e+02,2.861870624009686948e-01
9.781479291488886929e+01,2.006213633892067194e-01
9.839616344417710536e+01,2.100906713986467333e-01
1.074446222879971486e+02,2.630035270252242818e-01
9.220704823594573440e+01,1.905455506789116016e-01
9.763325674581550118e+01,1.837547588591576797e-01
9.609178398432328549e+01,1.948757042682107421e-01
9.397142107178699177e+01,2.162008617469697858e-01
9.432877011434803194e+01,2.083692772828664441e-01
1.029968404230453274e+02,3.217511225940294928e-01
9.875275917646102641e+01,3.434219210095317276e-01
1.052533247389710880e+02,2.841779647842476719e-01
1.120168850388680823e+02,3.135673518454132891e-01
1.138709497091362977e+02,3.475545380111711991e-01
1.091763671380514182e+02,3.997776082092038274e-01
1.100843024973972888e+02,4.582793795701302075e-01
1.070018095632294290e+02,4.733657295342194593e-01
1.042831896999468881e+02,4.193157509865654275e-01
1.154813739457216712e+02,5.139598135161566050e-01
1.100248055528140583e+02,5.005786486339416363e-01
1.048312880528723667e+02,4.322808854384291299e-01
1.037282364824618810e+02,4.348202072092494652e-01
1.080009411577094198e+02,4.629301193697413219e-01
9.769827889410410648e+01,3.508376484437458198e-01
1.096181017227302732e+02,3.969907844244267570e-01
1.085212675714490445e+02,3.584156074759925481e-01
1.055745683446849341e+02,3.048391543161066419e-01
1.120782910254503690e+02,2.956385408678719462e-01
1.059619752208131587e+02,3.682316815359020223e-01
1.008417864500577394e+02,3.480269120353186030e-01
9.990109911529648912e+01,2.925425502399852662e-01
1.007455936872782729e+02,2.147052525886121443e-01
1.070332917147011216e+02,2.497696935631588677e-01
1.202252251866825077e+02,3.274511446877670928e-01
1.199601223121702844e+02,3.712151894936970842e-01
1.174088006585808301e+02,3.346246316738454851e-01
1.100021857694111986e+02,3.720624643379207841e-01
1.097254421964500040e+02,3.969296718740458196e-01
1.108500952998815592e+02,3.223248388202517578e-01
1.102769534187441138e+02,2.770817328791729262e-01
1.005768813789479452e+02,1.984908670296074706e-01
1.004124885822343032e+02,2.854071790235735984e-01
1.101700262497070781e+02,3.477241627445339933e-01
1.050576187083017885e+02,3.023070367238376299e-01
1.020223372715343828e+02,2.572860457417209812e-01
1.000148953510171737e+02,2.579967280089756065e-01
9.974940905890369436e+01,2.632940393724468864e-01
1.035566118891818235e+02,2.788704862109810390e-01
9.727439878231878367e+01,1.780104172013748931e-01
1.039956989689859341e+02,2.253126138022789049e-01
1.030285944353664149e+02,3.724712435885245698e-01
1.110347922342983225e+02,3.431611236844259172e-01
1.121491388265336440e+02,4.430629692695305932e-01
1.067319744219965401e+02,4.153289274036193190e-01
1.127934102818200017e+02,4.417746559652656058e-01
1.117567024470646828e+02,4.030903114570539847e-01
1.035953444516942028e+02,3.164741509149371357e-01
1.035498857717631296e+02,4.006272143162150079e-01
1.038170480900852795e+02,2.870950846091439579e-01
1.083055345978717980e+02,2.931936831871506111e-01
1.028546457363112125e+02,2.943524397952714811e-01
1.057730029040990161e+02,3.441440702926225059e-01
1.167611562137242061e+02,3.904756001027066548e-01
1.188317813592934868e+02,3.927206957902884543e-01
1.135491495761795022e+02,3.913483508606733774e-01
1.105051210605423506e+02,3.326272361763112917e-01
1.068543490800774833e+02,4.063147524962926749e-01
1.115002099324478877e+02,3.404362549834314411e-01
1.247375114710707891e+02,4.601521121551233051e-01
1.312051651861479797e+02,6.424763726350724014e-01
1.287211476268171566e+02,5.056146862266190922e-01
1.161346503218252622e+02,5.196441435569019163e-01
1.185270815018843535e+02,4.294774036678385976e-01
1.270773416144590868e+02,5.297412115062175575e-01
1.226877210697953444e+02,4.156431028885884671e-01
1.230444121759251743e+02,3.304732042974085626e-01
1.192660360351671045e+02,2.979278857806528236e-01
1.121234909616699724e+02,4.339553316095492441e-01
1.147998060734016406e+02,4.469803014550547404e-01
1.090673816522383532e+02,3.841933797265272843e-01
1.095317421247990097e+02,3.803240038167066128e-01
1.044538956038850017e+02,2.548473989382998295e-01
9.601802967168744374e+01,1.812378870335458469e-01
9.651386519897185678e+01,2.395357418244317138e-01
9.672593125513674295e+01,1.596030536727416904e-01
1.027886885333078766e+02,2.030027288046788447e-01
9.449422905949867868e+01,2.308062355859227255e-01
1.021366586546822504e+02,2.837768944828350515e-01
9.952713082954966239e+01,2.478224790526030175e-01
1.047453482241177625e+02,2.388497258946872814e-01
1.020253460417495432e+02,1.971447959814361384e-01
1.032839057668504665e+02,3.725605540466816468e-01
1.106918458783585066e+02,4.712323238928900482e-01
1.197562317618181567e+02,4.855877914515639993e-01
1.227805437107866737e+02,4.721965458325123044e-01
1.207853246430049694e+02,4.948987608094442270e-01
1.208172049349939527e+02,5.249711335989604155e-01
1.061620315861081991e+02,4.248940066261813753e-01
1.125503612280010373e+02,3.706295381923169208e-01
1.119392039463692754e+02,3.388111486564924224e-01
1.219489193351338656e+02,5.354204306406735725e-01
1.205391401411220613e+02,5.057345074922552364e-01
1.213917875617135564e+02,4.362639171209921063e-01
1.203337555901865841e+02,4.575802529939947405e-01
1.274733360023390674e+02,4.260164864001877993e-01
1.263389359862620864e+02,4.008822095561921373e-01
1.267708539715829517e+02,5.088632810066634482e-01
1.212910584996105143e+02,5.940535583038721867e-01
1.241795317365870517e+02,5.460366086015026044e-01
1.360189892735889146e+02,4.956458383739817952e-01
1.264468465186521513e+02,5.029292803824855218e-01
1.224367809921309203e+02,5.864514951389274700e-01
1.212059625477236722e+02,6.647138919387427514e-01
1.270013548742712004e+02,5.103993916023737976e-01
1.154135248226559867e+02,5.658508411080102052e-01
1.248390120847642351e+02,6.215900685934698799e-01
1.306208537799752492e+02,5.372067871809136363e-01
1.380605873856231653e+02,5.343071559951504401e-01
1.336688009876249907e+02,6.650139356253494949e-01
1.309863908562472830e+02,7.088276301950939828e-01
1.293075620755427622e+02,7.202298118451155862e-01
1.214699790195023610e+02,5.222653242175037125e-01
1.187585406931702607e+02,5.063445083950229852e-01
1.120290335471464402e+02,4.151302426914313948e-01
1.122683452536426927e+02,4.166609400460330459e-01
1.212934643280123908e+02,4.893917158831210257e-01
1.175740622698687332e+02,4.894934924749222427e-01
1.221570655926184088e+02,5.441775696673366580e-01
1.274305343278645495e+02,5.643075289084372725e-01
1.245112063021930169e+02,5.617912577362468296e-01
1.268980146940303797e+02,5.262154951025032057e-01
1.299000890579328029e+02,5.693928156482248593e-01
1.321592792772226801e+02,5.662632767315322058e-01
1.239980890966255060e+02,5.914153169408706834e-01
1.233032209591778354e+02,5.328056938683777277e-01
1.187927667752896070e+02,5.660851131293160865e-01
1.174657321004156927e+02,4.597824069014784798e-01
1.250664831539690738e+02,4.334062530268100177e-01
1.226730250588793467e+02,4.314241353077231111e-01
1.209845044769316615e+02,5.667819646263776434e-01
1.225045156116791105e+02,6.211186245969094744e-01
1.223161198255148321e+02,7.302800699776412774e-01
1.235780695663972324e+02,6.482815328087484508e-01
1.168917763564400190e+02,5.487491875125424245e-01
1.255905552654557198e+02,6.465838791673731434e-01
1.376759137814939606e+02,5.823512353342722436e-01
1.308799687483256662e+02,5.558853940083930967e-01
1.259304514876198766e+02,4.665326053357948255e-01
1.244373800721341041e+02,4.990027611858258716e-01
1.229358599638747052e+02,5.005204101907895220e-01
1.373852451956302048e+02,4.792929673361354115e-01
1.329900894197417074e+02,4.666201650338872020e-01
1.245591998274481398e+02,4.480206903781535077e-01
1.142272220444196051e+02,3.399438144250958582e-01
1.081142316635569927e+02,3.819501870417704170e-01
1.090520900687123174e+02,3.429579897472670447e-01
1.110666040337887921e+02,3.078246388809088296e-01
1.102445588467971334e+02,3.673275529685557927e-01
1.035735410181746801e+02,4.187839653508751425e-01
9.998081832240687561e+01,3.134981031985420996e-01
1.182069727223104394e+02,3.946667234977507821e-01
1.106919412056939080e+02,4.671124374726240425e-01
1.079253240930272426e+02,4.673586949425843073e-01
1.192221060518836282e+02,4.596018566460737809e-01
1.197083269654530966e+02,4.059878114356790801e-01
1.201217684245794288e+02,4.177908970837239111e-01
1.152312581987823421e+02,4.595308262525297227e-01
1.093851296059348215e+02,5.020353366597939404e-01
1.031853773455829497e+02,5.091767887322374841e-01
1.093044985742822490e+02,5.079222019954861000e-01
1.197638871903322979e+02,4.470067138675399843e-01
1.116805112179607420e+02,4.768255674314434978e-01
1.173857231274768225e+02,4.622150394785230487e-01
1.160731080728814817e+02,3.775307997188950271e-01
1.083274365791320548e+02,4.230892416119497179e-01
1.116558539567715798e+02,4.487093463090656154e-01
1.084173410777723632e+02,3.440102459639872157e-01
1.066957435441426725e+02,4.101135923871983002e-01
1.072594744624176002e+02,4.938244706861575350e-01
9.685989213682537979e+01,3.936021660386148646e-01
9.685989213682537979e+01,3.936021660386148646e-01
1.077300520200436722e+02,2.841850317174094975e-01
1.013793760457515845e+02,3.535933647390221424e-01
9.564481819850470856e+01,3.246522528132129715e-01
1.000830524371436070e+02,2.615449599225483368e-01
1.011383036297790596e+02,2.661456512949114672e-01
1.019869815535260074e+02,2.480953006196383037e-01
1.040079973457806375e+02,2.184046769917942221e-01
1.182152447374089377e+02,2.830555140283859128e-01
1.138928323152576354e+02,3.809280856073591348e-01
1.095823528495602517e+02,4.006015231519401421e-01
1.100168786896650346e+02,3.744828592390200828e-01
1.104701258719220220e+02,4.213793318274977606e-01
1.100648214277371437e+02,3.383063937545829902e-01
1.077099271821417972e+02,3.575814130072114683e-01
1.141557780236621227e+02,4.138462397246717717e-01
1.159941932727013523e+02,4.661105349908357676e-01
1.249865659970994329e+02,5.468542289997671002e-01
1.231705831981666535e+02,4.635107792984768382e-01
1.276151137197244338e+02,4.875540487726846006e-01
1.179197495922390999e+02,4.343526208399362543e-01
1.217371934191569807e+02,5.037359550826837618e-01
1.173191332177457582e+02,5.569025941305598693e-01
1.137435462112834443e+02,5.327683833346432696e-01
1.245502191227449345e+02,5.423894306297720735e-01
1.221150818727827385e+02,4.123706087855101843e-01
1.269655984037728160e+02,3.674834972019164203e-01
1.193814813946760722e+02,3.375672825457532444e-01
1.004087468323458694e+02,2.627354603232813779e-01
8.913345618064714415e+01,1.708663475941913923e-01
8.626939919904091880e+01,1.470006967719782454e-01
8.483246693499121704e+01,1.874941596965516155e-01
9.453745396616390906e+01,2.237958108510572086e-01
9.867263349915000958e+01,2.401182012032544999e-01
1.028747956211217769e+02,3.213487253609185745e-01
1.067465752051970327e+02,3.566089395506701898e-01
1.054472921175714077e+02,3.627921628999718484e-01
1.092054082869752420e+02,4.262967063718718363e-01
1.078244914402306165e+02,3.108414705796140876e-01
1.043126314684412819e+02,3.009474955655662143e-01
1.066812137410945525e+02,2.654123981896500117e-01
1.055613306332554515e+02,2.256561965446218232e-01
1.036184894299992862e+02,2.040717911211773206e-01
9.929903371834258508e+01,1.977357403550873416e-01
9.679335734476028108e+01,2.847809342989389703e-01
1.122333013580041552e+02,3.489576745948821945e-01
9.897876455216353975e+01,2.218622695538648160e-01
1.014808671704386853e+02,3.171063819839815556e-01
1.061476926673205554e+02,2.978703260576973100e-01
1.196544988531323952e+02,3.158707019316508435e-01
1.131109978403192429e+02,3.029007131652613483e-01
1.056435696785397766e+02,2.470798017286004455e-01
9.445570594305146983e+01,2.290408340843506363e-01
1.018690898415711814e+02,1.595264715969838543e-01
9.518290992335133183e+01,1.765658387903241422e-01
9.932553379477002409e+01,8.257273449854926617e-02
9.543853368102655566e+01,5.089614694495035035e-02
8.692984331278829302e+01,9.664759971313711950e-02
9.104409780788370199e+01,1.363470158668729226e-01
8.976760265127224159e+01,9.663845009970761790e-02
9.185572971907922124e+01,1.444781960743735938e-01
9.380032099479889496e+01,2.595612488528147299e-01
9.981612681555913014e+01,3.396937101314231877e-01
1.015726713005487625e+02,3.116646798124529383e-01
9.820231944784097777e+01,2.458880290849969619e-01
9.766431444655118810e+01,2.535815516289954830e-01
1.040713627751845962e+02,2.115891918292085172e-01
1.061000067326313001e+02,2.879067251772726155e-01
1.014508661835050418e+02,3.106320290947550689e-01
1.017600573442184242e+02,2.745981940150083456e-01
1.020607517333840946e+02,3.363683424886491635e-01
1.041571282631542346e+02,3.468999618246288441e-01
1.093405019460433891e+02,2.996410874026886328e-01
1.041558051335170774e+02,3.174139457641005913e-01
1.063682871547996314e+02,2.926582698151803941e-01
1.073555761748069415e+02,4.930400194085733379e-01
1.043111001908263944e+02,3.105839876056772919e-01
9.541722065222873539e+01,3.410081958699289206e-01
9.629501326020060503e+01,3.156522202009047762e-01
9.625228615459657533e+01,2.213050177095168547e-01
9.744319861724994780e+01,2.982396120778839643e-01
1.027422727643550360e+02,2.933138573261005466e-01
1.022498782315580996e+02,3.489766860607356191e-01
1.141572608679225169e+02,3.304440438949389769e-01
1.146689632423182132e+02,3.915623017265479344e-01
1.093043215436708095e+02,4.213632886052943172e-01
1.115752366596192502e+02,4.511107324054789425e-01
1.088847377072343932e+02,3.801873974260223665e-01
1.151890167880910809e+02,4.686408493577281509e-01
1.130938411253878115e+02,4.837193827621810716e-01
1.190757989953375784e+02,4.879359876143106733e-01
1.268312025997808519e+02,5.891049078047383425e-01
1.236369560177227243e+02,5.550879953010667833e-01
1.222909865465789494e+02,4.690772262309242935e-01
1.187017078441452895e+02,4.669621217945404967e-01
1.180586917995537988e+02,4.130626514852556719e-01
1.227017977578731092e+02,4.433257165285545698e-01
1.160678184047460064e+02,4.623514036481405354e-01
1.195437853260466312e+02,5.172966624749505415e-01
1.143644418184511835e+02,4.936952187088714528e-01
1.135600664579912831e+02,4.400573177465894048e-01
1.134542852677867444e+02,5.121436677773344437e-01
1.089824354937339734e+02,3.699256334447388883e-01
1.135305630836431874e+02,4.677029319435784260e-01
1.140255508783131546e+02,4.919992876133488791e-01
1.125210153096446248e+02,4.975670084978583430e-01
1.052772657532054836e+02,4.835943905647239194e-01
1.143991216456852555e+02,3.934252777182047356e-01
1.158951250409400728e+02,3.639307486970011496e-01
1.136074797556753566e+02,3.533220166213489888e-01
1.075306417615957884e+02,3.285990816559258287e-01
1.069001561235649831e+02,3.335801459067339048e-01
1.121833595712941616e+02,3.594660891739322461e-01
1.074462994377708327e+02,3.977294951767490483e-01
1.132352607242544735e+02,3.651306648388625287e-01
1.027962178544750742e+02,3.388617906274939973e-01
1.035142045907325183e+02,2.776057864323476232e-01
1.031537869792549316e+02,2.373380267421184575e-01
1.046853279326200266e+02,2.023754855474578229e-01
1.036726664906464208e+02,3.242574690488790878e-01
1.087983791305603063e+02,3.270630122573680021e-01
9.768204017501236081e+01,2.745838931850151932e-01
9.560804628481724876e+01,1.789861929042085853e-01
8.917405644581566548e+01,2.013873116551501974e-01
9.657767849561685125e+01,1.413682762135907434e-01
9.534772716228077627e+01,2.210581093769883876e-01
9.216191089680232551e+01,2.616077586218539253e-01
9.216191089680232551e+01,2.616077586218539253e-01
9.117684188243303822e+01,2.307249069312508061e-01
9.589149078586511621e+01,3.110317462265798638e-01
9.462687861951512502e+01,3.132208785495446124e-01
1.012412830360600680e+02,2.518093913007389273e-01
1.017282617406415426e+02,2.673354705481225113e-01
1.031516479150448049e+02,3.151893535918144917e-01
1.045701916381315186e+02,3.651659616624013949e-01
1.191370059704287883e+02,4.908031869148531401e-01
1.105324489386188418e+02,4.623777739591554692e-01
1.107660837115553818e+02,4.293981544534463124e-01
1.127666505397456973e+02,4.249907405523327131e-01
1.141847668892669390e+02,4.472927053868744895e-01
1.131509023032882340e+02,4.319675714335841632e-01
1.166476265465457516e+02,4.695656600041732687e-01
1.154650829246811696e+02,4.900297833879221354e-01
1.256712850347149839e+02,5.303803727834025539e-01
1.275560779196493399e+02,4.382835980055073688e-01
1.217994242355726016e+02,5.659570405428209217e-01
1.211025036139500202e+02,5.972402220683018514e-01
1.146661495396305810e+02,4.948649184531362377e-01
1.223332452744722190e+02,4.235419225611503635e-01
1.247300222737125637e+02,4.430390094061059103e-01
1.140711987543170522e+02,4.239197013229938915e-01
1.133287936536460165e+02,4.300388268998773800e-01
1.112657019411736883e+02,3.846321484028887849e-01
1.165547559029280080e+02,4.862628168692485486e-01
1.108999841893854352e+02,4.386953717294382327e-01
1.103331729658454918e+02,3.808999678389342614e-01
9.858500594970823272e+01,3.762681833582940949e-01
1.048865601077686875e+02,3.730495292141867703e-01
1.054350509476699074e+02,3.215884909067591724e-01
1.183509741569001648e+02,3.795852125515699615e-01
1.204868869775052218e+02,5.081602699272352863e-01
1.125972790300730111e+02,3.942541035754734691e-01
1.098504035379062600e+02,4.829619197856304669e-01
1.059371321836035236e+02,3.912385060421701422e-01
1.130956374147129253e+02,2.380006350290943817e-01
1.108161251302019537e+02,2.507962277863726164e-01
1.035139792095308309e+02,3.061050100227967197e-01
1.069564923095333739e+02,3.052771991599774748e-01
1.047811988563069008e+02,3.310168744581393763e-01
1.102997393683967005e+02,3.714798848661828301e-01
1.023603270330700212e+02,4.535132592007976582e-01
1.013638648364643160e+02,3.286460633838451662e-01
1.075386928138355245e+02,2.973114871888368205e-01
1.000121548002850744e+02,2.269158831854393155e-01
9.582659240709131154e+01,1.611993168419963152e-01
1.069046933846589695e+02,2.484744304892202160e-01
1.006005571082256438e+02,2.951902822515574121e-01
1.013978535768645486e+02,3.309257600827820167e-01
1.033326545379659080e+02,3.426787968923767913e-01
1.084318361145591467e+02,3.668084660632723315e-01
1.173241880181092398e+02,3.410928748491166007e-01
1.127062357830678678e+02,3.410198350672712375e-01
1.151754271418394922e+02,3.684340465431200085e-01
1.135070006921037020e+02,4.004069039784720618e-01
1.274109007781524525e+02,4.361920722316870447e-01
1.263252120907643103e+02,4.621609261816524428e-01
1.208853058292781668e+02,3.057856866538454232e-01
1.151043681803276684e+02,3.270453178602414912e-01
1.181248509594778824e+02,4.438689238708628526e-01
1.164977975700588360e+02,3.901563979561523121e-01
1.229818488038500277e+02,5.373335079183444440e-01
1.320658183635412399e+02,4.508297280665127804e-01
1.235101103450746223e+02,4.520805067193865989e-01
1.153261881910653415e+02,5.025772450039350803e-01
1.243399408926416214e+02,4.974743602212565730e-01
1.175826946786995393e+02,5.142112324331374884e-01
1.288708703891496157e+02,4.680100419880691698e-01
1.268307380994369851e+02,4.298357975233227934e-01
1.269994159575987851e+02,4.079364718571641402e-01
1.174035076296637072e+02,3.284534547974231611e-01
1.067116504138735849e+02,3.226596868006653684e-01
1.118687137292615432e+02,4.654108036425703143e-01
1.198193081926450958e+02,5.265446284763266593e-01
1.170425561404760657e+02,5.365468988032321418e-01
1.317800193112671820e+02,6.723140658337963815e-01
1.283364138991629204e+02,6.745717363594805338e-01
1.184589111198591951e+02,4.494288772678499133e-01
1.118524426484845407e+02,4.969942695655192311e-01
1.060206053102839689e+02,5.027709133381792483e-01
1.122307593287046785e+02,3.601119824821086834e-01
9.807748260577348276e+01,3.357913907658512942e-01
1.042664833094469543e+02,2.511452480420933164e-01
1.014638801371172434e+02,3.336788167815275541e-01
1.157803674554288875e+02,3.840751948879453370e-01
1.164208498160685394e+02,4.749118478138648625e-01
1.134488827723247653e+02,3.721565182954498230e-01
1.070215951876082698e+02,3.698709838152777207e-01
1.052416520171046699e+02,2.985478516986096453e-01
1.076172318728703203e+02,4.066342090951032828e-01
1.219250675138606539e+02,5.125644061816936325e-01
1.219583518836311100e+02,5.148478682621490110e-01
1.206487366970678323e+02,5.508767879794588262e-01
1.172283519742126572e+02,4.514268239454892750e-01
1.252432201813468566e+02,4.573986204466291561e-01
1.157862392094066024e+02,4.900447328594030316e-01
1.167468412198453223e+02,4.423161947345744527e-01
1.118833814055906402e+02,4.889048869570566391e-01
1.160971615020248748e+02,4.292165997365234298e-01
1.129232178990518349e+02,4.750981854971706997e-01
1.194307431624804963e+02,3.804813704169061617e-01
1.166935329001120465e+02,4.724812426901644491e-01
1.155534948065038208e+02,5.173130138987632742e-01
1.180075242622682907e+02,4.588291667031286769e-01
1.135796575475605437e+02,4.552434632553934990e-01
1.182043255719814567e+02,4.780344672809128115e-01
1.231536158641354461e+02,4.724289431508040260e-01
1.095273135518078220e+02,4.804769230230371280e-01
1.073792429702512692e+02,4.515530708409439820e-01
1.087003875573656728e+02,4.473239821675294992e-01
1.243474826487625933e+02,4.730251555195068014e-01
1.214249736843327838e+02,4.817436860986564762e-01
1.236405351121343301e+02,4.500677674490818347e-01
1.186633203661470048e+02,3.692717697882378358e-01
1.012078480451151705e+02,2.964878566686744987e-01
1.083661257916681535e+02,3.405514982146571890e-01
1.038143813269300750e+02,3.519729677673827384e-01
1.019932621232390488e+02,4.248571360050432677e-01
1.140662833483431626e+02,4.195219445572251349e-01
1.181247656583039571e+02,3.512378024361201279e-01
1.185749143667998027e+02,3.257162394676670347e-01
1.150140400726877772e+02,4.294593525003836398e-01
1.079971747847076813e+02,3.373224943009573429e-01
9.423789447993787860e+01,2.833981619908952920e-01
1.035801060577811796e+02,2.711539325251306476e-01
9.802490790770943363e+01,2.027860009587487689e-01
1.072092997622519306e+02,2.212740473435341748e-01
1.082648757795573147e+02,2.055303974972706449e-01
1.027620222310985554e+02,2.359776961161076936e-01
9.705736993296862636e+01,2.963778718378060062e-01
9.410488637517424593e+01,2.015652415917404960e-01
1.004758656059398874e+02,1.485499852860213688e-01
9.605181369007172520e+01,1.763118294781331752e-01
1.008187571335133441e+02,1.648662560768744678e-01
9.297744108856575451e+01,1.811219532630654883e-01
1.015601480298696515e+02,3.240546758349441281e-01
9.339181805864828334e+01,1.548921984018634124e-01
1.006498395449537782e+02,2.098724596952729338e-01
1.105428989034370062e+02,2.562924342910987141e-01
1.212192343701329094e+02,3.277016666341269757e-01
1.114802469897722830e+02,2.872320693688068527e-01
1.128293013353249705e+02,2.830755752221787991e-01
1.115914224672257546e+02,2.439973790442886703e-01
1.122966780767336985e+02,3.154198558261416263e-01
9.782943178285594854e+01,1.929123132314866929e-01
9.950190184407530580e+01,3.455044027678810803e-01
9.701559304276297269e+01,3.024441855052419914e-01
1.041216553892112415e+02,4.086438740849613893e-01
1.136227754384097182e+02,4.188966859439419155e-01
1.161322151354690675e+02,3.341750004030245025e-01
1.098384273733985736e+02,3.113786075533186426e-01
1.012326286759783471e+02,2.966539296992322106e-01
9.397617987229089920e+01,3.476987235117198205e-01
1.028259631228864492e+02,3.248344657575237271e-01
1.044325765115781337e+02,3.363910003891179001e-01
9.900961240524736695e+01,2.930591587718948121e-01
9.655885321845256897e+01,2.529430878427834095e-01
1.017737087488343661e+02,2.546660042732291629e-01
1.011347885022484832e+02,2.684430672947300534e-01
1.002959178377651597e+02,3.471118880897494652e-01
1.014616171891108678e+02,3.459240222982741808e-01
1.019709675807041975e+02,3.202294658615733036e-01
1.161857840848591366e+02,5.082669200185754299e-01
1.193342432428504054e+02,5.162407122714569585e-01
1.211620779971498365e+02,5.680263580940367873e-01
1.191111464817441288e+02,4.797773465700256312e-01
1.226586595290990829e+02,3.756785550939581997e-01
1.221203528161127281e+02,3.721398068207112941e-01
1.134132685123001920e+02,4.268001528851947945e-01
1.176312357893292813e+02,5.209106273317611890e-01
1.220459063899378691e+02,5.096183504211970750e-01
1.240816711391686766e+02,6.024779986710384616e-01
1.314903133640808335e+02,5.923436754648170322e-01
1.318747782319734654e+02,6.019104066618079507e-01
1.324775525513275625e+02,6.679459171701351838e-01
1.222860114144141193e+02,6.614725198523787597e-01
1.240343006973984075e+02,5.076481432185004916e-01
1.292756420594427595e+02,5.696537639042434931e-01
1.329772799558696477e+02,5.593681825064951152e-01
1.254300912890889066e+02,5.902234352456737776e-01
1.200367418031262190e+02,4.805532027429244013e-01
1.156501234070782402e+02,5.231658323732568672e-01
1.219780199450286204e+02,4.958013076980526956e-01
1.104367264596327516e+02,4.147756500935185220e-01
1.054864202024449327e+02,4.498321944083434332e-01
1.102433914896730300e+02,3.575902489225193936e-01
1.075810840650272695e+02,3.801701596944283557e-01
1.112197002129791201e+02,4.086235714261210461e-01
1.159007603238330404e+02,4.143547379509925910e-01
1.229305407161492809e+02,4.288430991020174554e-01
1.233335801437517460e+02,4.504791191672596340e-01
1.239301250975397579e+02,4.026241877978544714e-01
1.141176412604047670e+02,3.596015114004846303e-01
1.057112231183370170e+02,4.052211534488537326e-01
1.142676041818456838e+02,4.807015926307429132e-01
1.215190270124095804e+02,4.771770086969767677e-01
1.147505682697847362e+02,5.145338356067948871e-01
1.278866855378613678e+02,5.747019751130815202e-01
1.194907942999970913e+02,5.621973752520055267e-01
1.268457895119339440e+02,6.385294095584416185e-01
1.326892640668220906e+02,6.606464086616666842e-01
1.271737662403328528e+02,7.052153095922530923e-01
1.344109094976102483e+02,6.477024159951199067e-01
1.194058312878428723e+02,5.559336542859610875e-01
1.135916389613485222e+02,4.936979950514793769e-01
1.159336626791887426e+02,4.869501057576983150e-01
1.184049939543334915e+02,4.874890869587741871e-01
1.184282187182642900e+02,4.234115262285864656e-01
1.198277102208152627e+02,3.664140588273960830e-01
1.148160869517736558e+02,3.877607658275348257e-01
1.097800383696526296e+02,3.205906069972960792e-01
1.126848795540245476e+02,3.374480786835887258e-01
1.123364195213843431e+02,4.183346654491714167e-01
1.086774477128238203e+02,4.274861889223208755e-01
1.051722850427013185e+02,3.177247024625040051e-01
1.051040921251663605e+02,3.349540226336875648e-01
1.015126784201346197e+02,3.597357579029436536e-01
1.039874707103458746e+02,2.712517187542811126e-01
9.425048330096622351e+01,3.345704230357280373e-01
1.068239556623276627e+02,3.030693665873306353e-01
1.118162653763144334e+02,3.886538018302409525e-01
1.108902566588267575e+02,3.667539383566221223e-01
1.113643343992833508e+02,3.994380440066265248e-01
1.087928344112690127e+02,4.419717096003124013e-01
1.137228560191572342e+02,4.281759952987213014e-01
1.326307222864977859e+02,5.065955748919940271e-01
1.393865862612191506e+02,5.139710836162093566e-01
1.285905461049763687e+02,5.596160875427538262e-01
1.266219296331806419e+02,5.498120379017968906e-01
1.247902685660355644e+02,5.821670378477339369e-01
1.237956472419434277e+02,4.402112129828666398e-01
1.132848882623919167e+02,3.987580484089963129e-01
1.143094734395346137e+02,3.590874384782307693e-01
1.145271743499052519e+02,4.046518025593206502e-01
1.183103600519526992e+02,3.928266379176068579e-01
1.134909587566135798e+02,3.806609886601193815e-01
1.207750264027313989e+02,4.252505540876007628e-01
1.179877223833911017e+02,5.050249555371466581e-01
1.243764852062511750e+02,5.182980884677975686e-01
1.265363573818184051e+02,5.206754342408457248e-01
1.259872644008494547e+02,5.718589808265576169e-01
1.321007000023599005e+02,5.735494279926069972e-01
1.335290800606078960e+02,5.124123714069458435e-01
1.309283157387269512e+02,5.287455815137803716e-01
1.340972222046572426e+02,4.946436312235236721e-01
1.323388132935257033e+02,4.711217982124048520e-01
1.272813188438011593e+02,4.741729296545896255e-01
1.318775977135937580e+02,5.748298236920547089e-01
1.255299203155837944e+02,4.959225640966962723e-01
1.225223911391602769e+02,5.007053385381675659e-01
1.192820862386422647e+02,4.955285915092319526e-01
1.210762344034855005e+02,4.285524688389414916e-01
1.157294819017851921e+02,4.078492257033688451e-01
1.174931017401028157e+02,4.712422322161988197e-01
1.103734200953230413e+02,4.104306713920328198e-01
1.083606064839257215e+02,4.256699482933272161e-01
1.161477571109824538e+02,4.569009499488283499e-01
1.235263662002492993e+02,4.138391886845614875e-01
1.287316694479929140e+02,4.819171732088056714e-01
1.315533157403196185e+02,4.690938346291754213e-01
1.249962575848891646e+02,5.409244665031288646e-01
1.230642510812852919e+02,5.047136808887803250e-01
1.182457638510544200e+02,4.778458474524538979e-01
1.151476689335060541e+02,4.833475523988075007e-01
1.120872171700431039e+02,5.522239236962380726e-01
1.161202883021670544e+02,5.339698827388136282e-01
1.148785535396646935e+02,6.170515076599863979e-01
1.116100065028663266e+02,5.489541284900929519e-01
1.244862453558733506e+02,6.055243876603448872e-01
1.277219835322047317e+02,5.850459066530305785e-01
1.183789903168273838e+02,4.987496388092460542e-01
1.221439961642452801e+02,5.198641063835877096e-01
1.155533983269579892e+02,4.602886686409750627e-01
1.152187935741664688e+02,4.522746706326911115e-01
1.098087419464470003e+02,4.275898960085096068e-01
1.133960695054163068e+02,5.466876678593191041e-01
1.139805839933144540e+02,4.855155000545481325e-01
1.207395372600073102e+02,5.513281251314100517e-01
1.226042727093847731e+02,5.293403010359583050e-01
1.246423877260038182e+02,5.394553182999949348e-01
1.188922799676977320e+02,5.958794099343918127e-01
1.124703464959602570e+02,6.334273337096097967e-01
1.231501629752795992e+02,5.838686023322908758e-01
1.207809437505670047e+02,5.507748180327496357e-01
1.213028030971636611e+02,5.411284584123962071e-01
1.251066190143656343e+02,5.003185427276564123e-01
1.218516099815643088e+02,5.268237180851639279e-01
1.149432793779138819e+02,5.996302511623496923e-01
1.161420217354023237e+02,5.803279033689331401e-01
1.268577385660167920e+02,6.022102373613689164e-01
1.211733396941928333e+02,5.255482169974379225e-01
1.222145003641770984e+02,5.233758049906263032e-01
1.195888664428695876e+02,4.533370676382943443e-01
1.135306957510862276e+02,4.620182817060602964e-01
1.113971297865825960e+02,4.620235380641306566e-01
1.161696301271897198e+02,5.189141665541417980e-01
1.198425082081872688e+02,5.195514978754717239e-01
1.124462858498313835e+02,3.720770926007376800e-01
1.072658944134869614e+02,4.150436168658064862e-01
1.156190854449500449e+02,4.164117002218263308e-01
1.113655941214211111e+02,4.885918959374049297e-01
1.131917216592507742e+02,4.836687337932980557e-01
1.255123274711608303e+02,5.198763925382076101e-01
1.253270995502142853e+02,4.600502004515616417e-01
1.335084243458681783e+02,5.930409050604643628e-01
1.409812205302651194e+02,7.228215224869394273e-01
1.372059576643639502e+02,6.278488399249620988e-01
1.235371958095373515e+02,5.487654730126474423e-01
1.279425815403892130e+02,3.785115341933104061e-01
1.206855424872672558e+02,3.256481950858315377e-01
1.194581728242009575e+02,4.096536349884957739e-01
1.318839860901227325e+02,4.623408462332477820e-01
1.223301837966360353e+02,4.823609711822078872e-01
1.196055349856884646e+02,5.589023965423680629e-01
1.173667658945804106e+02,5.047467691458410455e-01
1.249827200715055397e+02,5.748720493849889257e-01
1.269816713904852037e+02,6.244367322411676913e-01
1.223420969782849426e+02,5.757433087425112284e-01
1.156910151631111745e+02,6.433744585351905965e-01
1.138564043941186412e+02,6.154445442591001125e-01
1.197469046911916735e+02,6.143621640421083052e-01
1.044076057299446063e+02,4.831355681814798464e-01
1.074844700963411555e+02,4.709914231252237959e-01
1.155858402388356154e+02,6.004692616273363814e-01
1.220211263560782129e+02,5.060218461126414491e-01
1.118322717475904255e+02,3.946934597916614273e-01
1.083601770252347762e+02,4.626503550511331664e-01
1.166145024060383975e+02,3.848219847301229679e-01
1.123265822135782770e+02,4.219368948281363996e-01
1.206602402577314308e+02,4.046523012579054668e-01
1.219093207923036744e+02,4.323152095827734187e-01
1.204852604967932734e+02,3.704339625576429373e-01
1.144823699091298010e+02,4.037496538358916198e-01
1.082612751649475769e+02,3.488055505911283327e-01
1.012075904444730412e+02,1.649918776870689385e-01
1.000956330676559816e+02,2.040660668600094430e-01
1.014488069069441138e+02,2.201842755498004678e-01
1.033124813026383748e+02,1.274871996343738267e-01
9.803686042833039949e+01,8.826869568433255708e-02
8.914377705012232411e+01,1.249796729120775246e-01
9.518791350869183532e+01,1.770174807204211720e-01
9.498486529475486861e+01,1.992275212528518413e-01
9.408475228986866057e+01,1.445441233331499209e-01
9.257377965099250616e+01,2.387197105248374251e-01
9.795056650836093581e+01,2.525378359460984656e-01
9.466584908144777444e+01,2.100313839963528495e-01
9.235820472748287102e+01,2.926453438242606064e-01
9.778978875091496548e+01,2.752748099074963095e-01
9.462419137815952297e+01,2.973317114748911805e-01
1.014990761641227408e+02,3.026123063798337731e-01
9.883891642554846158e+01,2.824488460655024680e-01
1.015433195477335602e+02,2.716835500595128350e-01
9.789409931593966974e+01,2.621619745814641744e-01
1.023169848902282837e+02,2.940638523575765939e-01
1.072107184745405561e+02,2.157286880516122718e-01
1.208609247541529470e+02,3.061734380481574980e-01
1.174799799076689055e+02,3.948163145665581353e-01
1.100068844739340648e+02,3.996718903945106760e-01
1.178607365258879582e+02,4.813467901110554115e-01
1.103608130890947479e+02,3.672432116542196368e-01
1.044855679187856623e+02,3.177634219031587604e-01
1.096772351249497319e+02,3.980673769941164841e-01
1.089855004252873130e+02,3.231872212785795728e-01
1.169866681961066206e+02,3.377201564723793514e-01
1.223488753114068288e+02,4.029616427213563723e-01
1.123823886198696442e+02,3.965603936653244732e-01
1.134665892810929648e+02,3.678547177204645191e-01
1.069088420262159929e+02,3.643800957860200418e-01
1.065490877809893107e+02,3.252289907224088505e-01
1.138100858599596847e+02,2.261317586172436611e-01
1.077181577404443260e+02,1.666247527215320157e-01
9.731774111562677376e+01,1.290925994096535356e-01
1.000109041935478444e+02,7.244231103567679020e-02
9.615991281442977368e+01,9.719945721218073431e-02
9.649167085278793365e+01,2.183544300165811136e-01
9.861136679295188401e+01,3.156869849692481855e-01
9.870049298200173382e+01,2.205510282735607674e-01
9.932739954197018051e+01,3.137057776128802655e-01
1.109227575944544100e+02,3.864786950722167713e-01
1.164294398630051575e+02,3.965280447331986369e-01
1.167511477538029538e+02,4.881669167559612443e-01
1.118699666102527033e+02,4.997071753141106853e-01
1.211946874991590732e+02,5.114624739067874515e-01
1.099071967818238988e+02,3.495579961141810355e-01
1.119537013875661842e+02,4.101348326590799620e-01
1.151897774214507280e+02,4.588965886972558583e-01
1.098018287593295668e+02,4.123168004007663479e-01
1.107196582360163148e+02,3.898421791831707117e-01
1.095148158314605809e+02,2.968055010627660972e-01
1.098323667189893342e+02,3.847526029460823227e-01
1.100856810053750792e+02,5.658708641375855830e-01
1.161015826271554658e+02,4.803579445249661073e-01
1.144745554179395413e+02,4.779693976795443833e-01
1.172797917970688957e+02,4.299363805026786278e-01
1.099718692935166473e+02,4.702524063637902874e-01
1.092349960571926459e+02,4.788763376468997413e-01
1.209746111246032996e+02,5.280344431059159627e-01
1.236123128429675262e+02,5.831862074508712412e-01
1.239258063462973780e+02,4.882429581224630444e-01
1.093809981380248644e+02,4.445980569831898821e-01
1.082994827229508132e+02,4.191113132236666261e-01
1.057998526117907971e+02,3.711481156789314118e-01
1.072380817393895427e+02,3.968413227196354587e-01
1.000779637714781103e+02,3.554552515782124500e-01
1.052816519685746073e+02,3.102936128350040068e-01
1.106852500096197787e+02,2.877141816665600982e-01
1.139046780953059397e+02,3.922848630345383003e-01
1.166043384112473831e+02,4.099300809801625367e-01
1.104552304860632717e+02,3.986269811703108124e-01
1.150450989702137576e+02,5.199703368880828069e-01
1.264326608817890616e+02,6.020628883673145859e-01
1.314927279183039843e+02,5.761227114945381977e-01
1.154523055746863776e+02,6.156762824236474696e-01
1.170831472509366051e+02,6.246511663338836229e-01
1.131908086535612341e+02,5.255733078538620262e-01
1.192559695902497765e+02,4.740103464701064251e-01
1.167777570284053468e+02,4.907548029745768536e-01
1.233831863034478573e+02,4.718213861595695890e-01
1.243027989634891952e+02,4.245543108558522682e-01
1.343175662573369777e+02,5.158315425128596754e-01
1.260652708562543722e+02,4.813539921122310661e-01
1.347951406585881386e+02,5.057951044436608257e-01
1.263434352508719627e+02,5.063131981960783401e-01
1.282172808551187870e+02,5.525914965413597502e-01
1.197837846144543619e+02,5.117689457681835474e-01
1.184778041483916269e+02,4.609798371392431204e-01
1.155153279254555372e+02,4.452815315688095077e-01
1.174769088448851448e+02,5.012458885428174860e-01
1.175051356105388862e+02,5.386636807854262576e-01
1.321869911939037081e+02,5.880609579483958571e-01
1.271214678524011532e+02,5.403955733770011705e-01
1.116781862440066675e+02,4.945299480870803399e-01
1.159147557442699394e+02,4.567909973966407522e-01
1.083515085966937335e+02,4.326206622714841576e-01
1.051664225986007608e+02,3.969473653685384185e-01
1.133933239414370178e+02,3.840368731176658779e-01
1.059779848975278185e+02,3.459395697890550458e-01
1.035278885985715931e+02,4.344479775769417018e-01
1.063786782977942806e+02,4.007210341607691517e-01
1.021681221770384553e+02,4.375451946475629739e-01
1.091201601264914842e+02,4.635921293758561434e-01
1.051587946280888701e+02,3.311515879651870664e-01
1.172033503768737148e+02,4.117693538517022689e-01
1.167588876714491875e+02,4.200116241758664604e-01
1.195966512069721261e+02,4.433898825781837361e-01
1.165895288776423229e+02,4.826853354300183474e-01
1.128791779090243494e+02,4.953341075981564368e-01
1.151472498683732937e+02,5.159667634271387637e-01
1.149663410060455391e+02,4.210119275857552856e-01
1.088712137472125789e+02,4.950844446546523447e-01
1.043133745112780275e+02,4.341962155057934591e-01
1.124853411223631952e+02,3.234940054566253220e-01
1.069258706836383226e+02,3.513466707192954841e-01
1.120975605889652371e+02,3.454049959549534976e-01
1.152560463237315673e+02,3.400233528442756503e-01
1.201259948448323200e+02,4.968148237973948889e-01
1.199833667820582832e+02,5.593603117222486487e-01
1.167444944261460762e+02,5.313301600059330276e-01
1.203988000973746466e+02,5.796670241791325173e-01
1.268588809214870281e+02,5.709343698941341527e-01
1.223824647189535142e+02,5.106584464288559388e-01
1.199177440404569097e+02,4.957238720809362675e-01
1.242201060581168548e+02,3.742241796848867486e-01
1.154344670594681617e+02,4.417251186415240838e-01
1.167659188363495559e+02,4.656673288246118148e-01
1.220344315156704482e+02,4.821440282955904988e-01
1.101647287810652358e+02,4.597462022073169341e-01
1.136959989440843088e+02,2.927143576333502417e-01
1.160269693196456871e+02,4.061663880785814085e-01
1.068111305776102000e+02,3.405830172397433797e-01
1.101881084212715933e+02,3.780721695102668978e-01
1.069876408821439924e+02,3.643694767325232897e-01
1.092748494279391593e+02,3.427783020478473164e-01
1.174034425084271192e+02,4.035622025735385865e-01
1.235276248027507648e+02,4.957896527402065323e-01
1.174819285433829350e+02,4.737156824679757405e-01
1.128945649093606818e+02,2.704892456632185249e-01
1.135723112607337697e+02,2.955160097886405102e-01
1.131219082752291456e+02,3.199251092759530790e-01
1.134700468228245427e+02,2.781878807197409320e-01
1.100998431672999942e+02,4.777854297988375354e-01
9.988401974887385393e+01,3.897651072144510676e-01
9.322250411544382587e+01,2.621959102308319967e-01
1.019971728492588738e+02,3.116976190810419878e-01
1.001021108053791693e+02,3.019091974153819691e-01
1.173518103472822958e+02,4.524840792217115770e-01
1.167429376565901009e+02,4.827854601975068438e-01
1.160831106692007495e+02,5.152843055497242641e-01
1.168678325272910428e+02,5.024975770821817900e-01
1.213929954365960384e+02,4.589472606455023418e-01
1.190236045883795555e+02,4.890512168713022634e-01
1.224584875642068909e+02,5.068959105731993819e-01
1.163340726039731834e+02,4.844123033780203258e-01
1.172481062190136498e+02,4.294758662722368281e-01
1.137118701515432662e+02,4.676064818875024232e-01
1.119947840299785895e+02,4.321490108698349819e-01
1.254717952238799512e+02,5.134482326536239372e-01
1.310826054045393789e+02,5.699145849525570906e-01
1.136893581915191334e+02,4.453243860820135236e-01
1.142671745272619859e+02,3.815808615313151519e-01
1.132808348670515528e+02,3.223215174477456202e-01
1.122227363236560791e+02,4.001354162315660101e-01
1.072838098217305145e+02,3.976849040358536591e-01
9.628949281668413107e+01,3.130220200489477467e-01
1.001285560474729266e+02,2.703247760960431623e-01
9.653151263472113897e+01,3.273976215160686598e-01
1.036853497201958874e+02,3.379174423470812094e-01
1.114102490425447769e+02,3.009647324986232109e-01
1.044648919984653617e+02,1.772614007347937948e-01
1.079224607233922200e+02,2.146896813933182879e-01
1.129944445844028422e+02,2.502925901938630737e-01
1.195262189731999740e+02,2.718157249014550580e-01
1.238556797960579701e+02,5.022083973352247099e-01
1.149596298457476138e+02,4.818156239676006924e-01
1.165602162457666111e+02,4.491036414481225369e-01
1.113468150304507276e+02,4.241243266059306904e-01
1.073203623470520114e+02,4.697031664512331117e-01
1.120051845012819882e+02,4.543091553653310632e-01
1.061919550936184180e+02,4.061250757887593377e-01
1.189649970760246021e+02,3.166732918217514126e-01
1.131527476206850764e+02,3.535896671292931837e-01
1.112281787494768821e+02,3.356157379223665971e-01
1.135704616932124935e+02,3.219310258957689408e-01
1.163871539466049541e+02,2.894649045144745414e-01
1.219966587996916019e+02,3.677660257686078404e-01
1.086155946608404435e+02,4.659495592666554331e-01
1.133471530561421332e+02,4.730912893218333637e-01
1.000007460035044744e+02,4.740233954186278686e-01
1.106850973903468258e+02,3.908675982539306926e-01
1.070701771895965067e+02,3.545278971823209169e-01
9.993370438931724209e+01,2.574726662300917401e-01
9.284362031170005025e+01,2.562624558022221222e-01
9.841980021602206818e+01,2.953280231288750723e-01
1.032597107673336438e+02,2.794277055335164794e-01
9.795843944382710333e+01,2.933183029285610366e-01
1.074016089903548163e+02,3.039585003985396661e-01
1.063264689668699958e+02,3.725107899735734529e-01
1.116244676708077179e+02,4.053883217165990538e-01
1.124443572050150664e+02,4.475431274193558129e-01
1.261209896948356572e+02,4.558749071346736015e-01
1.185864723248240722e+02,5.505734747578664434e-01
1.187778625625657014e+02,6.028435366054614164e-01
1.219326864101878414e+02,5.735381817007325633e-01
1.233587235238442474e+02,4.319501767457100683e-01
1.362247750390825729e+02,5.207604481681311626e-01
1.338797788972163119e+02,5.746554084744076585e-01
1.304636115093207138e+02,5.874364093368563688e-01
1.292452726953510478e+02,6.183773572854525113e-01
1.275058756484296794e+02,6.358122236731813537e-01
1.331260261198843580e+02,5.940417402023586702e-01
1.289190067749377420e+02,6.142904859772273518e-01
1.167547847490503159e+02,4.824907164668921222e-01
1.099716495320318472e+02,4.925847162549533143e-01
1.155272043451882524e+02,5.026021628251762241e-01
1.155685107319472991e+02,3.627269956457532252e-01
1.060192465524622918e+02,2.966839032094399364e-01
1.036392572118119659e+02,3.457014641073432593e-01
1.027609788502797130e+02,4.053152873884539042e-01
1.110668157925081374e+02,4.552498212763801400e-01
1.178444447919707869e+02,5.152924792486083261e-01
1.214355409859971928e+02,5.620905218305322082e-01
1.209396938026211927e+02,5.017238996748804025e-01
1.245412312598911484e+02,5.386086618584724484e-01
1.372790558408129016e+02,5.387276430314129616e-01
1.327921486810221552e+02,5.361831905190814762e-01
1.295031689395441958e+02,5.615563508774307211e-01
1.213607311049681243e+02,6.728508423425574314e-01
1.306361571655414764e+02,4.862485621668149460e-01
1.234395631976756391e+02,4.530975135608434901e-01
1.186801455075928970e+02,5.075592244703039935e-01
1.125712263402482876e+02,3.898927933092738995e-01
1.152862148590731834e+02,5.026879544761022611e-01
1.186520127770705955e+02,4.496007535911233366e-01
1.067285060869063926e+02,5.005254328200777758e-01
1.069669156688009366e+02,5.494584662427588473e-01
1.052396876412708764e+02,5.190253433324677479e-01
1.120366319033810925e+02,4.843701738988397953e-01
1.184476310713717595e+02,4.319151800070085701e-01
1.151214882210918660e+02,3.949788914533564066e-01
1.163822018873849373e+02,5.245195935599964443e-01
1.157831455080445124e+02,3.900328963850730468e-01
1.211125547942769032e+02,3.607069977104342962e-01
1.278069458817924158e+02,3.323461605969066923e-01
1.291256902382962721e+02,3.822887443823211329e-01
1.301773764944299501e+02,4.013614375279852542e-01
1.177379753528502988e+02,5.213699081895816212e-01
1.172569696900402505e+02,5.214945745182802961e-01
1.247603878900757479e+02,4.985981332117747078e-01
1.243131434232946475e+02,6.075934582686317587e-01
1.208050708263680804e+02,5.984858068004493825e-01
1.229198490585459638e+02,6.879010256316612226e-01
1.335369715724699518e+02,6.784218348813749744e-01
1.334609757709495454e+02,6.041352755975113453e-01
1.337640704966466672e+02,6.278838449593407978e-01
1.329250889288421718e+02,5.821208977912409877e-01
1.380035561260441739e+02,5.845451694136655219e-01
1.316792465670875174e+02,4.879455767559153223e-01
1.244278794150616818e+02,3.933500815592787525e-01
1.183979986474529937e+02,4.230048014199339068e-01
1.096891673798682518e+02,4.410354117402913721e-01
1.055041203422673703e+02,4.379669299265097626e-01
1.010095534693085284e+02,3.663633018860592006e-01
1.030811593296166819e+02,2.913358398750472977e-01
9.576918727359580430e+01,2.500819590872374043e-01
9.206380638982116693e+01,2.197275463600021073e-01
9.676403798717343818e+01,2.843308503651807428e-01
1.010453591830744386e+02,2.590055144587358193e-01
1.041831383597838823e+02,2.590325982994203247e-01
9.938395748674935248e+01,1.903753793434651009e-01
1.035127440577617079e+02,3.063967396295345091e-01
1.105180327336648674e+02,2.635848057506986475e-01
1.135601119917399302e+02,2.434869596499292244e-01
1.108489089758800361e+02,2.699939271744337121e-01
1.113991762102441214e+02,2.754449798055115806e-01
1.106259426409339000e+02,3.948684271387846723e-01
1.048862416926359629e+02,3.926000202356950686e-01
1.132343899966729168e+02,5.049302714534268377e-01
1.189141649317336658e+02,4.997038854006754516e-01
1.107639348387844649e+02,3.807396024864401207e-01
1.156845026335550557e+02,4.672987859960926471e-01
1.082199349385751503e+02,4.719906578987284052e-01
9.787831618728476712e+01,3.789571332435223150e-01
1.065538960501698256e+02,3.511988188849970438e-01
1.045207554449686427e+02,3.306029485340042373e-01
1.070233315613948974e+02,2.792882378291077772e-01
1.022009714103714657e+02,3.457527230282361197e-01
1.060011245109526499e+02,3.402765246955619105e-01
9.578361148779262635e+01,1.962831860368614567e-01
9.226237945739269719e+01,1.984712870649098237e-01
1.004792036237841302e+02,1.929733156462549726e-01
9.614208444066170500e+01,2.168044587184054517e-01
9.589355978417306403e+01,1.565482830577940576e-01
1.058487687701026374e+02,2.511059039885775723e-01
1.079648431363440011e+02,3.919996508543551750e-01
1.101410792144334749e+02,3.810015077745838030e-01
1.092539211542389666e+02,2.696853227687054377e-01
1.045356022207779318e+02,3.527455290392719212e-01
1.075361897058607497e+02,3.815113060927199928e-01
1.090107215228437383e+02,3.826749706728367895e-01
1.029188465455958266e+02,4.613923569072352349e-01
1.135467117997896480e+02,3.711719343899112511e-01
1.112154366490700994e+02,4.463845763208827422e-01
1.170256527652033043e+02,4.517578483285653035e-01
1.256192865497896634e+02,4.917203462827591798e-01
1.221720826625453924e+02,4.857673334123953079e-01
1.145870964120991573e+02,4.876426347581371834e-01
1.194514842731675088e+02,5.094544206432257694e-01
1.279175575112785594e+02,4.973372264715882340e-01
1.199787033947545325e+02,4.876401930940260088e-01
1.191459103920032305e+02,4.301490058200208022e-01
9.969672045351410361e+01,3.872455945946597922e-01
9.758968252264480725e+01,2.907111039880209691e-01
1.006516771466169047e+02,3.066357938930542315e-01
1.022912590108306290e+02,2.801068714309767893e-01
1.022282119680519941e+02,3.275263413599237561e-01
1.011832802629699586e+02,2.314368534970181746e-01
1.029770120341300270e+02,3.225962899533862949e-01
1.040985810882087037e+02,2.555332095439392104e-01
9.783509675182133947e+01,2.645975359279884032e-01
9.305684485839661590e+01,2.829832165319100534e-01
1.000745169470447848e+02,3.327573837771025667e-01
1.008435496586549078e+02,1.890231089165425593e-01
9.995377093966772009e+01,2.351818397234993752e-01
1.034024694231633106e+02,2.926062168494413251e-01
1.027091101642405704e+02,3.504177552049593247e-01
1.044905373321823134e+02,3.567734702630931953e-01
9.896229625405035790e+01,2.528001708642917400e-01
1.077309634857729748e+02,3.046965431587705941e-01
1.037520331250153731e+02,2.683394901639405417e-01
1.033803692895701971e+02,3.622900133854641269e-01
1.059379955752396114e+02,3.364513071808643008e-01
1.089390373350956907e+02,3.567562335249617744e-01
1.022873219903190147e+02,2.235423823648489128e-01
1.087572253490335186e+02,2.383721535488360077e-01
1.032243464307466070e+02,2.063096660445117025e-01
1.062549374840074989e+02,2.510522687758322546e-01
1.080831556148119574e+02,3.753256568667342474e-01
1.152708543322655004e+02,3.650352474378468770e-01
1.186501526103865700e+02,4.569529710246647003e-01
1.280751300283789647e+02,4.567287200378160605e-01
1.231922053356561833e+02,4.581994916960340780e-01
1.215489647098450234e+02,3.452988309203754436e-01
1.126202413400226447e+02,4.081904254676280153e-01
1.082677972138574205e+02,3.651773375357736384e-01
1.103036231260077358e+02,4.122110161656725724e-01
1.099223319115342008e+02,2.651209644354600714e-01
1.077617869728788662e+02,3.564985600878414207e-01
1.134659494476286881e+02,3.346749640037699480e-01
1.224582150280234600e+02,4.767674419083472448e-01
1.231753169210581120e+02,4.834166738202217983e-01
1.158723257884449822e+02,5.112757942760380869e-01
1.172116559162944469e+02,5.160311879407551983e-01
1.195285482918992557e+02,4.402694054862452133e-01
1.126626071370889974e+02,4.310042837213134415e-01
1.133016775767989515e+02,4.991156061683501566e-01
1.147457293127630322e+02,4.128788447374260873e-01
1.185617822677762945e+02,4.651736069476504198e-01
1.137820610233030010e+02,4.840530907829565521e-01
1.210173422951372970e+02,4.210623096504104712e-01
1.209502203393336686e+02,4.136202481934423969e-01
1.242305191753097802e+02,3.177518006316265020e-01
1.136159487779305266e+02,2.400429423233625403e-01
1.007851205380028006e+02,1.687108186967558043e-01
1.039920158442241132e+02,2.867912911509274965e-01
1.061699095987634536e+02,3.355305344766345566e-01
1.113462860395015355e+02,3.690861477146625269e-01
1.145141778496273730e+02,4.157202865268001535e-01
1.092683053191740754e+02,4.583839386892062939e-01
1.150962278529237182e+02,4.363655946307325451e-01
1.192535591188976838e+02,4.598698916321556918e-01
1.197614010068045758e+02,5.277402647676721070e-01
1.159798749212705502e+02,5.808058210917225184e-01
1.152164775809276449e+02,5.597136012734247323e-01
1.202129071058004683e+02,4.598064053563395426e-01
1.129079136245684651e+02,4.600000224625333534e-01
1.168977609290286921e+02,3.804467425262785807e-01
1.162460616063885368e+02,3.264990079054863048e-01
1.113216162719630944e+02,4.088841110712313487e-01
1.045238403945518542e+02,2.829481774671078753e-01
1.101894633868053432e+02,3.902098013090067319e-01
1.225884148540235827e+02,4.274370333738138350e-01
1.162011253714720738e+02,4.072206703837688013e-01
1.235568189828361483e+02,4.670269611975710333e-01
1.142118372263792025e+02,3.647595776594046990e-01
1.038308070074248661e+02,3.458013557811766003e-01
1.118844655346787391e+02,3.878499077039076481e-01
1.097795438543312088e+02,3.877154705799028545e-01
1.019302149296009077e+02,3.226142769125601162e-01
1.002742625390269069e+02,3.173312342659290741e-01
9.754755757609197531e+01,3.014047284721557696e-01
1.047114272203777290e+02,2.780209311938823258e-01
1.063740047152424353e+02,4.257869007764021885e-01
1.113615271762814558e+02,3.950000412550366824e-01
1.050879580214512714e+02,4.382254839198216345e-01
1.078316238212515259e+02,4.351490949343932990e-01
1.067447264104170301e+02,5.524769752449517624e-01
1.036216370290621001e+02,4.450266683507509979e-01
1.101612691422969021e+02,4.085752641212206937e-01
1.138978771183734864e+02,4.836022936698995967e-01
1.111918790407761577e+02,4.705110390047970159e-01
1.115978527837576308e+02,4.585917220146015771e-01
1.061132370612223212e+02,4.025516275651746523e-01
1.214530338858854890e+02,4.337086106823246356e-01
1.187489236864091424e+02,4.668557789327641983e-01
1.189150526407685504e+02,4.597569028382939571e-01
1.171524033387966455e+02,5.486670563322990635e-01
1.168281416869012332e+02,3.778067510526219031e-01
1.153020250397234037e+02,4.479889311943642816e-01
1.099960232584448647e+02,4.243586965442576742e-01
1.167396495551606534e+02,5.102653828616954268e-01
1.067708941555743110e+02,4.700448262234628860e-01
1.205651547292287802e+02,4.253717874514557629e-01
1.132611355096980361e+02,3.923319356693169557e-01
1.093484241767901182e+02,3.698191117783649617e-01
1.115005635108423121e+02,4.906651553291727086e-01
1.170595908287412215e+02,4.642803225311104010e-01
1.131744452141158632e+02,4.086164762284066887e-01
1.051938714314548236e+02,4.441973111840001875e-01
1.039727951032315616e+02,3.610500040318768700e-01
1.003888720045692224e+02,3.760273349843139545e-01
1.057478942743018706e+02,4.276861745110992485e-01
1.077852619306138990e+02,4.725759330789449097e-01
1.181704096281521714e+02,4.806785358912449846e-01
1.138093973885794838e+02,4.367167045538533632e-01
1.119947457766924828e+02,4.383028888699136982e-01
1.189132615682338070e+02,4.344257952854138072e-01
1.126131545756021666e+02,5.045925961487978118e-01
1.133601621122101051e+02,4.692989274889764473e-01
1.253385349450182815e+02,4.760302176146229969e-01
1.235393082966174489e+02,5.574487347147573102e-01
1.245300372700682203e+02,5.861932495526538389e-01
1.288399553564879909e+02,6.594856401444111338e-01
1.358431191381143890e+02,6.792218109618655131e-01
1.306040531780939773e+02,6.992571125199353865e-01
1.347589509677736714e+02,6.537308375226608126e-01
1.325561640055747432e+02,5.785446020659030797e-01
1.246278521383194686e+02,5.680981605723076644e-01
1.238539444786679127e+02,5.177544755736871451e-01
1.239621586172568186e+02,4.393609890504927007e-01
1.240783934758150622e+02,4.075608285004309050e-01
1.209590948200261238e+02,4.491553001978209059e-01
1.141321304760440256e+02,4.678789021768415268e-01
1.146996691131009811e+02,4.294006004241460728e-01
1.133224239116884320e+02,3.057510932470752785e-01
1.124275398960087955e+02,4.976568202806038177e-01
1.175940379557437296e+02,5.004275487616945961e-01
1.140731952390741810e+02,4.412708288932655765e-01
1.180364013322945880e+02,4.400954153464756158e-01
1.221148350148109074e+02,3.503582757612565546e-01
1.297524611386729418e+02,4.746116453222514742e-01
1.146567768833145067e+02,3.961836904684873373e-01
1.034095102914354669e+02,3.460224800135496270e-01
1.171008413213874206e+02,3.446863807527220103e-01
1.151485670215451478e+02,3.565676239476507359e-01
1.124054009118122366e+02,4.685409873863102259e-01
1.177115861839716189e+02,4.853934458145248709e-01
1.227493731080478483e+02,4.112269729910471017e-01
1.206617220499949354e+02,4.180744130273221226e-01
1.223509941695278798e+02,4.186592000072580366e-01
1.172754004067112703e+02,4.944420374418304065e-01
1.173414953193744168e+02,5.106490880643843600e-01
1.195134135468427274e+02,4.837497148418713477e-01
1.087119552547449786e+02,3.880365028387766646e-01
1.155607457043409312e+02,5.419081052844737512e-01
1.240592159161878385e+02,5.289843556176185846e-01
1.224010614337411056e+02,5.350762531564421387e-01
1.189757746457987508e+02,6.185954915622722261e-01
1.168916916208452221e+02,6.088553711583954975e-01
1.180357263337366192e+02,5.191874873494061182e-01
1.232518278400828962e+02,4.961349242591561737e-01
1.236944904890426358e+02,4.923207911243195345e-01
1.179016620692118522e+02,4.826224681487172319e-01
1.182855262553457010e+02,4.665498456650626347e-01
1.306542266903141751e+02,4.908154697500953789e-01
1.332095995281154330e+02,6.758494516750102044e-01
1.283829052609044368e+02,5.538358278318747940e-01
1.187952441857198238e+02,4.823614323137659365e-01
1.146881326817055395e+02,4.951723052901539357e-01
1.150657735887001678e+02,5.010304544134556171e-01
1.122485690754594572e+02,3.739739150721589356e-01
1.168372315904587424e+02,4.062593404782566253e-01
1.222390629351701961e+02,4.510688595648320032e-01
1.236292703055626703e+02,4.167271927150207889e-01
1.207897855373953462e+02,3.572206772677571918e-01
1.178421944186987247e+02,4.460833545319967119e-01
1.049390180699493698e+02,3.312807841897953409e-01
1.007242059947672601e+02,2.383577996350095263e-01
9.997874948565049635e+01,2.924621339128670727e-01
1.093967711623183021e+02,3.447910249457128984e-01
1.035229865121765727e+02,2.911119252681719782e-01
9.780602319147179458e+01,3.421169144357972813e-01
9.886773164012876691e+01,4.430581767945504512e-01
1.069942957930215215e+02,4.138931806697055960e-01
1.141409213382836469e+02,3.751002226118393956e-01
1.047687603500925633e+02,3.930246856851122295e-01
1.130076798685734900e+02,3.529390554790669543e-01
9.841103492870055902e+01,2.178993371539733881e-01
9.504673681647739159e+01,2.951222370871929290e-01
1.027879322082547162e+02,2.656239416811746468e-01
1.108064346682744059e+02,3.806793668571321620e-01
1.100777042621620865e+02,4.056509111483459495e-01
1.135547749570163489e+02,5.417055787788719323e-01
1.142118739711047368e+02,4.863041081755439810e-01
1.124028660281770158e+02,4.894308450276215749e-01
1.145555764271464767e+02,4.892354974151987834e-01
1.120722227889238383e+02,3.534581050946825620e-01
1.141405506798750338e+02,3.307333116082712410e-01
1.098323964679617859e+02,3.432697427489749820e-01
1.088442235963379403e+02,4.386156415282152499e-01
1.059230560958766318e+02,3.386127462274067246e-01
1.043563091646133358e+02,2.962115616164808229e-01
1.058312437469867007e+02,2.156170640623498447e-01
9.648362413835515383e+01,1.383305742991632337e-01
1.036005697948404958e+02,2.805752160749968582e-01
1.100715238661482971e+02,2.512607984435906161e-01
1.080292264706666856e+02,3.602774450687984409e-01
1.180959992541612138e+02,4.123337099950858398e-01
1.169675439822888592e+02,5.271670959130713152e-01
1.195351059066894237e+02,4.300828233367431364e-01
1.016579429616610355e+02,2.474413885130401225e-01
9.770832122947075504e+01,2.094892217097263643e-01
9.446071656085980806e+01,2.210009229695492905e-01
9.166689788155143503e+01,1.939214785664453433e-01
8.841326134623695054e+01,1.059133025013423157e-01
8.750020742992282408e+01,4.604815133155536200e-02
9.234416528220472742e+01,8.440608582590874986e-02
8.821329832675725413e+01,3.114338535863023227e-02
8.543203242755180327e+01,5.021892017557245957e-02
9.044539231088911890e+01,1.678645582339741982e-01
9.095343776082357579e+01,1.786464145637344791e-01
9.422693433922491124e+01,2.166641126780974314e-01
1.028166201475901431e+02,1.106277162554627630e-01
1.029800484591299323e+02,1.501543978992125328e-01
1.023041377717834024e+02,1.704431639881273108e-01
1.037885864867864569e+02,2.091747493817003589e-01
9.607587685677084721e+01,2.432019693719779940e-01
1.124885709321218599e+02,2.363386102918816900e-01
1.099639409817959432e+02,3.548759291250093151e-01
1.213005407783230822e+02,3.695584869030026920e-01
1.214212875254734456e+02,4.054550666803308778e-01
1.131792375811862996e+02,3.994040707923416922e-01
1.205023442025211722e+02,4.624231057554946678e-01
1.230183672443451002e+02,5.030562781104220837e-01
1.264709778389296417e+02,6.097422225326600831e-01
1.252193208406744986e+02,5.888094839225861410e-01
1.229795354890086685e+02,6.206899739119385861e-01
1.318209786398745393e+02,5.154846480200353520e-01
1.260781502174978215e+02,4.993223813100819974e-01
1.047333423304842484e+02,4.628149476674892626e-01
9.750612153782675762e+01,3.528142068116341123e-01
1.011745753115649222e+02,3.938234728513397842e-01
9.794310941741430554e+01,3.447588163291199770e-01
1.070029803775930191e+02,3.063379133310641933e-01
1.023201533542262922e+02,3.452797818796352614e-01
1.054680839989196812e+02,4.556288987421180936e-01
1.122011666288980081e+02,3.837572567069108542e-01
1.096640293614390771e+02,4.339138658464021248e-01
1.099128212002670324e+02,4.324577357532493060e-01
1.153842655047070309e+02,4.339783599642698664e-01
1.124450836323281209e+02,4.180264758780214973e-01
1.114503475884029911e+02,4.319010366210437324e-01
1.112009500569642597e+02,4.322784048085178132e-01
1.084826343602298664e+02,4.272673800121655208e-01
1.233787959572182302e+02,4.791619968179057776e-01
1.158192515157729048e+02,4.745632873777720362e-01
1.127290677215592041e+02,4.172254737722765894e-01
1.108718325073432851e+02,4.015074065586905494e-01
1.027172098899829393e+02,2.164484767132204279e-01
9.963328668750004624e+01,2.234476500957761069e-01
1.007010314887642295e+02,2.274386346352626764e-01
9.905264458458836430e+01,2.902899620196096597e-01
1.019556542692457697e+02,2.164416880297109214e-01
9.892672275459877085e+01,2.202887227969007045e-01
9.627723323632608299e+01,2.407961601597203016e-01
1.042137192561851720e+02,1.882286023921603269e-01
9.498401056012713184e+01,2.564022925253197638e-01
1.067504969870354756e+02,3.327824804984687579e-01
1.023990771353451237e+02,3.054310706436333955e-01
1.085007329885366971e+02,2.804903525957781474e-01
1.027183586033592633e+02,4.207307182547022628e-01
1.028879112720282336e+02,3.458191903457624172e-01
9.943021681296615100e+01,3.202426671423766469e-01
1.024119296380474253e+02,1.986671372917416245e-01
1.016703825314575909e+02,2.692236953783029296e-01
8.935531165053863845e+01,2.619396634327969542e-01
9.561164058945034583e+01,3.393444360987904473e-01
9.622375919442227143e+01,3.020836442531394384e-01
1.042026577224605575e+02,2.861153671098681239e-01
1.085404070006768791e+02,2.753355629792830772e-01
1.106829646501434894e+02,3.143878279799015574e-01
1.108647881215759838e+02,3.431685331831376140e-01
1.141683494432970605e+02,3.863893165936916896e-01
1.300246474140613202e+02,4.459658500095735612e-01
1.175959808063088161e+02,5.217966185310579652e-01
1.339171229377427323e+02,6.117207869165385281e-01
1.383984327932112990e+02,6.472865042976589933e-01
1.202431124197132277e+02,6.484752373026886341e-01
1.169243306007192444e+02,6.264977313619629617e-01
1.206806783755651225e+02,6.503613995542856241e-01
1.271825466395613518e+02,6.486384451657541961e-01
1.241819443687155484e+02,6.290879999676766143e-01
1.286028672190425084e+02,5.988714320682441139e-01
1.266941265359478876e+02,5.828443083898912080e-01
1.242760102381303966e+02,5.553454327156865933e-01
1.334724413411987598e+02,4.730859625708226934e-01
1.274551992349906726e+02,3.877710543370340157e-01
1.209177009775256124e+02,3.847171568774844230e-01
1.236257603157134781e+02,3.596791130546990178e-01
1.139667601919686177e+02,3.402012345805756066e-01
1.125634792461577121e+02,3.694820989010815238e-01
1.134054837286610962e+02,4.296082764474258853e-01
1.124711046160457784e+02,4.342727954173162264e-01
1.083473858541823773e+02,4.133385564197514239e-01
1.047391204024647209e+02,4.424967411685838403e-01
1.090421867673405387e+02,4.104894693077261736e-01
1.175438164277270090e+02,3.553016587649723834e-01
1.276830327040210165e+02,4.261109463424039290e-01
1.313976099805205990e+02,5.087338534903703691e-01
1.297912124593064505e+02,5.327959654486817964e-01
1.278149832703928581e+02,5.625074453526320850e-01
1.223251792341329178e+02,5.928486231266404394e-01
1.319686934983859032e+02,6.027861193797299233e-01
1.240150627282883278e+02,5.357822036491284301e-01
1.285019717294028680e+02,5.108889967036689406e-01
1.210669387821587861e+02,5.098692486424515335e-01
1.250155389099565326e+02,5.387446071608836817e-01
1.222130702605350621e+02,6.013582231341710882e-01
1.309418675315329210e+02,5.803862037909243154e-01
1.334823546201762099e+02,4.767930122419446470e-01
1.210189211914884453e+02,4.066576660947999744e-01
1.123442553508658506e+02,4.296243478898081336e-01
1.199887688903007898e+02,4.238615063949499051e-01
1.197529533476140244e+02,2.950655786806892777e-01
1.105499653610702779e+02,2.792860772858677954e-01
1.169991108539643250e+02,2.782461568757556569e-01
1.160681356051737225e+02,2.198214430271539510e-01
1.065955787335419132e+02,2.638182736003795159e-01
1.103937098307438021e+02,1.959415692195838332e-01
1.121443946295400877e+02,2.878821595494577279e-01
1.046407803844400064e+02,4.359797544105041833e-01
1.001156421594156569e+02,3.644816460360070787e-01
1.127212696245291852e+02,4.259165405447232766e-01
1.042629768675924282e+02,3.941363944977365197e-01
1.070957889146622790e+02,2.933759168683748308e-01
1.030529539600554898e+02,3.605974961200357765e-01
1.114748167125395355e+02,3.420840329181490946e-01
1.074452469785943833e+02,3.574570352541965867e-01
1.041043306242722508e+02,3.375703338023142708e-01
1.033577705273982872e+02,2.555683129820002231e-01
1.032863896173067246e+02,3.871827508270767604e-01
1.119337844237844592e+02,4.133973350806929292e-01
1.159139142689067938e+02,3.835074743159895827e-01
1.098911089813895217e+02,4.865653694088863945e-01
1.159632006249031093e+02,4.208862398088855095e-01
1.130462693092938196e+02,4.893665692490797858e-01
1.098407665827507174e+02,5.203233076691283765e-01
1.157683789754563009e+02,4.494363738428712174e-01
1.193647808369760526e+02,4.817718683407063440e-01
1.222509322207870639e+02,5.012268436395107551e-01
1.118702431958098344e+02,3.856442328248657625e-01
1.066185821158349114e+02,4.111049857095638860e-01
1.107359535002838697e+02,4.336727197816040436e-01
1.180707608618218245e+02,4.463174783138050827e-01
1.123457500467930288e+02,4.784921341271895501e-01
1.135270193588498131e+02,5.527413198447527209e-01
1.153664936144750754e+02,4.784268874510526071e-01
1.197285397575650734e+02,3.893802937555709831e-01
1.066500292382779378e+02,3.325100076932912541e-01
1.125534216997451864e+02,4.066425147497902959e-01
1.053188460934012909e+02,3.349678079436198552e-01
1.205794727598310487e+02,4.405158411963696619e-01
1.237252989866200323e+02,4.789869488603094583e-01
1.247578437666799260e+02,5.590076030433278609e-01
1.216261765746434520e+02,5.321751764375586280e-01
1.109083723066845835e+02,5.282624150548130837e-01
1.085552512031377859e+02,5.615776582876201850e-01
1.152005751016622384e+02,4.815861707334571085e-01
1.314896603319481585e+02,4.430173269752016862e-01
1.290770783393342356e+02,5.608171500370515705e-01
1.284539591571157189e+02,5.081407440981479118e-01
1.200541136972314007e+02,5.094352627083383878e-01
1.213384488684048677e+02,4.759239514142876160e-01
1.135669257094559441e+02,4.685309492625533423e-01
1.261711949697052546e+02,4.676437384949458376e-01
1.275208609272203972e+02,3.297638126709600548e-01
1.191239323172185038e+02,3.111337584289836089e-01
1.179280417483736016e+02,2.557418488024603143e-01
1.099893900986759689e+02,2.119090722132627724e-01
1.104268737017467146e+02,2.927702661544782647e-01
1.043999971591403977e+02,2.697156950670773212e-01
1.031114542836658785e+02,2.752465905338417063e-01
1.184675746686520341e+02,3.524890556378066364e-01
1.246950986341289678e+02,4.751398926806168488e-01
1.169633000838230572e+02,4.350773766561600864e-01
1.080089445324540947e+02,5.021924406613407221e-01
1.268161081638312027e+02,4.898604663985758334e-01
1.040396370788733975e+02,3.861896335859805740e-01
1.086124322475283606e+02,3.172084526241574221e-01
1.023622351980693992e+02,3.159749030546007420e-01
9.886598414430329740e+01,4.080731085543252701e-01
1.050382733400313100e+02,5.036410683966457968e-01
1.049924585137614486e+02,5.014155948070639912e-01
1.058553512692053289e+02,5.757238013205926430e-01
1.109359948556273565e+02,5.643558541043267596e-01
1.218665922615566757e+02,6.411857731562362606e-01
1.312559017889553843e+02,6.030842123556263701e-01
1.152958848289989220e+02,3.846810389172368172e-01
1.168982280444603106e+02,4.530876106858071628e-01
1.253601794921883510e+02,5.875753836865962310e-01
1.252856737925300479e+02,5.118030349613446051e-01
1.185763553062575113e+02,6.214894139497415537e-01
1.206293633836840939e+02,6.274996939061912027e-01
1.292706672230130778e+02,5.463987676583269559e-01
1.224437019628634289e+02,5.282646604851573002e-01
1.245686316521125150e+02,5.484584085526372776e-01
1.323173860294374151e+02,5.117241310266719134e-01
1.366296713161682419e+02,4.839376496511575976e-01
1.300292282909309733e+02,4.871320067245281105e-01
1.257183057584381629e+02,5.876840213017593406e-01
1.318363721550877870e+02,5.488520689955703746e-01
1.324710806240796046e+02,6.109081209402628110e-01
1.368000061969722196e+02,6.210919270732078168e-01
1.292723525981372177e+02,6.813140627110312320e-01
1.289790566271437910e+02,5.923850006562366710e-01
1.327047544684197362e+02,5.044221878663628367e-01
1.307795296098622089e+02,4.301580087834594446e-01
1.224980907265916130e+02,4.576380089409312069e-01
1.165503680306045453e+02,5.082450834743936774e-01
1.125298042255585074e+02,5.431855936398914952e-01
1.136040217356710542e+02,5.375908217159925950e-01
1.113319870063734385e+02,4.988722955458519404e-01
1.087631520932755080e+02,4.908751968136843558e-01
1.106973099633102322e+02,4.908680317601624710e-01
1.093388531276048781e+02,4.950114846337842489e-01
1.101354918282084583e+02,4.774740966990034252e-01
1.090214734833557344e+02,4.348323435277550719e-01
1.154984196700736163e+02,4.147922129873869435e-01
1.078605436648772553e+02,4.207682929031552055e-01
1.029800712164348226e+02,4.878701220539277128e-01
1.119734830908697916e+02,5.263708591160869421e-01
1.235430929255297485e+02,5.725204614482967136e-01
1.301860010676518868e+02,6.505099415345978464e-01
1.336810634262099313e+02,5.272172170571249872e-01
1.338178514535439376e+02,5.381813061857152469e-01
1.255749791343463926e+02,5.560109131174475472e-01
1.163828448159940194e+02,4.817590768638441712e-01
1.099116569141660023e+02,5.445589933478200972e-01
1.125640238289134203e+02,4.573710976270052297e-01
1.203991928170281085e+02,4.497985614177055780e-01
1.190926485397168619e+02,4.563371632060969629e-01
1.119454144425348403e+02,3.989148679203394776e-01
1.193153675118535944e+02,4.694471994399251336e-01
1.148973296795878980e+02,3.726803598136957940e-01
1.077015711910763116e+02,4.142786401719426026e-01
1.119006649857641662e+02,3.834331450702588295e-01
1.163882058366428112e+02,4.135218557479599100e-01
1.157014429825707538e+02,3.940573126601467080e-01
1.153639034697204409e+02,3.871763866080353833e-01
1.078672309963282459e+02,3.048542520832061009e-01
1.031474012838330054e+02,3.215021260777381484e-01
9.994340738107742084e+01,3.012862686437831616e-01
1.009320399943384245e+02,3.320954159626772761e-01
1.126107231593462501e+02,2.852589352669509526e-01
1.047383974181134079e+02,2.283789918764785876e-01
1.039025123850253323e+02,2.848510074309554829e-01
9.996230625937016612e+01,3.039827307103491472e-01
1.041002798864805072e+02,2.804977927575807439e-01
1.013315207810417462e+02,2.989806549954410753e-01
1.074401163394944376e+02,2.279743574979223864e-01
1.063729275457069150e+02,2.615457551019418903e-01
1.070525231054070474e+02,2.715791958534019002e-01
1.080182838047654172e+02,3.261773705411364910e-01
1.040522372179565878e+02,4.174664856781671318e-01
1.106614610533054304e+02,5.590830754331990171e-01
1.200627802452439141e+02,5.116351815678428228e-01
1.246813330305640051e+02,4.808888847076633333e-01
1.184930038745862220e+02,5.405575144956952238e-01
1.231266141595302770e+02,6.491288935239378777e-01
1.155427199691877576e+02,5.012847255994047346e-01
1.090383945982762128e+02,4.358086285244684444e-01
1.123588314240773229e+02,4.778694704650575664e-01
1.236692893686249874e+02,5.020676089617811533e-01
1.185493913197903026e+02,5.007647488850339723e-01
1.171431515172779712e+02,4.705832107460239389e-01
1.169480319546364058e+02,4.786259746608336196e-01
1.160460518529176426e+02,5.265473103321463011e-01
1.286428363003583399e+02,4.335281780602731061e-01
1.201862237050625737e+02,4.531948280481345459e-01
1.229610270160605836e+02,3.582087917317842707e-01
1.077237498972090748e+02,3.500117617258222680e-01
9.673624939910770593e+01,2.900408985320758193e-01
9.268179348799007755e+01,2.900031855108394785e-01
1.014302430295024067e+02,2.584963215058804775e-01
1.015230582239756956e+02,2.324176046039955201e-01
1.100020384628107877e+02,2.679440248488169640e-01
1.002510852384958611e+02,2.753947585422482081e-01
1.017314346574823816e+02,3.288248188367218217e-01
9.977622427312323339e+01,3.148159651513643964e-01
9.211079971049949222e+01,2.570781080945535035e-01
9.385359326619654041e+01,1.919366706115840371e-01
9.799771672685007218e+01,2.097444038206684180e-01
1.078536291044000990e+02,3.520875252193158556e-01
1.156461604957777780e+02,4.118099413154205357e-01
1.180266902478972497e+02,4.535600113368778441e-01
1.141800905050297956e+02,4.422701837591253016e-01
1.011054953676085120e+02,3.991011075445261014e-01
1.042631669920091184e+02,4.244978006390029979e-01
1.059790822845316427e+02,4.385904631808938969e-01
1.070132936788229472e+02,3.138266862457161910e-01
1.051587614375786757e+02,4.124003390886794573e-01
1.199964245403121623e+02,4.435890483798565764e-01
1.201418359581632984e+02,5.042468780430242603e-01
1.240285660957206346e+02,4.882643969074758061e-01
1.205944726046763691e+02,4.406952876057291801e-01
1.248957037086674831e+02,4.794347448100172993e-01
1.261996409282787681e+02,4.548609252375288015e-01
1.176852784080935663e+02,5.061937165208714173e-01
1.211366382606118890e+02,4.064355115417014885e-01
1.151987113689620372e+02,4.129246110491284760e-01
1.140489060967128836e+02,4.866233799288344763e-01
1.154511347113501358e+02,4.069595979405821184e-01
1.192069659108751978e+02,4.051371673609470148e-01
1.159621994061083683e+02,4.018629802931320549e-01
1.141210749221706635e+02,3.143260267281145492e-01
1.159619833028755806e+02,3.259152910892372801e-01
1.239809672794917219e+02,3.715788565306358260e-01
1.232447305121992116e+02,4.166246896623297946e-01
1.205683889077966597e+02,4.447711126286484351e-01
1.154675344047916354e+02,4.163068289559485047e-01
1.086611357603602670e+02,4.424730877305452226e-01
1.229758184184623531e+02,4.369613284231168016e-01
1.240334228278635180e+02,5.063349960343421774e-01
1.126142425654224013e+02,4.999064730109032961e-01
1.219064224724392318e+02,4.675198840177605675e-01
1.147613301934979404e+02,4.006705146107764071e-01
1.172313093284447234e+02,4.128210876713963584e-01
1.231164810649669334e+02,5.840790129366122407e-01
1.212586341349386316e+02,5.118325627462000371e-01
1.210743388782661327e+02,4.805113419193467461e-01
1.270282932459870437e+02,4.743431028327520504e-01
1.284836378980172924e+02,4.466024493135988815e-01
1.195191974236992962e+02,3.796425890351631804e-01
1.149402414865685387e+02,4.275861204845196606e-01
1.167858469344218406e+02,5.353491754881973819e-01
1.224642696803348372e+02,6.467205402632096867e-01
1.337653312276124211e+02,7.874903194395199701e-01
1.249104306233021333e+02,7.701881261161395154e-01
1.195690307890603350e+02,5.636896946605300940e-01
1.203392537340866255e+02,5.006554430332535999e-01
1.082225804907324829e+02,4.018371021791581343e-01
1.176367916375125731e+02,3.780409646039148974e-01
1.076438948533163682e+02,2.982763573899553933e-01
1.183984253834594824e+02,4.257735176139511024e-01
1.081309761761222887e+02,4.097080259282280812e-01
1.161113912449252297e+02,3.461173822795824417e-01
1.186853626981711329e+02,3.810253609568486910e-01
1.215702897575889949e+02,4.866981806032948943e-01
1.352984979327711130e+02,5.022651844579457681e-01
1.339290726556499465e+02,5.457036149111086365e-01
1.308819716035767442e+02,4.780509937224396988e-01
1.290877165084500291e+02,4.550747965586323662e-01
1.207069660582220649e+02,5.315077307770220694e-01
1.251681210883441935e+02,3.681929391434937138e-01
1.112897454569919375e+02,3.421297562471519171e-01
1.071588918666124783e+02,3.042366951379323337e-01
1.028576055953212034e+02,2.967129766464320362e-01
1.115862519670865254e+02,2.480755893326261896e-01
1.210979236264557102e+02,2.956372344697175691e-01
1.206521861013528536e+02,3.146980458554253790e-01
1.036450502104571285e+02,2.409600142276643042e-01
1.032681706435730433e+02,2.970662885010951770e-01
1.114769549715304890e+02,3.220896303895898205e-01
1.042658619511243501e+02,3.596372660852492631e-01
1.149074262743857844e+02,3.608442521381542978e-01
1.234335249824991649e+02,3.773621973300458898e-01
1.351002719977226434e+02,4.857036326274644655e-01
1.223591123744413380e+02,4.762222877872717142e-01
1.286055295934883134e+02,5.472705837809074270e-01
1.389064846344090256e+02,5.618385866829986863e-01
1.481960684092874203e+02,6.245051511792816257e-01
1.427228577700759047e+02,6.228746950659739268e-01
1.382969496773733056e+02,6.518181539330036856e-01
1.369219772257847865e+02,7.146756354825644086e-01
1.455207706786916049e+02,7.854575431639446714e-01
1.490604615120506651e+02,6.206504277625147781e-01
1.361745625526889398e+02,6.421605340376749238e-01
1.206469883809638759e+02,5.939914026942173519e-01
1.097577513779629044e+02,4.303620481146330223e-01
1.083623125056833345e+02,4.096768074329020237e-01
1.115759394330252974e+02,3.833721316589079886e-01
1.068933282740067483e+02,3.398769173332985560e-01
1.039767135120270041e+02,4.074358080978668917e-01
1.033166302384334472e+02,3.184851990747528672e-01
1.100802384588864697e+02,3.977431205727540720e-01
1.154865037769279326e+02,4.579484266604150755e-01
1.140242939178964434e+02,3.692909746260635284e-01
1.088105924482997580e+02,4.430919649660831072e-01
1.077995250937768219e+02,4.089910705592743057e-01
1.119047315229435355e+02,3.759899854303445643e-01
1.141684535481569327e+02,3.798867646858688496e-01
1.219736992767586798e+02,3.182170828517676409e-01
1.210446691582041296e+02,3.678797554997226826e-01
1.220897554467698995e+02,4.193295124136635632e-01
1.173881345433583903e+02,3.926484544304189028e-01
1.239067688246135219e+02,3.925133459237959976e-01
1.129974303899752499e+02,3.913117438246588864e-01
1.047200648934667697e+02,3.211694853322590304e-01
1.011641998413992383e+02,3.630727526022275442e-01
1.021206203579999112e+02,4.264962794954603176e-01
1.072393563928312972e+02,4.673632589570513862e-01
1.093729177984986620e+02,3.381494201958697987e-01
1.133693698603737374e+02,3.463523517732459700e-01
1.032744083569556039e+02,3.049533039815809365e-01
1.010078160390856397e+02,3.310508203921522785e-01
1.026467719202024682e+02,2.573484808265673052e-01
1.007068772064633322e+02,2.097762791268604210e-01
9.574689248113313056e+01,2.510733217659976146e-01
9.622384716398691751e+01,3.152109117491429524e-01
9.488183727992260685e+01,3.124283816997374674e-01
9.426164740799599429e+01,2.517883978449270144e-01
9.179972833761500794e+01,2.407671540739312332e-01
1.042630893354510135e+02,3.355065190667782526e-01
1.058310992068020795e+02,3.839811879089435886e-01
1.111841967887729936e+02,4.037777990671936323e-01
1.055087890664769219e+02,2.429991370469417322e-01
9.949313982239571885e+01,3.397302254510639052e-01
1.052624302083665384e+02,3.587613150696357667e-01
1.066345368582801001e+02,3.943664211351622928e-01
1.019811391198222310e+02,3.989859807673705183e-01
1.032734256625084726e+02,3.051799251064929441e-01
9.994049400246257164e+01,2.767682974126122186e-01
1.025710906454213216e+02,2.687409555849259446e-01
1.042775979012164242e+02,2.527126486078331014e-01
9.700755564412560261e+01,2.993729528168770915e-01
1.093006065518686114e+02,2.786790114964582954e-01
1.126832659520537732e+02,3.903876247081353168e-01
1.193152623589944596e+02,4.813302240301342017e-01
1.105813160576142593e+02,5.102576651586278045e-01
1.168816013730072143e+02,4.971458046848162837e-01
1.162448754915768632e+02,5.633668583800602869e-01
1.195553951693336785e+02,5.557782780408779821e-01
1.216595327854670217e+02,5.532814842012162559e-01
1.313617186678389430e+02,4.937354225792555118e-01
1.283498979106136346e+02,4.712922906902486941e-01
1.265579984129569482e+02,5.430513131565976037e-01
1.229897912124467751e+02,6.460872768123760990e-01
1.358849385087770258e+02,6.907062535062258313e-01
1.296920791347448869e+02,6.870923085716722500e-01
1.370087020278649845e+02,7.171218966376129433e-01
1.380349039526142860e+02,6.526635051501982199e-01
1.306121159420411288e+02,6.047003220802841250e-01
1.264220235930237521e+02,5.544569638393561650e-01
1.315922848007954542e+02,6.612402207811933774e-01
1.226993468031960077e+02,6.758427777490089161e-01
1.189691010003118521e+02,7.226750897180338473e-01
1.165668412840599899e+02,6.894547446775579624e-01
1.251171967361125752e+02,6.533065715619159608e-01
1.292057266555096362e+02,6.153863186705812449e-01
1.253973977077049682e+02,5.084589143277443712e-01
1.121550441311435975e+02,5.059685472069346268e-01
1.115050642629209676e+02,5.581335256792029353e-01
1.141470075581688945e+02,5.179181116473327018e-01
1.142935856583389125e+02,3.921161482451462899e-01
1.114520528705833726e+02,3.714442651006893414e-01
1.163153954460949819e+02,4.144738535546376168e-01
1.159350477276666709e+02,3.912577923822020409e-01
1.127073925126014160e+02,4.644402135615832150e-01
1.155026257917385095e+02,3.683435964579342414e-01
1.219262180273475025e+02,2.987798122324953898e-01
1.067848642429042769e+02,3.530381077064526640e-01
9.619456891502031226e+01,2.863067129084458928e-01
1.075624706603183540e+02,2.617983555589602496e-01
1.064272874189970111e+02,2.116557681726943807e-01
9.802327881555217459e+01,2.200245555130215802e-01
1.000896946303237769e+02,2.121086377349031826e-01
1.035296041808246059e+02,2.265259147317860156e-01
1.017170310184762485e+02,3.692815273586091962e-01
1.182315040221087230e+02,4.512396820686624399e-01
1.261041602211975459e+02,4.127152909555562577e-01
1.195600260116718800e+02,3.263861699529426730e-01
1.195118405841556495e+02,3.134620725637539129e-01
1.188154062198524770e+02,3.093922792358915763e-01
1.034128037289248994e+02,2.949667090201941178e-01
9.851481882091322007e+01,3.205294826595870838e-01
1.058940511134551627e+02,2.760863383813623173e-01
1.092171479874272535e+02,2.583586761071804405e-01
1.078527380321396407e+02,2.537971079846938482e-01
1.059202673700622341e+02,2.063824174886623175e-01
1.065818895842391782e+02,2.293526179977501966e-01
1.030489523588784948e+02,3.203384852769027291e-01
9.813590998972654234e+01,2.510720843242836287e-01
1.082558436701011004e+02,1.511855238658763312e-01
9.983373840060946236e+01,2.681345252491436071e-01
1.014155718630141649e+02,3.334551685017215217e-01
1.016526282530925869e+02,2.689147438357032960e-01
1.063034407933356249e+02,2.078840622814813188e-01
1.054904572867278176e+02,1.869442803693684430e-01
8.936876618747666612e+01,1.430017587841087012e-01
8.942465576714624831e+01,1.365721941633179504e-01
8.953686590559799185e+01,2.248679935253834750e-01
9.644624732700741276e+01,2.090775496109022746e-01
1.008621530619301723e+02,2.636778489983364060e-01
9.834768168873881677e+01,3.123915664539249626e-01
1.105430281911499435e+02,2.367403094414230746e-01
1.079360156366038694e+02,2.371434445937183055e-01
1.147395835423886581e+02,2.623657383650551678e-01
1.087865636945652881e+02,2.834855360910089050e-01
1.117793270198880862e+02,3.745596244431765309e-01
1.114749682960656259e+02,3.350829495778840927e-01
1.121113496122927131e+02,4.082133403424098583e-01
1.193080700887866499e+02,3.470109566681266466e-01
1.070440648310759428e+02,3.348555050089230267e-01
1.059032310524010825e+02,3.196275625140940768e-01
9.862362962155435753e+01,3.300080278115808396e-01
1.114526437997867845e+02,3.037715049674097889e-01
1.148562454983057108e+02,3.445780621404379018e-01
1.219973205990645369e+02,4.448686675073428853e-01
1.125948788227331505e+02,4.455863289016782636e-01
1.030554508156958491e+02,3.996566327722891332e-01
1.127167498640710335e+02,4.546107649552800778e-01
1.171554108258682589e+02,4.354582910282571717e-01
1.185531931462447659e+02,4.511690957772396260e-01
1.179807151613412373e+02,4.495787464504109598e-01
1.247411049417409998e+02,4.964295244002983609e-01
1.322758925940404424e+02,5.487516969934265187e-01
1.314472622770052794e+02,4.797149613678413083e-01
1.224524548802989017e+02,4.635705178868286258e-01
1.205535367240547373e+02,4.535809598823604127e-01
1.040458604542646839e+02,3.701443270505776484e-01
1.096388212421655624e+02,3.634227671751775746e-01
1.178089197500183332e+02,4.780007466312933273e-01
1.169085627501084588e+02,4.461577833240695234e-01
1.176464078986133330e+02,4.825479459491303080e-01
1.131694845377219281e+02,4.349327867105855505e-01
1.134496741090742660e+02,4.301894958453034157e-01
1.104330769812415980e+02,5.449952024837968478e-01
1.124005765941244306e+02,5.255026136834043404e-01
1.198064703402354354e+02,6.212286324467778398e-01
1.294519116655953610e+02,6.539737556295808218e-01
1.443068195951543657e+02,6.380549279231874094e-01
1.389908343504226593e+02,6.072888242323157826e-01
1.350131059049433020e+02,6.069270084161384471e-01
1.332502559781728451e+02,6.203338203213623059e-01
1.288575011227759433e+02,5.938140341423094881e-01
1.235783465614964456e+02,6.535801616635157352e-01
1.205061154250033013e+02,5.856440995585157072e-01
1.284845663338003590e+02,5.103141726520408206e-01
1.180358562804856177e+02,4.809310085627063192e-01
1.175189059017108946e+02,5.733975607934194141e-01
1.270729314639367686e+02,6.311007671462014468e-01
1.304127424272209623e+02,5.663040609069168729e-01
1.318029653668820913e+02,5.798302643318506977e-01
1.217008191748635113e+02,5.553680189841894155e-01
1.233578074594848459e+02,5.828454576441149948e-01
1.240638855813051435e+02,5.713064022341238779e-01
1.155592976065967008e+02,5.752529907464235537e-01
1.139542911969144257e+02,6.310844524224618057e-01
1.127228999273600749e+02,6.329757264990594212e-01
1.162621472634375550e+02,6.934637515814429110e-01
1.241832101937922630e+02,6.959189030143453358e-01
1.322290720602446470e+02,6.816349914359498552e-01
1.301407916475128275e+02,5.781389482586971607e-01
1.281256176695075908e+02,5.067883549111140695e-01
1.260927686954373570e+02,4.354278894362474950e-01
1.302795351622215207e+02,4.171227912996186005e-01
1.255028939975398856e+02,5.821447528205766497e-01
1.250035334611742854e+02,4.968285541093637736e-01
1.258590194445235255e+02,4.261375850481070038e-01
1.204377899805528500e+02,4.915973538892955408e-01
1.222021933714501642e+02,4.546324343507575083e-01
1.213848544811001204e+02,4.829513581147710788e-01
1.270290523212521379e+02,6.339407965437600101e-01
1.263869554016330028e+02,5.947150493550333872e-01
1.207272171441491935e+02,5.746164075184657660e-01
1.186907598257383825e+02,5.092255896619876099e-01
1.222500272907294203e+02,4.938085277958142449e-01
1.195814518713516463e+02,4.922099974056984850e-01
1.140076826127199752e+02,5.086690613825368690e-01
1.211158141417092082e+02,3.825210175638379395e-01
1.128611032532342904e+02,4.275851911194666344e-01
1.207562439503177671e+02,4.291322019302787893e-01
1.249913550329894321e+02,5.134010680785636715e-01
1.269871093582288779e+02,4.441451152640517597e-01
1.279910718640918788e+02,3.993366209802103328e-01
1.246384296270029779e+02,6.153718295833108254e-01
1.204247076635196265e+02,6.704977804628090565e-01
1.264280037372556507e+02,7.251484971873847218e-01
1.318885690139731537e+02,6.253638758203420300e-01
1.324898327652009584e+02,4.932188395455690544e-01
1.363511727193682361e+02,4.526979223625240412e-01
1.259272525809235646e+02,3.277519345854124633e-01
1.282661180590327206e+02,3.270295718795546702e-01
1.175156569823755035e+02,3.003457463580236353e-01
1.129066838456915463e+02,3.159939665356165661e-01
1.047458145696201228e+02,2.947704327774277044e-01
1.012192458838445361e+02,3.812210208308235426e-01
1.053519143857990628e+02,3.563088820184042160e-01
1.062543689617332063e+02,4.102113490891238223e-01
9.657217927373424970e+01,3.464922586617590339e-01
8.585457573976658807e+01,1.194068260787314040e-01
9.833652328824393862e+01,1.369571210483799817e-01
1.086925827404295291e+02,2.420526017704412725e-01
9.543228047347491838e+01,2.458741150663483754e-01
9.667284826230449823e+01,2.637581068421984698e-01
9.401113632124175012e+01,2.591493541735873651e-01
1.044266709296407782e+02,1.918500578004680435e-01
1.085515585345813747e+02,3.862005106012857403e-01
1.099979701251407391e+02,4.354190088205478482e-01
1.182170143919810954e+02,4.405767393686456090e-01
1.171447938467896961e+02,4.157741461631289104e-01
1.216318492820693962e+02,5.051550472924178914e-01
1.182811874049555740e+02,5.684861546756265760e-01
1.278018555314568516e+02,5.138349743017723847e-01
1.268572716304736900e+02,4.283438438233732604e-01
1.187647044791230684e+02,3.771269963758723809e-01
1.125397029397282154e+02,3.854580902317117364e-01
1.164102577805692107e+02,3.472939531947185077e-01
1.137583744897884941e+02,3.812980963734011741e-01
1.153552381868172603e+02,2.882801755403185395e-01
1.056667669819036774e+02,3.299710617173169935e-01
1.085702672148247814e+02,3.158838551179253828e-01
1.109421968604886501e+02,2.674905808160092935e-01
1.003456276431318912e+02,2.491609601381808980e-01
9.525542569685732985e+01,3.382035364486556950e-01
9.837762156640356181e+01,3.350406882929136687e-01
1.002750753717995451e+02,3.496572424220390496e-01
1.070127615495268714e+02,2.373682346641981522e-01
1.037770670105687145e+02,2.308073249409213212e-01
9.880759373188284655e+01,2.565904086009260232e-01
1.011095435076787936e+02,3.664203524543427348e-01
1.052222350397536559e+02,3.839449160061078614e-01
1.109186781712803054e+02,2.813234984012976669e-01
1.110527501142872921e+02,3.664700147135597219e-01
1.192362712014684121e+02,3.370666441533685109e-01
1.143159814580427565e+02,3.558747533627819593e-01
1.190279490333368528e+02,4.405606732599289810e-01
1.099591873308830401e+02,4.705482704233230340e-01
1.192244765170347165e+02,4.591438544562846391e-01
1.308720803163899689e+02,5.718214552163858322e-01
1.328635832793232225e+02,5.790020865130360850e-01
1.298785653074220079e+02,4.875383794364886447e-01
1.288508680281202317e+02,4.508224200928883096e-01
1.274335316564903877e+02,4.838805487804543892e-01
1.200637608026025731e+02,5.418739346567612580e-01
1.338229369337639412e+02,5.275965077404110026e-01
1.280574382902684647e+02,4.623542770354930331e-01
1.268865257425074446e+02,5.167417802390642523e-01
1.289422645617445653e+02,5.482680278063747359e-01
1.366908644049264296e+02,4.694843868669459908e-01
1.368428468386081249e+02,4.227191346805162508e-01
1.412144483060189373e+02,4.750729589958430643e-01
1.398456495760518408e+02,5.186280674647658628e-01
1.291967908005703407e+02,5.087286805657798006e-01
1.338495417503064857e+02,4.293614294902208806e-01
1.266229697292107375e+02,5.147598647173070585e-01
1.242831934331511690e+02,4.788145795662522852e-01
1.246550667854361620e+02,4.772035217784507677e-01
1.245617243060326018e+02,5.261328225130688097e-01
1.156579011541196138e+02,3.551602137007778270e-01
1.211640747190447911e+02,4.747657242047190196e-01
1.257145022624262651e+02,5.382341499861679202e-01
1.180573207558138051e+02,5.288592579856723486e-01
1.140036258756692433e+02,5.284636999213760955e-01
1.061728353686010138e+02,4.566492413262709382e-01
1.093228266837197253e+02,4.166777652687339573e-01
1.055396514817102087e+02,3.995743627160761036e-01
1.045889904678969202e+02,4.361400069914378452e-01
1.034093749352821447e+02,3.497260052672557240e-01
1.013164543555352566e+02,3.362550424136507288e-01
1.056259544884820798e+02,3.249200378335792561e-01
1.078209920564214315e+02,3.116006638795583705e-01
1.013580553204783854e+02,2.630812278187717457e-01
1.042214537114089552e+02,3.596139399140669268e-01
9.923233021383704511e+01,4.165570081532625202e-01
1.053712374700069603e+02,4.370187160504631629e-01
9.517789981642090424e+01,3.999156705162151271e-01
9.977609707636631242e+01,2.759594542511920046e-01
1.049382199590459948e+02,3.445427280443790763e-01
1.032417208518503742e+02,3.691196838583239437e-01
1.134715053550143722e+02,5.166626961194038525e-01
1.024417863740285100e+02,4.677297333580814342e-01
1.115396693204329068e+02,4.537207346421628928e-01
1.140257997891940533e+02,3.984380670314171535e-01
1.250911508501861817e+02,3.892741285470629475e-01
1.164384128294179135e+02,4.414962757326170717e-01
1.161029783654824143e+02,4.320850619562592310e-01
1.250971095885701914e+02,5.081807188606708436e-01
1.187783615759180407e+02,4.538870897420634876e-01
1.153436718246443888e+02,3.698223252282175633e-01
1.107630998228226957e+02,4.030076765568776920e-01
1.182186485745360756e+02,5.040428339486225928e-01
1.204407656752310487e+02,5.246515515267058394e-01
1.190821008089393018e+02,4.688686229865742239e-01
1.250800053508105805e+02,4.663910244788002091e-01
1.137991400959242725e+02,5.102353896831055557e-01
1.108191687765256290e+02,3.390737206690040972e-01
1.102774260988454529e+02,2.662905938228961600e-01
1.052709296812835049e+02,3.996849031351614179e-01
1.010739352373763609e+02,3.835342696443117538e-01
1.052247823422215731e+02,3.536361573561477289e-01
1.082198197528189638e+02,3.003437132429385703e-01
1.043790943208048816e+02,3.709915374038384450e-01
1.089202240990676813e+02,3.637757105305952088e-01
1.056471713948466942e+02,3.649095873134077239e-01
1.016800955863277096e+02,4.149608297193891904e-01
9.846238445470876854e+01,3.378203418059432250e-01
1.007431089118905021e+02,3.186454988235259411e-01
1.033945534093412419e+02,2.496347030254720267e-01
1.092663800936706906e+02,3.286546390712503651e-01
1.073076779371054101e+02,4.184335447730173629e-01
1.060903165009096938e+02,3.605016340159756805e-01
1.030519754722375296e+02,3.561054190598046398e-01
1.095588963071681121e+02,4.211718157765406700e-01
1.000521535306855441e+02,4.014805828468975268e-01
1.060685079444568828e+02,4.996316516947715280e-01
1.035715207364388277e+02,4.758974196263260348e-01
1.191646920038214716e+02,5.031634451155962973e-01
1.123835710577264848e+02,4.274198036428002445e-01
1.089817968698779111e+02,4.622256180560356809e-01
1.146494749969787392e+02,4.109529066379098428e-01
1.171448490779071392e+02,4.845702695358224399e-01
1.161317490231123770e+02,4.041862205262680141e-01
1.193659295205706599e+02,4.587818854338911456e-01
1.146724507056846249e+02,5.411796218647203505e-01
1.150182136650487479e+02,4.729067583003193076e-01
1.217857501540384391e+02,4.979309161630620650e-01
1.196052134297864313e+02,4.709603925370254296e-01
1.108531002097435589e+02,4.666300559314204843e-01
1.128955889561362653e+02,4.019939191078523155e-01
1.059208173289916317e+02,3.814194372618514017e-01
1.029907373554488572e+02,2.939005283301661664e-01
1.171477565544848716e+02,3.424647423620827413e-01
1.019496838416158369e+02,3.101604736685663610e-01
1.047351823794290908e+02,4.033807849934534784e-01
1.183915302362969157e+02,5.256725198143618050e-01
1.210502910536537797e+02,4.799406170033541641e-01
1.228540476625770168e+02,4.240112044536091807e-01
1.182686710824441860e+02,3.607812125853237517e-01
1.158939438609502872e+02,3.868611349493928930e-01
1.135082306735469757e+02,2.705458898063638484e-01
1.086561563255249325e+02,2.033454548508556725e-01
1.084550202320744461e+02,3.302733355038877106e-01
1.121511530895858897e+02,4.280279434661269367e-01
1.085072272891431453e+02,4.137486097576322241e-01
1.090851268050138430e+02,3.498626963890918984e-01
1.122427816026921334e+02,4.129960081194190558e-01
1.088268234961156651e+02,5.037213166541723020e-01
1.152911194839963969e+02,4.236499550084681376e-01
1.169140417003636401e+02,5.072734011700623658e-01
1.198512136879071335e+02,4.307344985896415790e-01
1.149795727825484022e+02,4.220947435996134645e-01
1.089953639227317126e+02,3.309742282893308740e-01
1.038140966071510434e+02,3.795964164102032523e-01
1.020851869385836324e+02,4.147645969279221689e-01
1.053156570653454480e+02,4.229452802749603113e-01
1.095706379663466805e+02,2.866853930888621504e-01
1.101025610652038011e+02,3.701094753460862918e-01
1.043808429749828974e+02,3.503448518362257680e-01
1.097600248694885892e+02,3.785025134691713533e-01
1.185860107904425433e+02,4.650082015866222607e-01
1.155071837314574168e+02,5.315605436125764305e-01
1.240699119664505048e+02,5.350618567060402286e-01
1.186936186432785689e+02,5.788901007808487931e-01
1.149374004897045012e+02,5.365545309820645148e-01
1.164426145644814596e+02,4.306789768131985552e-01
1.049644838692271520e+02,4.013702042722091523e-01
1.173923345662107920e+02,4.879415655043864430e-01
1.217074789424486028e+02,5.626580481641062503e-01
1.172835000226905322e+02,4.952456661795922588e-01
1.139175862872205016e+02,4.982161556657534462e-01
1.310967172930132563e+02,5.934859711452777908e-01
1.278832215518364848e+02,5.989538652173657107e-01
1.214836838629188378e+02,5.753458593642856167e-01
1.338904747724555193e+02,6.292164209957862298e-01
1.404694294955237694e+02,5.917002737833964021e-01
1.303210217816453564e+02,6.631826822036827052e-01
1.331127367623599298e+02,6.142531482104408580e-01
1.359702500067722610e+02,5.643654093230793256e-01
1.261521956652624539e+02,6.100148028710086212e-01
1.219734820283644581e+02,6.399573882951944404e-01
1.257406588812599892e+02,4.993216023107056034e-01
1.192297965645135633e+02,5.338471629426743137e-01
1.329130188296084327e+02,5.806342902331425027e-01
1.264789182498443694e+02,4.681562001835199993e-01
1.332146038933618115e+02,5.661179657864054970e-01
1.220121160159098821e+02,4.303920177749389619e-01
1.231186046692915141e+02,4.536548248027885144e-01
1.084396900278690339e+02,4.510680419815091269e-01
1.075421994754476884e+02,3.562022960485968226e-01
1.039957658346701237e+02,2.535843288613381930e-01
1.099875790079026245e+02,3.747514145092856741e-01
1.142069233285000678e+02,5.091129801233109653e-01
1.195183451313311451e+02,4.598568502734647345e-01
1.167490112311545118e+02,4.450482939775675106e-01
1.269172191556879739e+02,5.008601058142085893e-01
1.317401035011120598e+02,5.546126284647151516e-01
1.169101876302263321e+02,5.725098967154484964e-01
1.129419420399202920e+02,4.592734030448016314e-01
1.105540091674694736e+02,3.806582297501703294e-01
1.076140448144765855e+02,2.943699094301780450e-01
1.106022727358858333e+02,2.841471914262982401e-01
1.104196033269116697e+02,2.086357240871026253e-01
1.182224701299582392e+02,2.566118902853358197e-01
1.076791092966781491e+02,3.052965051035276267e-01
1.024934675998480600e+02,2.894588892319812645e-01
1.064255550349847823e+02,2.890793174756258188e-01
1.056862666283694239e+02,2.758783682506414925e-01
1.083908909672774001e+02,2.698025877954330909e-01
1.080378162668825865e+02,1.968203296377456502e-01
1.005351348065108539e+02,2.454540557176545790e-01
9.814046497362812715e+01,3.295729727097236328e-01
1.046084335054779899e+02,3.256529793009212415e-01
1.064426806086555359e+02,2.317905428599263962e-01
1.100620967583246568e+02,2.342765605860108735e-01
1.192166327836720541e+02,2.550445087896729413e-01
1.216501963079582964e+02,4.022459260702902495e-01
1.178442211538993547e+02,3.612465447721553424e-01
1.192613709931336956e+02,4.530900365100498095e-01
1.135495376075892011e+02,3.551094933484914007e-01
1.190413181420831563e+02,3.515633027568786928e-01
1.163840783801547047e+02,3.253857738045223824e-01
9.926767671055340259e+01,3.616897222300552994e-01
1.043755967518756194e+02,3.455224849773683160e-01
1.021338674692283348e+02,3.050851155068071141e-01
9.862531352885729063e+01,2.956512137399048834e-01
1.111336293582217110e+02,3.059306127816289744e-01
1.083843680346777063e+02,3.213772533552965438e-01
1.179716034997638161e+02,4.448592127491394210e-01
1.204343590679974767e+02,5.470542409278951190e-01
1.187733175291556051e+02,4.979412706845775527e-01
1.202961963834319050e+02,5.271170233399526950e-01
1.229725785742903241e+02,5.214647337670698102e-01
1.333830452664923314e+02,6.047728715801292676e-01
1.333775329460239902e+02,7.155560701139058732e-01
1.399714552899662010e+02,6.616719766034449002e-01
1.328793326865844904e+02,6.300786851032834646e-01
1.319426332364181178e+02,7.066243452652980483e-01
1.251124211527750134e+02,6.247955033346626053e-01
1.177936703424094418e+02,5.410797119559676016e-01
1.237695373146666640e+02,4.787387390154165812e-01
1.221580567948681164e+02,5.028250933175845150e-01
1.267353333042136256e+02,5.824810285522784570e-01
1.267988594340348385e+02,4.624329659552025573e-01
1.119827504912666001e+02,4.754060405089883812e-01
1.178387125984040864e+02,4.642028900487412124e-01
1.177208871708351552e+02,4.599334505534616868e-01
1.195027338065177531e+02,5.627258169328075432e-01
1.162649979027013956e+02,4.987036980117668383e-01
1.096918293378004989e+02,3.702425650280697922e-01
1.179954144004304055e+02,4.256904504262634115e-01
1.169886782446511404e+02,3.984834828536993334e-01
1.143806989629278661e+02,3.574240131651976182e-01
1.069035754092550121e+02,3.608216359748841473e-01
1.047293905389552862e+02,3.032086029724567755e-01
1.029121182010390925e+02,4.039331688988683222e-01
9.932438686981132037e+01,3.729489692894211172e-01
1.002102010185539456e+02,3.330466246263005248e-01
1.029888769533977779e+02,2.719913686267165231e-01
1.025026427512167970e+02,2.442678886903692503e-01
1.053461360584824291e+02,3.226012718424358106e-01
1.082825936950422516e+02,3.135754169086778509e-01
1.191325397066621861e+02,2.521726754474148402e-01
1.122408516829027292e+02,1.976424619708309349e-01
1.099000373881204808e+02,1.760879829407502317e-01
1.074810211926509993e+02,1.967011963778173556e-01
1.027193209205293414e+02,2.108069904198530964e-01
9.501877614231499081e+01,1.676532237166672712e-01
9.370404057662345565e+01,1.857155617513613910e-01
9.125853172731719098e+01,2.888739266863541433e-01
9.014246622988646607e+01,2.948320170084870462e-01
9.783927010648157818e+01,3.572691563838266693e-01
1.000477013468724579e+02,3.056423711385077291e-01
1.014131632624749244e+02,2.834363527709814479e-01
1.033251816036151780e+02,1.813131536122979670e-01
9.824254922232148601e+01,2.186815108169956057e-01
1.129354860306658281e+02,3.499547952668375372e-01
1.149656055895975726e+02,4.128400887239642714e-01
1.135579058613411974e+02,4.166384229753287149e-01
1.025663877282570695e+02,4.285916785768164594e-01
1.129440054510176878e+02,5.275296009692469479e-01
1.195779998746257604e+02,5.207572675531797479e-01
1.215447039088091685e+02,4.229573359726327419e-01
1.158712220710684022e+02,4.061925266806524770e-01
1.151528629769403835e+02,3.582636101150615815e-01
1.017179463093526977e+02,2.349972154675481484e-01
1.005702084616788738e+02,1.859683478364488607e-01
1.095115543291178000e+02,2.440873941145208226e-01
1.042001649831283601e+02,2.743096189909492444e-01
9.934761607270255013e+01,2.428486365938006264e-01
9.974946155367155143e+01,2.379388652406922433e-01
1.004819274238608244e+02,2.450225512505209979e-01
8.978341864225343727e+01,2.415981965423991684e-01
9.526675002516269330e+01,2.744617454328518447e-01
9.938337399025465402e+01,3.077334089285702623e-01
1.053531713890600656e+02,3.662881617641706167e-01
1.088283973833797802e+02,3.386507757069676106e-01
1.139554417578857652e+02,3.926939780748430753e-01
1.177673278973009161e+02,4.791441622430948066e-01
1.277393148248425945e+02,5.613350649974040429e-01
1.359284274564326438e+02,6.271846289989903012e-01
1.341881543327195345e+02,7.008733684543364539e-01
1.273349859346383823e+02,7.040240459959388186e-01
1.249027054021791656e+02,6.636434551461031228e-01
1.285759853226518032e+02,6.671504959475669239e-01
1.367448446417210448e+02,5.483739716211500914e-01
1.376410163644924864e+02,4.708669732657525531e-01
1.421650491026051100e+02,4.757132588010898333e-01
1.240359023755168408e+02,2.969675740898730099e-01
1.193040225840141062e+02,3.393402279578070502e-01
1.245053788217092858e+02,2.890009719104489894e-01
1.272507520496828590e+02,3.505502699385757426e-01
1.202292452442360684e+02,4.098177209822178590e-01
1.148878276241080130e+02,4.682445619288055361e-01
1.231119039235393160e+02,5.778085421257567189e-01
1.264087429161905902e+02,5.221632360926277139e-01
1.196573495552244992e+02,5.729170866832056230e-01
1.237477797835894933e+02,5.299793224774961287e-01
1.192474165829087127e+02,6.067641423114478183e-01
1.182642726859992166e+02,5.609707675415604999e-01
1.273180664529773480e+02,4.686675191260078477e-01
1.202041910184286451e+02,4.265516479876889644e-01
1.309868710891606156e+02,4.831078980026231595e-01
1.255223623477916135e+02,5.611630852720678186e-01
1.282972295139469736e+02,5.711015049400340882e-01
1.286288052366438137e+02,5.771277731943255107e-01
1.230942808705758722e+02,4.857380086615670223e-01
1.215371895691982900e+02,4.878816221212295967e-01
1.171246242191617739e+02,4.003017110261162803e-01
1.189931775734842034e+02,3.908081825301957801e-01
1.216271397074384311e+02,4.734813699382483532e-01
1.204841391737093943e+02,4.606564368428298639e-01
1.220111664024924494e+02,4.888196100713808612e-01
1.398147350059556118e+02,5.097357354686792297e-01
1.344360639651805513e+02,4.680441562288351065e-01
1.230598526597875804e+02,5.131610263833206176e-01
1.228320625749814354e+02,3.768211588593340933e-01
1.120197379715295227e+02,4.156750229158576726e-01
1.180159354612804776e+02,5.172996496618998963e-01
1.248469181113053850e+02,5.551045772715353932e-01
1.228181869805949447e+02,5.282465687910075092e-01
1.219443137292870460e+02,5.934898785252209485e-01
1.157897845163153221e+02,5.392290840906297511e-01
1.164090219516944273e+02,3.927581885731086242e-01
1.104772009362438610e+02,3.852727345276953375e-01
1.133560528597245565e+02,3.120148297170322604e-01
1.042905210143964752e+02,2.649328335931774303e-01
1.045469588111403141e+02,3.319241382475414670e-01
1.063034175740058913e+02,2.928731564160572676e-01
1.131223450378426634e+02,4.278076490870419968e-01
1.197136682706486397e+02,4.245894142377488190e-01
1.150958606389468173e+02,3.991719049946640951e-01
1.233446355946292101e+02,4.146368333012862006e-01
1.201812373301537917e+02,3.655060852967749740e-01
1.114087351227416889e+02,3.818996500683994877e-01
1.146492039432809946e+02,4.247235156480758111e-01
1.218903385103692187e+02,5.155841375103820123e-01
1.272889151453973398e+02,5.522262281277373619e-01
1.307366878463323587e+02,5.475337634351467031e-01
1.107068888656062313e+02,5.096935004878095921e-01
1.138924729614905118e+02,4.913105583002798094e-01
1.246298576231929900e+02,5.605405164305053978e-01
1.255656704812355997e+02,5.091989630679326639e-01
1.251454463130994270e+02,5.026340589064645092e-01
1.244233485940727775e+02,5.695399619609005093e-01
1.346176648396230462e+02,5.085189746108744746e-01
1.361996594632137203e+02,5.377424679219720005e-01
1.349750728527041019e+02,4.183075394553313897e-01
1.314339095940175355e+02,3.820944805317373905e-01
1.331855005946138135e+02,3.561122671493678338e-01
1.250511487628159841e+02,4.486983798341789842e-01
1.153812840733128411e+02,4.332518190172362504e-01
1.146130233381293522e+02,5.171056981706070310e-01
1.244901205454257820e+02,5.469765609998957778e-01
1.261344390851260613e+02,5.674761442440353632e-01
1.345616020285470427e+02,5.320707852861463749e-01
1.185227696423107915e+02,5.326302210710835983e-01
1.122062017364552418e+02,5.237205381071783350e-01
1.221662767728663823e+02,4.992135292661531443e-01
1.228802330662087599e+02,4.972360386907900276e-01
1.160314482840580297e+02,4.157664507649143637e-01
1.169483736201768380e+02,3.954948521398416461e-01
1.058983057183667853e+02,3.034741370942664052e-01
1.110369181741294540e+02,3.517787095021624455e-01
1.156270241313599456e+02,3.334354237547053068e-01
1.097352565479586985e+02,2.938664643264108367e-01
1.038495664536477818e+02,2.815932986045244224e-01
1.129848890773264145e+02,2.376185576397131793e-01
1.058067211128824852e+02,2.544485539537332808e-01
1.120152809173823130e+02,3.961715916264919035e-01
1.108100177695454676e+02,3.587209921034161253e-01
1.017176055938837891e+02,3.421917915469709914e-01
1.112358228509762910e+02,3.045263545393530058e-01
1.112709623855728154e+02,3.037118242158113324e-01
1.092623038896059171e+02,3.658048060402998569e-01
1.092898177368883239e+02,5.153889041076067379e-01
1.112946914167912382e+02,5.153818010178351505e-01
1.127133075020323787e+02,4.628334967909187858e-01
1.165314292446977333e+02,3.922113286878323168e-01
1.060432506713708563e+02,3.050473074840506227e-01
1.004188820216727436e+02,2.249572719842884982e-01
9.666151059009985147e+01,2.128653813632112590e-01
9.370642852732363792e+01,1.884311748998584168e-01
9.903259275894856728e+01,2.340046784434796079e-01
9.235144657785659206e+01,1.080941822075474484e-01
9.128209915957347675e+01,5.515200866601868701e-02
9.101550195609046057e+01,1.157790746073044941e-01
9.539489571205795926e+01,2.012631862313113418e-01
9.726798449823868964e+01,2.974640559727913525e-01
1.073606644587449495e+02,2.599010886981251156e-01
1.043384065691447802e+02,3.451449088163181522e-01
1.076837542053687997e+02,3.167849193564413746e-01
1.073299393825042927e+02,3.658352110550979197e-01
1.139932172107923378e+02,4.257880002097172434e-01
1.012500792332426300e+02,4.413566963327120729e-01
1.114251125676963454e+02,3.883612426473426193e-01
1.077705844787122800e+02,3.484487034803077088e-01
1.126122389576835019e+02,3.203714961496919034e-01
1.128495609356321268e+02,3.300916083413004687e-01
9.923632462145351951e+01,2.364258731801893998e-01
1.024480796129545581e+02,1.869536896108142943e-01
1.059625464424286463e+02,1.541298854423672482e-01
8.964541681259824202e+01,1.357603352707197619e-01
9.215315738256147426e+01,1.835683331867062895e-01
9.661530807357279116e+01,1.949740894211223208e-01
9.815594410665161718e+01,1.865272565191251897e-01
9.764315175832209093e+01,2.361573452699786968e-01
9.471017023939675994e+01,2.142606744316485068e-01
1.052393147953964530e+02,2.792009433618491410e-01
1.062614812840413805e+02,3.404291655771508607e-01
1.029269894627436486e+02,3.092261470938641454e-01
9.581555869940977743e+01,2.833651693576660913e-01
1.086216579078796087e+02,3.054419521952719263e-01
9.869173149551146196e+01,1.981186729920447753e-01
1.089640975099295730e+02,2.460219428670158970e-01
1.149410453586355771e+02,3.061492731383875787e-01
1.132471247067287123e+02,3.883852998765743303e-01
1.043822741202802291e+02,3.428447093980729332e-01
1.085106788223290408e+02,3.730400174293006521e-01
1.070571747021737252e+02,4.009865214229787478e-01
1.162404945731265400e+02,3.792449548859354036e-01
1.165571158383663857e+02,4.803380513475919988e-01
1.234815975734214106e+02,4.636274927277443947e-01
1.343944826162839377e+02,5.288420272078233619e-01
1.214975317757184428e+02,5.737267240288336234e-01
1.154201673066952907e+02,5.408769129369859208e-01
1.119238508797542409e+02,4.943087182144313974e-01
1.055988722545213960e+02,4.188354915016466729e-01
1.121125039100286926e+02,3.617737548978917639e-01
1.075059401138655488e+02,3.658758258762055959e-01
1.045574587554356754e+02,2.609823850245944210e-01
1.069070032105595374e+02,3.825176308005077130e-01
1.087878143861801306e+02,3.517235902065897202e-01
1.063978339818532248e+02,3.025517689526005527e-01
1.097965100034345909e+02,2.789344488168134517e-01
1.131665877619817309e+02,3.700275993187551182e-01
1.093341478664164583e+02,3.299537951577029560e-01
1.013163113832887063e+02,3.301173034487572266e-01
1.021560184554227817e+02,3.019305177003508978e-01
1.055841743734464870e+02,2.994756168773342608e-01
1.054775820604416197e+02,3.707602907820465865e-01
1.027354781123438840e+02,3.733740027732012079e-01
1.095318121993924052e+02,3.739419277353532856e-01
1.098973341465632956e+02,3.517313882534978675e-01
1.139517560626688066e+02,4.678645383537625158e-01
1.149911268017631159e+02,4.497220349094592784e-01
1.178520554394597752e+02,4.574198002196775414e-01
1.122974925682475202e+02,4.568443469283827163e-01
1.079700178755602735e+02,3.539623490827255581e-01
1.089300754051747191e+02,2.827050469852261383e-01
1.032449297678908522e+02,2.626029214129572131e-01
1.082972067245270864e+02,3.742874227223804695e-01
1.128008129805245261e+02,3.909875654248695098e-01
1.130371722125384224e+02,4.957855805783266678e-01
1.150009057076985499e+02,4.987270063823649457e-01
1.078348296316048334e+02,4.534871002395401418e-01
1.182346111174298926e+02,5.495763770403320203e-01
1.233945103652845035e+02,3.480741683128575348e-01
1.144568303176343989e+02,3.962937197266426792e-01
1.089016135991644063e+02,2.289337867900940737e-01
1.027717569074015955e+02,2.466702429280073772e-01
9.938022675005680640e+01,2.306812115386436823e-01
9.915196607051842648e+01,2.688598139173251633e-01
1.059438229403925646e+02,2.911329992818519896e-01
1.041516821969292010e+02,3.051302257777046556e-01
1.102292425416590191e+02,3.114413822302797286e-01
1.141879096264684392e+02,4.146868402081184124e-01
1.120351210124000829e+02,4.235155405342039270e-01
1.188767503804373575e+02,3.684948873644475209e-01
1.042746396819539001e+02,3.274845241071801527e-01
1.022065308218627564e+02,3.164489696320731404e-01
1.065232413342478992e+02,2.950639556231306471e-01
1.074346247979376443e+02,2.977377791843408006e-01
1.064178306954052857e+02,3.936939609677752028e-01
1.042865411034641738e+02,4.098739036153022375e-01
1.026348472260645792e+02,4.339831361022361556e-01
1.075607368977886011e+02,3.127767551861395101e-01
1.085449759401790146e+02,2.775546634566079529e-01
1.094736109458807505e+02,2.347872585806184687e-01
1.077429635437765256e+02,2.166682725540975685e-01
1.116876083390301062e+02,2.279727959996808440e-01
1.028850052406555733e+02,3.100608240310080976e-01
9.791117183344589137e+01,2.814407946296975105e-01
1.009399297975394916e+02,3.293907779201676878e-01
1.032768880127086391e+02,4.023137905355246846e-01
1.180640493227913623e+02,4.286633555793043504e-01
1.215090452308680540e+02,3.329598935119312264e-01
1.127436290354943225e+02,2.935591175314976042e-01
1.085673471784869548e+02,3.127856044716336159e-01
1.013982897609975566e+02,2.713882060851569578e-01
1.042844317513760188e+02,2.385576553409797795e-01
1.051225302398192980e+02,3.998517187204351231e-01
1.122888428851400846e+02,4.516558852753699838e-01
1.140598020854063748e+02,4.053086109014658600e-01
1.192543422170259362e+02,4.076654422915443332e-01
1.169911320822626521e+02,5.328764082126494772e-01
1.221531047411977795e+02,5.051982245991307741e-01
1.226484213658527267e+02,5.259742690068065496e-01
1.128986618031518105e+02,4.559398962008568978e-01
1.089564489241373195e+02,4.016295474639160479e-01
1.143020772071362643e+02,4.786517475949524369e-01
1.091048888502314895e+02,4.681883439594430873e-01
1.135390742977536007e+02,4.033507634698913491e-01
1.100325434855550384e+02,3.712224999268821657e-01
1.104821581085793127e+02,4.163836518743793125e-01
1.157856237302895579e+02,4.048372181069980202e-01
1.029036851551745144e+02,3.945672862442060058e-01
1.025588319485616609e+02,3.150332584415782566e-01
1.156631689781798400e+02,4.209368720342586689e-01
1.190682865385803098e+02,5.277292404265450099e-01
1.203797955380008347e+02,6.214660085794608824e-01
1.185583528740013151e+02,6.147233197085514300e-01
1.212351961474552553e+02,5.402862871741027639e-01
1.251698286292923399e+02,4.738138984242213358e-01
1.166986011107235441e+02,3.522778445949821258e-01
1.144708971402368860e+02,4.244470037888652958e-01
1.094686460101066814e+02,2.953028598185580833e-01
1.193504848714176205e+02,4.010706278193509333e-01
1.249568200903192121e+02,5.258983311433166330e-01
1.247353624645590315e+02,5.127491627240741145e-01
1.304760810748372251e+02,4.875185409027471550e-01
1.331126663683865559e+02,5.361627993192937813e-01
1.311130832260862178e+02,6.261575751514226740e-01
1.360507629260677902e+02,5.257730053561878725e-01
1.334761158197671875e+02,5.487438063077479944e-01
1.235848490404617337e+02,5.012714674131359960e-01
1.269549935037820916e+02,4.656534981954103536e-01
1.187100845735666041e+02,4.503536529790038156e-01
1.235837126303621716e+02,4.707804188762003683e-01
1.258565415610987230e+02,4.924671880600308693e-01
1.178368725012156801e+02,5.143656776228153760e-01
1.290824236110216248e+02,5.380284230454049910e-01
1.216575538645639227e+02,5.692798959332825426e-01
1.184098933112005483e+02,4.647769884598219048e-01
1.170150666637829175e+02,3.476990120408149920e-01
1.113932021481262211e+02,3.743886358464040831e-01
1.114009578163186660e+02,3.735828472910550646e-01
1.151287525895700696e+02,3.875788019516086536e-01
1.124176801447334810e+02,5.442308406091946882e-01
1.147754157019977157e+02,5.390726616702026242e-01
1.144169728724034059e+02,4.660086182991119985e-01
1.112208518656461109e+02,3.864063398888945566e-01
1.042794967293485087e+02,3.515796964270321290e-01
1.138220857544104376e+02,3.517844898012496557e-01
1.178893676439492566e+02,3.926025569879604271e-01
1.142987126605785164e+02,3.575545721652952369e-01
1.110701687089533749e+02,2.713360228187657319e-01
1.022571670391974550e+02,2.392656745906608928e-01
8.890669782869095172e+01,2.075357086735613588e-01
9.322349062170104617e+01,2.252304797738047260e-01
9.851896662539068927e+01,2.630631413037574640e-01
1.109503251459483977e+02,3.506404508978355206e-01
1.159487506951457476e+02,4.024994221563363839e-01
1.180649586056164964e+02,4.202554479777615426e-01
1.204643897517404838e+02,4.772407109192159380e-01
1.325656601499896112e+02,5.506698717470285276e-01
1.299962676446065473e+02,5.364958039302630821e-01
1.333943328099426822e+02,4.926862578483175437e-01
1.224297767887161541e+02,4.290494355270442761e-01
1.123185236202718755e+02,4.306332943818835801e-01
1.118534688282244076e+02,4.488041230691998673e-01
1.003062862673267688e+02,3.950181399153951944e-01
9.442617700362089295e+01,3.647754456022841429e-01
1.076101148510697527e+02,2.897299273129525510e-01
1.209155925946552657e+02,3.644956802680899277e-01
1.263124322502997501e+02,4.506548691478822199e-01
1.210504376828819488e+02,3.271195923454130461e-01
1.205075137631407216e+02,3.580428648531851499e-01
1.226264635608118283e+02,4.651720998496917669e-01
1.230612213629102598e+02,5.233962305347699129e-01
1.267712107291588239e+02,4.922498562746683848e-01
1.197276876846350859e+02,4.450213462757309779e-01
1.117057567448682676e+02,4.193184946967263849e-01
1.218580709075142607e+02,4.919646726443829277e-01
1.101828721499106365e+02,5.200799541385683344e-01
1.119725991753585816e+02,4.684848983964874924e-01
1.221226363268381192e+02,4.336026920322733069e-01
1.282436417552727050e+02,5.078385130731417618e-01
1.290150350015400136e+02,5.946538866568965576e-01
1.298646573798253030e+02,5.114181144801851486e-01
1.308926916320657199e+02,5.699793476595824693e-01
1.229691516349808467e+02,5.012113081385559665e-01
1.232467349811638684e+02,5.278904363086531770e-01
1.172385749461482760e+02,5.354942314859920671e-01
1.243105033133095390e+02,4.904089177385881348e-01
1.213306054668105958e+02,5.518606935349281706e-01
1.074664452142814639e+02,4.328610911824201102e-01
1.066352831843739182e+02,4.483084740739523011e-01
1.137853144983703828e+02,4.041938822878169413e-01
1.114686922635000030e+02,3.108752310358244841e-01
1.044459776568992311e+02,3.134338186789697445e-01
1.059802653532710224e+02,4.332732706369286091e-01
1.038044806393014596e+02,3.385240357573006675e-01
1.065182380919446246e+02,2.975489371722433440e-01
1.030630665679141913e+02,3.137307390299730603e-01
1.098333932142962368e+02,3.522671553115412357e-01
1.142406592377634240e+02,2.821132375885636590e-01
1.104690845088609734e+02,3.197268305770871732e-01
1.026537152621634448e+02,3.000426006449001259e-01
1.029336062872148005e+02,3.089880400772467839e-01
1.035106842259225459e+02,3.302416683637443007e-01
1.013707996291749254e+02,3.504049222144441922e-01
1.070729109388818898e+02,3.019268132357553758e-01
1.117239234324733843e+02,3.342210339409065201e-01
1.081710799499778659e+02,4.085927450388213145e-01
1.143342024188873864e+02,3.924198905745257537e-01
1.099255666506937388e+02,3.447050649681471790e-01
1.046883377517446121e+02,3.795942495308601283e-01
1.039314349083003606e+02,4.290846158078184813e-01
1.115839381239306078e+02,4.261158991644352634e-01
1.031362603665260451e+02,3.813478704282826093e-01
9.637791157746450210e+01,3.488937365240403765e-01
9.595964086149109562e+01,1.647770439384919627e-01
9.553089149436972605e+01,2.295956123959061734e-01
9.968376955042883480e+01,2.490082095236026971e-01
1.065045240887777993e+02,3.355499239425911995e-01
1.117320939230156966e+02,4.744123250644298739e-01
1.087098732162961596e+02,4.285050111557991981e-01
1.087591895680738929e+02,4.303033032616647158e-01
1.206683295330168590e+02,4.523006467282389975e-01
1.152864336495176474e+02,4.412462706485613673e-01
1.188113743420313426e+02,4.061835708434134995e-01
1.171693356790292455e+02,4.943563956442762475e-01
1.180627834981211066e+02,4.727206547327051367e-01
1.183490851507432495e+02,5.051056421222100967e-01
1.143597147763329360e+02,4.680981842159471218e-01
1.123077648261745765e+02,4.771038846061883554e-01
1.116436478024083527e+02,4.963688538467517786e-01
1.147803397607458180e+02,5.383282446316972614e-01
1.118504520307846093e+02,3.629763638267402559e-01
1.155643548595943884e+02,4.683590474317316232e-01
1.112224484554222670e+02,3.432159335511741349e-01
1.157337210577125006e+02,3.153441348147338896e-01
1.067230570268568357e+02,3.732248825688107008e-01
1.170272194929491576e+02,4.793545407857681129e-01
1.177769251194281281e+02,4.942943606323956796e-01
1.292198044714040464e+02,4.473590466265209842e-01
1.297310988232611351e+02,4.685620471246303986e-01
1.196452918266731160e+02,4.512029404759755891e-01
1.245783676473425459e+02,4.547258217335253816e-01
1.157145149821783292e+02,3.964211962941703860e-01
1.121859838337664570e+02,4.435651098830405981e-01
1.180109257067475710e+02,4.455662703609756248e-01
1.185509706194034294e+02,4.674531756683069084e-01
1.208953160751728433e+02,5.045823040400626569e-01
1.183168433552043837e+02,4.728577513679922961e-01
1.160234482004990042e+02,4.960811353778986632e-01
1.028663756103480296e+02,3.548538588827971907e-01
1.179508398620287295e+02,4.502085942652692685e-01
1.134125847220114451e+02,4.335306331072675823e-01
1.160898688451808454e+02,3.841212894086240004e-01
1.106528445304071937e+02,2.830869560588422651e-01
1.189784358329878842e+02,4.088064204166755311e-01
1.155520917883946339e+02,2.403882782274888441e-01
1.121198725906383800e+02,2.176145589179886153e-01
1.140589528796937202e+02,2.973548300176527270e-01
1.078157682625844274e+02,3.072072389764606282e-01
9.713890962259941375e+01,2.870575554744954072e-01
9.928340851180556115e+01,1.573117873963441327e-01
9.995471508789883330e+01,2.129501741343154952e-01
9.296262772089478688e+01,1.952882302382900892e-01
9.551879211650799562e+01,2.707756604750475304e-01
9.298377565475117024e+01,2.907270275938410031e-01
8.952234693253653575e+01,2.899023882218459969e-01
9.055497899441063225e+01,3.026390206181855946e-01
9.995843347080905517e+01,2.825647594287592490e-01
1.041473667671577061e+02,2.826000883813055697e-01
9.733151505445600549e+01,2.440294049919151387e-01
9.991363929773656594e+01,2.937410288507524281e-01
1.064562101727788672e+02,2.355153333372416447e-01
9.601883933234600477e+01,1.998597683618955068e-01
1.089541686122620376e+02,2.297137624929953548e-01
1.150716411455349117e+02,3.883555996102943664e-01
1.058490364090179696e+02,3.617874580827001862e-01
1.105049761944447084e+02,3.878919591338538253e-01
1.135809106277415452e+02,3.781964972357184096e-01
1.032261554017486134e+02,3.094803299480813896e-01
1.079929810579185414e+02,2.452603206915152934e-01
1.027775838827218706e+02,2.486813576689980709e-01
1.022033872065855888e+02,1.954476772928009920e-01
1.041356122348772573e+02,2.746989978250763964e-01
1.130600346683875728e+02,3.717928804934619857e-01
1.130511445911196091e+02,4.040475513448738565e-01
1.101302112518963696e+02,3.467678849606211089e-01
1.054612530913838668e+02,3.315818134855860189e-01
1.237180696290721897e+02,4.417809605204213730e-01
1.253183591462915416e+02,4.653171049532875969e-01
1.222017304268264013e+02,4.930898186192593791e-01
1.145348798292296379e+02,5.259397453355852958e-01
1.163987593878526070e+02,5.050763762457741723e-01
1.135375133898909183e+02,4.100898707990728309e-01
1.095603795962222620e+02,4.205203945719780956e-01
1.077539372079110933e+02,3.891261795842575477e-01
1.095287625509708107e+02,4.041726957543974041e-01
1.188452304234343444e+02,4.442379576033665400e-01
1.193939910308087775e+02,4.352621667873620703e-01
1.243028571962131679e+02,5.108792636416955579e-01
1.157430628864189401e+02,4.917699739388615154e-01
1.188502979403479145e+02,4.961019310748293609e-01
1.293458465470649799e+02,4.908574624893228266e-01
1.357979110469715067e+02,4.677578599347025357e-01
1.300239380007447210e+02,5.669548175804010048e-01
1.241166812093992178e+02,6.034030079374583799e-01
1.178649347688172924e+02,5.358060122497726452e-01
1.247804747252332476e+02,5.702816637142549272e-01
1.345197062029552058e+02,5.904794954212477798e-01
1.391578952581539568e+02,6.370416033489924024e-01
1.314975880644624056e+02,5.683466831173482614e-01
1.234765773518751217e+02,6.076406882958508282e-01
1.115039382696911900e+02,5.411926051588575870e-01
1.199022840172029873e+02,6.698233169176968094e-01
1.147903426237338067e+02,4.915751198575965542e-01
1.055667642394851526e+02,5.986976628157479885e-01
1.155119756593254152e+02,5.792514779338293618e-01
1.141435010120697768e+02,5.666136748596217743e-01
1.179473423562229328e+02,6.077298428084210169e-01
1.162534115645563588e+02,6.436372877498059974e-01
1.321618667226744890e+02,5.864230933215148767e-01
1.373630798004702456e+02,6.292076488348864460e-01
1.389125287414133254e+02,6.186412637864755482e-01
1.351336331590281645e+02,5.121434054050534312e-01
1.376623388048313927e+02,5.803605015238602061e-01
1.359260590693526751e+02,7.427423504617337580e-01
1.389062568842504959e+02,6.408668073026144718e-01
1.291491093648034791e+02,6.414962508152587395e-01
1.323841176045625048e+02,6.732172450377089667e-01
1.367307906567799876e+02,6.111321140086994896e-01
1.319776920236901674e+02,6.252980218672500312e-01
1.248174644155669171e+02,6.959828738868235609e-01
1.353563839896238221e+02,6.413149735829030140e-01
1.348735839625693131e+02,5.539292963198053643e-01
1.363484600618427862e+02,5.029235567771414006e-01
1.340680532093730051e+02,4.826727240936052321e-01
1.200420490201415191e+02,5.177421717421107905e-01
1.206318350048035910e+02,5.205313571114001947e-01
1.138509384667035249e+02,4.646759821295327608e-01
1.169578179294106519e+02,3.350636383778697880e-01
1.157293352852780686e+02,3.585840106854732978e-01
1.073971845884421441e+02,4.126870572068740417e-01
1.018213249345697307e+02,2.315969910807953447e-01
1.099182699589046308e+02,3.485898768340841558e-01
1.077120300282416139e+02,3.439429697239891892e-01
1.115094830829529258e+02,3.936662060499666049e-01
1.143032307632188775e+02,3.267311344485765989e-01
1.143038956018705790e+02,3.186151927553324548e-01
1.191039311328255224e+02,4.986554679919191768e-01
1.293126479178657178e+02,5.061284519641513491e-01
1.239839451331025941e+02,4.948636970467305551e-01
1.188868553047652057e+02,5.070666452488002962e-01
1.228453934854348830e+02,4.248562203635630752e-01
1.146445971027907831e+02,4.219340765748071931e-01
1.034058819546997228e+02,3.838903486127222542e-01
1.042320335692751456e+02,2.712064469531307864e-01
1.152365870054014607e+02,4.583722635065201056e-01
1.176704376264387264e+02,4.090345484578036261e-01
1.203730052047360743e+02,5.861809814620997372e-01
1.220289635837374931e+02,4.707046643241470374e-01
1.211540931550332374e+02,5.024737999407862254e-01
1.157633458638948696e+02,5.667904322285922669e-01
1.219051586015952040e+02,5.313477647035711460e-01
1.182227095997349409e+02,4.757642042853548747e-01
1.146429023458697287e+02,4.857183825492871199e-01
1.183783086871850827e+02,4.134397133581239059e-01
1.070362627287322397e+02,3.762969205704237430e-01
1.158888064607067605e+02,3.911684504642449767e-01
1.199213776742876405e+02,5.212734958111793215e-01
1.138871219799088408e+02,4.845651382569351462e-01
1.148558548733584104e+02,3.350462179261816664e-01
1.204129689921726367e+02,3.815124702364436349e-01
1.133989790905291812e+02,3.965195487344618797e-01
1.157857386632323369e+02,3.541818023599242471e-01
1.079633785324083703e+02,3.496459602103291209e-01
1.080400598587058454e+02,3.814341389129136672e-01
1.137893163923300364e+02,3.382243304617299495e-01
1.055115266014791189e+02,2.991108036142469118e-01
1.011517869538963765e+02,3.058791427119217365e-01
1.064895154169371239e+02,2.980024045120742704e-01
1.062251833859505297e+02,3.683886514211621721e-01
1.045564243165972016e+02,3.876894364965010609e-01
1.071043257827115553e+02,3.718595953304081325e-01
1.178339450076696409e+02,3.755587577660119414e-01
1.243673480966251077e+02,5.221849976460243292e-01
1.153008321165519448e+02,4.955931917136560672e-01
1.213087774565595254e+02,4.527053063382684428e-01
1.209569299663542097e+02,3.984989256740874564e-01
1.253974755385531097e+02,4.171660048111549557e-01
1.176433986556040452e+02,4.082623513731349352e-01
1.179020005026365396e+02,4.594172925306894695e-01
1.189539326492815121e+02,5.228439958446319258e-01
1.274905319063407916e+02,5.989491099577686217e-01
1.244090204981529411e+02,7.261342868048745736e-01
1.155116947356901136e+02,7.108346320961452802e-01
1.204094923516674385e+02,5.408712656932516127e-01
1.198014718208173832e+02,4.690233530812330520e-01
1.229193838924254152e+02,4.211605031818416167e-01
1.252866484175704613e+02,4.245937628051719148e-01
1.241375964069924720e+02,5.541851609456411865e-01
1.276016721889584602e+02,5.597546950550635891e-01
1.262121528966508777e+02,4.884103437283656146e-01
1.146816966210983963e+02,4.558643714548828996e-01
1.013594457449598281e+02,3.883374937106062186e-01
9.817381221895304577e+01,3.940962563144924657e-01
1.010792821678507352e+02,3.912456142100188550e-01
1.041599889358699329e+02,4.344462343858853659e-01
1.065595659548054215e+02,4.352015406148223575e-01
1.011882283402501770e+02,2.843844478657474029e-01
1.031763500020495172e+02,2.454040744049095502e-01
9.992406713358819559e+01,3.089175448731912299e-01
1.145174795491542312e+02,2.718481192220809639e-01
1.052998076720787282e+02,2.217855549234187817e-01
1.092760107504494869e+02,2.614072415320988219e-01
1.157804782520921378e+02,3.497026183524536425e-01
1.193334693797933994e+02,3.476024912605374939e-01
1.192569977158736236e+02,3.409640476912315643e-01
1.137410507361066010e+02,3.164518765754975038e-01
1.141125405334162792e+02,3.380934073936343043e-01
1.040582753434293721e+02,3.315096219814632761e-01
1.079446415007778342e+02,3.049475584419105711e-01
1.159700244200482615e+02,2.974044753070497760e-01
1.045411758380272005e+02,3.848022787582942583e-01
1.001893868273212576e+02,3.753819281946226272e-01
9.889410469768725420e+01,2.921313472904714104e-01
1.020630676868848923e+02,3.360355308973018706e-01
1.078879076676149111e+02,2.827118228574495018e-01
1.031727685509206651e+02,3.085633029141201522e-01
9.565347496437460961e+01,3.385974695831830972e-01
1.024267789514257316e+02,2.833510359605538875e-01
1.065840862777985052e+02,3.751199374492121263e-01
1.056806066986972894e+02,2.597269542317006130e-01
1.090808795317501421e+02,2.505519198717640617e-01
1.111651764163119935e+02,3.689067203819541008e-01
1.013932023712822712e+02,3.592976817911666121e-01
9.710987654604507213e+01,3.442337351244542654e-01
1.112601297452603433e+02,3.764368105716328627e-01
1.044834205702359782e+02,3.616117730643644279e-01
1.121344029135281914e+02,4.452650285232035432e-01
1.059651578373524359e+02,3.914551213565251042e-01
1.121528303087693246e+02,3.001588573294574069e-01
1.091495130321244886e+02,3.255507984866999882e-01
1.129678508619453083e+02,3.231970541337580993e-01
1.105556712961005843e+02,3.199659052901052125e-01
1.014102881083616410e+02,3.542175538176638994e-01
1.089035686377168872e+02,4.862972973803182386e-01
1.151159100993613293e+02,4.848508821044575368e-01
1.172031863858696568e+02,4.736195114182817911e-01
1.177955987076955182e+02,4.940578572231406618e-01
1.037032032289355641e+02,3.998310632685926347e-01
9.654575717629560927e+01,3.241363485684047308e-01
1.073363194434952703e+02,3.463538038910246031e-01
1.025926427707693591e+02,2.875548017201475792e-01
1.058052454107804294e+02,3.468188727642592672e-01
1.135452691274797417e+02,3.663140179103595573e-01
1.086765092421414352e+02,3.448478214139791831e-01
1.007079583275494770e+02,3.781284574702801771e-01
9.955649157387986747e+01,3.691451432383672793e-01
1.192630654517451205e+02,3.289590477504957255e-01
1.129674589201001993e+02,4.952760401693605541e-01
1.130273394674143930e+02,3.784033604309079979e-01
1.272923955534378422e+02,4.170934457895963399e-01
1.169441824530062632e+02,4.849852291224890921e-01
1.069748596636233913e+02,3.568070372374740340e-01
1.110122987949052913e+02,3.783225787457891176e-01
1.127192865116214193e+02,4.414471951677804151e-01
1.182140585701620950e+02,4.037867360344029599e-01
1.137277261634626200e+02,4.754099250912022234e-01
1.180422810333026575e+02,4.394628605710182989e-01
1.070551374621240086e+02,3.935789159132854764e-01
1.042554862735824202e+02,3.226316612809930207e-01
1.043644214916389927e+02,4.196298388081519115e-01
1.165534598230361212e+02,5.159871140741216777e-01
1.169663376770700722e+02,4.833431032059838373e-01
1.153566514794680273e+02,5.245834699427814884e-01
1.169687941293969260e+02,4.928965049702107581e-01
1.113576415679079759e+02,4.353482783354766239e-01
1.123599819827603881e+02,3.866443913378936892e-01
1.164147195272571054e+02,4.097220291844707041e-01
1.105638778474927193e+02,2.629291254632093455e-01
1.063299964926641366e+02,4.308472789537661218e-01
1.101997153030594916e+02,4.520030123649115827e-01
1.275008746522224499e+02,3.789198544642519706e-01
1.352808087367164092e+02,4.854422987612539986e-01
1.350861415471996452e+02,5.547471742682994478e-01
1.246272571203041224e+02,5.877800800458726771e-01
1.295160981190072960e+02,5.474861346230978087e-01
1.123016338250774595e+02,4.954041913884395520e-01
1.235632296359393081e+02,4.560572966977078369e-01
1.204943741351793989e+02,4.437171314675514289e-01
1.254363218157657656e+02,4.441135431179571436e-01
1.238033472695809678e+02,4.585892552790466481e-01
1.140266088225941559e+02,4.055304376127880084e-01
1.156867825356470831e+02,4.365061112106091712e-01
1.161606732612030868e+02,5.395320535769188020e-01
1.183619937490192200e+02,4.801235160765567889e-01
1.245894317466472501e+02,5.367764432218389281e-01
1.390300804558926870e+02,5.654204015385284610e-01
1.439974596354587391e+02,5.715644417781027276e-01
1.350699787647327241e+02,6.086122693710726006e-01
1.262132720074427965e+02,6.543583200314744275e-01
1.380169919972912282e+02,7.011035712726929603e-01
1.297411114944538895e+02,6.318978975342279814e-01
1.217345309889629732e+02,5.950717846506242692e-01
1.197147579584961079e+02,4.866462141570107591e-01
1.269782646541838034e+02,5.225633511896382588e-01
1.238077731305226337e+02,5.390755032689641402e-01
1.296976733384877605e+02,5.050946395449932291e-01
1.272995545137425353e+02,5.950323953083604955e-01
1.138954975069159588e+02,5.749941613685968234e-01
1.184229289358900417e+02,4.811555207887061592e-01
1.164837763671329895e+02,5.323746541591203307e-01
1.275192704329299573e+02,5.102452008909476033e-01
1.313991172763619488e+02,4.733010695699575998e-01
1.340916509146133819e+02,5.826832065636985414e-01
1.343260673427408562e+02,6.562527171891200384e-01
1.242692141598043634e+02,6.323788213101071420e-01
1.189422338417850540e+02,6.217323054637025059e-01
1.154395164497944393e+02,4.705518185836720657e-01
1.140980626089123575e+02,4.740816069143073963e-01
1.050297139358502534e+02,3.920378559678514563e-01
1.022879366620348804e+02,3.847818635800698828e-01
1.137316387616620119e+02,3.421919338254597043e-01
1.143642069602060332e+02,5.126768370043635059e-01
1.232120734325202136e+02,4.936571842570195989e-01
1.232774520573494073e+02,4.320030994953368841e-01
1.191247387009344294e+02,5.341967512674529184e-01
1.408229249027813523e+02,5.412996956889738476e-01
1.345877799267524892e+02,4.988752992647587092e-01
1.387437079359322922e+02,5.295016839972712663e-01
1.209686012036093672e+02,5.017921172320453094e-01
1.289397713397108305e+02,4.280101663907001641e-01
1.278695676269603325e+02,5.049703751209136948e-01
1.183278293023236927e+02,5.574359297796305235e-01
1.173688011627957763e+02,4.927967169174489181e-01
1.228777053116367881e+02,4.994452455033442373e-01
1.263555054684720886e+02,5.238502942429296150e-01
1.158070555436008959e+02,4.704836649861612874e-01
1.207926566874181447e+02,4.622182338660547618e-01
1.148769383536365751e+02,4.352105426558414147e-01
1.119750735860996684e+02,3.266461674117880909e-01
1.060609509964027382e+02,3.510790639498558852e-01
1.039948074885229801e+02,3.225993664373557057e-01
1.010279236600049586e+02,3.293194318036053447e-01
1.047019427026707632e+02,3.596154914103872335e-01
1.106318276882837779e+02,4.410177385182085241e-01
1.205636208909248666e+02,4.743322919361990242e-01
1.188692783087811335e+02,5.235254749191481372e-01
1.207343749031611679e+02,5.805971297180478885e-01
1.123395496444406376e+02,5.109206071962834050e-01
1.177165464161644195e+02,4.390769727666200550e-01
1.184462527108799463e+02,4.390124413983172436e-01
1.197450942432949716e+02,4.797690213513750579e-01
1.161196494389631084e+02,4.962357465337280948e-01
1.224469773352585804e+02,4.664073758363258548e-01
1.228572816070417986e+02,5.840111998647671276e-01
1.126874138715232050e+02,5.553950800521906261e-01
1.144424604289773129e+02,4.188632953930748748e-01
1.179281363492045216e+02,3.750269305554160271e-01
1.167274578454896385e+02,3.071471766807575832e-01
1.037449928247273476e+02,3.285010125558599503e-01
1.091126588970941782e+02,3.268274384283102463e-01
1.045507117868442464e+02,3.358958342221066151e-01
1.063777251490156459e+02,3.768029419262471924e-01
1.011815446161028547e+02,3.787069332289995649e-01
1.120531411578230347e+02,3.936989343515028272e-01
1.098322782390556114e+02,4.286239335816061091e-01
1.233699427222859839e+02,4.284475796765024880e-01
1.165450307964942738e+02,4.619651416550967227e-01
1.122496617610098326e+02,5.120393101161209159e-01
1.150585516322442032e+02,4.850957261230162132e-01
1.145134152168373305e+02,4.615183607263231846e-01
1.133806885910230733e+02,4.389740614946180952e-01
1.019084052022996474e+02,4.226291966604932560e-01
1.031732620668282152e+02,3.703272832404880255e-01
1.171598505861742296e+02,4.241235998633926529e-01
1.227980648388438141e+02,3.704934037028253524e-01
1.205595347427205297e+02,3.678588203833088044e-01
1.118709212022299937e+02,3.395529374066810213e-01
1.158723943808888919e+02,4.153586512800132025e-01
1.074663530281103334e+02,2.881964788323814752e-01
1.124144019304724509e+02,2.941076031878087083e-01
1.055740353689010647e+02,3.149113066068117694e-01
1.036665147480812692e+02,3.014287814057695636e-01
1.125392918015954820e+02,3.682423450241246732e-01
1.201227649630292973e+02,5.298955959244410208e-01
1.203391392107003099e+02,5.599387936915121156e-01
1.216083999885238143e+02,5.594836307777504292e-01
1.134858491473307538e+02,4.611389605507821288e-01
1.176755108609656020e+02,4.432426088022108912e-01
1.171313461905530744e+02,4.526862695518447666e-01
1.064906775302582531e+02,4.210273134966579511e-01
1.071971716678334730e+02,4.158378664047158724e-01
1.111087364744642230e+02,3.954830353076757010e-01
1.168977826073325730e+02,4.346018526695881734e-01
1.129451483185012677e+02,3.379154847651672511e-01
1.080798374071674885e+02,2.893714025211915897e-01
1.032500866884720097e+02,3.274838978745254758e-01
1.037581238238063719e+02,2.622532975438578440e-01
1.072195370242518067e+02,2.630700288847734880e-01
1.080312517516727695e+02,3.800424270583214192e-01
1.112857034064657995e+02,3.500263317284357800e-01
1.024874527294069111e+02,2.911490621115004895e-01
1.011694433503810302e+02,3.234764124380451467e-01
9.640028484994870439e+01,3.583030639863085121e-01
9.295299297947212835e+01,3.184192988372995248e-01
9.362205126538586342e+01,3.142400151848709355e-01
9.745204497924333964e+01,3.543073478250823305e-01
1.017605491925378516e+02,3.444813155693602913e-01
1.181564981055317958e+02,4.095369821653117581e-01
1.155183193410433944e+02,4.527104682743470776e-01
1.263071313209215418e+02,4.366657978255528150e-01
1.325049901403918682e+02,4.750286431715520230e-01
1.357876309390081246e+02,5.657789403952018237e-01
1.319460138913379410e+02,6.743719418834718260e-01
1.256626807760569733e+02,6.045173413777794602e-01
1.202836915835110574e+02,4.363083196922145635e-01
1.188408025706427651e+02,4.906589738176009297e-01
1.180592947653919964e+02,4.693635983400936684e-01
1.127902285958584230e+02,4.702338557157379473e-01
1.182679913020297846e+02,3.625754171663241876e-01
1.121154453792622405e+02,3.102422238370508567e-01
1.058386628457113261e+02,4.177248386723801388e-01
1.142116804225950375e+02,4.372782820890773192e-01
1.190195147688648092e+02,5.248230419285315751e-01
1.157173790086229985e+02,4.433113846422717663e-01
1.143656575270368307e+02,3.681997197738355876e-01
1.214074982253304853e+02,3.927826532560008133e-01
1.201958084768048849e+02,4.458685906629895612e-01
1.152038403192968303e+02,4.121383897897835658e-01
1.122199453497992039e+02,3.872978428353624492e-01
1.230944519487088940e+02,4.285314803806989925e-01
1.252675155875034960e+02,5.328912651515039789e-01
1.197055837210954223e+02,4.969686279101774296e-01
1.124862612415984842e+02,4.807261811249192163e-01
1.144536178670982451e+02,4.856992007666958711e-01
1.176939740342925376e+02,5.025125381286087434e-01
1.139619056381929738e+02,4.386398950218228787e-01
1.136709111441220585e+02,3.752030876104206492e-01
1.079372284120991310e+02,4.296305333396926995e-01
1.084504354690144510e+02,2.995947290429197274e-01
1.100348197031564581e+02,2.199735727158030618e-01
1.061144720479212964e+02,2.204252332104557621e-01
1.027912949714653479e+02,2.713520211187337439e-01
9.079991074225561931e+01,2.044969693852464743e-01
9.818217917675741546e+01,2.285400762592904034e-01
1.036807593811595893e+02,3.207461125247061950e-01
1.018683431772602006e+02,4.249046525742879998e-01
1.130616179762188693e+02,3.238661786967619305e-01
1.123775328913119296e+02,3.598109440529883019e-01
1.131206742382745176e+02,3.738759006482982317e-01
1.099358907398093521e+02,2.709594378906403644e-01
1.036314135283863038e+02,2.076510044550801404e-01
9.951470296316134068e+01,2.549504326837670476e-01
9.176960697802131506e+01,1.886604767960838591e-01
8.919622845882720696e+01,1.806256087671890831e-01
8.893491771424527315e+01,1.723295450224620884e-01
9.187639606269972603e+01,8.060046406283646880e-02
9.040038539991751065e+01,1.673896918109785692e-01
9.867301252936948686e+01,1.541708408619512083e-01
1.016249314713359269e+02,1.303287464279626606e-01
9.258694021137763741e+01,2.058710299226191309e-01
1.005523653619042932e+02,2.406343541058357793e-01
1.052951224541694302e+02,2.288709834531487686e-01
1.135890819591469807e+02,2.755643088048522760e-01
1.138035862076679905e+02,2.181468949408783553e-01
1.161333047125504692e+02,2.692925558333489344e-01
1.032225206170705576e+02,2.220649812490386454e-01
1.039994598516011450e+02,2.571965808389551356e-01
1.120579349863755994e+02,3.413865307512395364e-01
1.124643211582582722e+02,2.785530447833785006e-01
1.069928177670230696e+02,2.977275653751911277e-01
1.067458836547688890e+02,3.301920223429803958e-01
1.086369483561542779e+02,3.717047345690606130e-01
1.129224085940446400e+02,2.976052340535127461e-01
1.035396078550472225e+02,4.152166532809571375e-01
1.110906119393130354e+02,3.462673133975455730e-01
1.096655509622483606e+02,3.706409621195817516e-01
1.118907496569793665e+02,4.613856455627911024e-01
1.173136598614290307e+02,4.843776682580803183e-01
1.143981347717644610e+02,4.238134455584151583e-01
1.251620525887455386e+02,5.182145662768540273e-01
1.208313247516304472e+02,4.849982682555337155e-01
1.138529031490300838e+02,5.105874086358525021e-01
1.138035231764709039e+02,3.700726761611991544e-01
1.064242635897161335e+02,3.559839505032672546e-01
1.058778147039751474e+02,2.899666086177983826e-01
1.138714612472970487e+02,4.479462131359438493e-01
1.187833476311411403e+02,5.041324149298084256e-01
1.138768477992969252e+02,5.254317688084875204e-01
1.151178726104943735e+02,4.941622951544115683e-01
1.059011705878177594e+02,3.981291185464631566e-01
1.062755125791811537e+02,2.996366695045679096e-01
1.055085855872990379e+02,3.618164317655526152e-01
1.052583217892095746e+02,3.212437693361912538e-01
9.380129543595860753e+01,2.371624451063772676e-01
1.055434325832624864e+02,3.683111836184448928e-01
1.072652078572324115e+02,3.701635654057743308e-01
1.008191784156490201e+02,2.782428078300127616e-01
9.245521767557342230e+01,2.424173209254326389e-01
1.048268055852960146e+02,2.030049075481810128e-01
9.576464237399541446e+01,2.381575990472758197e-01
1.023844565544619627e+02,2.794327246045147373e-01
1.100112989723498202e+02,3.804387173971935932e-01
1.096174741482821702e+02,4.373228241507806646e-01
1.106432848910992277e+02,4.161980114645866813e-01
1.105505166648306528e+02,4.230133903314688415e-01
1.096802125899751417e+02,3.296437507680146095e-01
1.082695587159135044e+02,3.823914755544017829e-01
1.121254909638334283e+02,3.231826683941771416e-01
1.023992363109194201e+02,2.601270215887521164e-01
1.043851027758147438e+02,3.227140955002409939e-01
1.008523230014286156e+02,2.527701862223328821e-01
1.076507542932942556e+02,2.198804494554706390e-01
1.142269260733880287e+02,2.352247800549834289e-01
1.166005441512924392e+02,4.626219194108632249e-01
1.134310637477878601e+02,4.489317938340747771e-01
1.212783200883919790e+02,4.455955175249626254e-01
1.239946319677408439e+02,4.351452526911953611e-01
1.258581353268045859e+02,3.936804736730109555e-01
1.209780673209052964e+02,3.000097491671822603e-01
1.263907390032609186e+02,3.934389660966159941e-01
1.196960915332050917e+02,4.573694532845262173e-01
1.203331366377744871e+02,3.697104751296984015e-01
1.195812317835873841e+02,3.961002563491430317e-01
1.158395146464694960e+02,4.643359592155534843e-01
1.071692596916907547e+02,4.414577107872564854e-01
1.075917367600685850e+02,4.310135755332652474e-01
1.095595815716002761e+02,4.045152363179124189e-01
1.054615906979484805e+02,3.338662374762786378e-01
9.999397919874367346e+01,2.071867498806057584e-01
1.038848549367071570e+02,3.747687913968767992e-01
9.481732394168832911e+01,3.601659157554269464e-01
9.771076372758155060e+01,2.806954650177877486e-01
9.869793704995741734e+01,2.444731478448864959e-01
1.013416986351034836e+02,2.442927867649154205e-01
9.589170976408098568e+01,1.982914399928087101e-01
9.656538979524603405e+01,2.079838461614730849e-01
1.051213142882455287e+02,2.622171360827585951e-01
1.068940614740817097e+02,4.200564997540887080e-01
1.159305871796252205e+02,4.719976308326783720e-01
1.147901314979919078e+02,4.859980113355745757e-01
1.266539039673675973e+02,4.815507196717213612e-01
1.333188703755058668e+02,4.769868567178098262e-01
1.396237002508137266e+02,4.454646802962459740e-01
1.248271192380751984e+02,5.155801346040297384e-01
1.208291679817539830e+02,5.394136602111422318e-01
1.089970800794103241e+02,5.053145359992859964e-01
1.131365529637462117e+02,4.387491773139269302e-01
1.098254201310222982e+02,3.805352120844204267e-01
1.075814843951960142e+02,2.986986113150174038e-01
1.035395940269209518e+02,2.556321572452129876e-01
9.848160933772831527e+01,2.463148770921080311e-01
9.506690487931577138e+01,2.803416209587318297e-01
9.652466715198487179e+01,3.330001520641937551e-01
1.034703650915640338e+02,1.768557037469734583e-01
1.059461605900773691e+02,2.289008096628862288e-01
1.044517029751543475e+02,2.444995111876023808e-01
1.184920599305759765e+02,3.412400963771337059e-01
1.227888357213041814e+02,4.078410581735151808e-01
1.138127130224266352e+02,3.897621102051577191e-01
1.148466789460297548e+02,3.968717001456195659e-01
1.143771545483872245e+02,4.482205509737861582e-01
1.184395244732181709e+02,4.745132396788764861e-01
1.176098177416635480e+02,4.475529091403789295e-01
1.285829923531438510e+02,4.425411589976608884e-01
1.253051514245657927e+02,4.268289389963596525e-01
1.246682084363600183e+02,4.328084119303321486e-01
1.203151240463718068e+02,4.376435564186760829e-01
1.100173401844880487e+02,4.333928597849671105e-01
1.140090428436854495e+02,4.717290658610445164e-01
1.161872620594792949e+02,4.712143227035072157e-01
1.197883531415424443e+02,4.151275633961297173e-01
1.141482888795607806e+02,4.260935217799788344e-01
1.279817633251384876e+02,5.673335849740224202e-01
1.257966938921329927e+02,6.011230169854491212e-01
1.240417875833318533e+02,5.194232723760058290e-01
1.263413883928539150e+02,4.927704970806588425e-01
1.201107119108236247e+02,4.254293337517609519e-01
1.242403920195014422e+02,5.021421800412406711e-01
1.177852273646475396e+02,4.984116890342636941e-01
1.094933058699491824e+02,4.439159981128653065e-01
1.194411419488374690e+02,5.020299115443291882e-01
1.159460906682374883e+02,5.165800916531054776e-01
1.196612193161295181e+02,5.054596929873844680e-01
1.192774903020113442e+02,4.201788176082240645e-01
1.170995126734716933e+02,4.663751286687777831e-01
1.182803999358418707e+02,5.358012117667798613e-01
1.261485446325273188e+02,5.811963993785689286e-01
1.283997446055992668e+02,5.337167972883638534e-01
1.166876326675578781e+02,5.173962976674022496e-01
1.193906292765372825e+02,4.982472938023840836e-01
1.269678147155857459e+02,4.339491044589887103e-01
1.217577831596328508e+02,4.652165904793046369e-01
1.157521461584032778e+02,5.684761601407941622e-01
1.148204995832020927e+02,5.979962806904437489e-01
1.127050826421252765e+02,5.546626514558726795e-01
1.197724403270927525e+02,4.965549611436220201e-01
1.076682778425670932e+02,3.010820538447178119e-01
1.109680757251261838e+02,3.883237941448761110e-01
1.072417568852530962e+02,3.010203505991899675e-01
1.038146847306980618e+02,4.211787100069174783e-01
1.087791423022316764e+02,4.559784596068563456e-01
1.072224347529415667e+02,4.281023201221649255e-01
1.119160437690792946e+02,4.881956470458863051e-01
1.149769198892814330e+02,4.705095736313524291e-01
1.221987339329244406e+02,4.312579090905980239e-01
1.156087622396234451e+02,4.328287018013796117e-01
1.142609430828697015e+02,4.598979470440926476e-01
1.072115977265928279e+02,3.474127314902119013e-01
1.029741528521464460e+02,3.403614748858170835e-01
1.077642336254191946e+02,4.459094812861686408e-01
1.198763026260258471e+02,5.537909125833351265e-01
1.255950426866127714e+02,5.800253970134607862e-01
1.258072243654870022e+02,5.787525829468529448e-01
1.351402701383488818e+02,5.162142911858017547e-01
1.368102265804471642e+02,5.039979829318499416e-01
1.376373159227607061e+02,5.057250284809180485e-01
1.408595335256288479e+02,5.993568980562142823e-01
1.229710924225123847e+02,5.690748129105513975e-01
1.247490802004903117e+02,5.770599736791875989e-01
1.254129220366940132e+02,5.032880953025747894e-01
1.211368488546727065e+02,5.380753531490365393e-01
1.252732649170084045e+02,5.288741590678601723e-01
1.192835336162932691e+02,4.978223136293917217e-01
1.230056572228381953e+02,3.254122942566902710e-01
1.143150733683002329e+02,2.879481937295784721e-01
1.157038977648636973e+02,3.481480996685066831e-01
1.152287253218887741e+02,3.618499052100178082e-01
1.133641670451871306e+02,3.245504261457429762e-01
1.175666349001217270e+02,4.050603204314722205e-01
1.246708891817529974e+02,4.448264534089511058e-01
1.272922995339075669e+02,4.641595503104961051e-01
1.334930874401980248e+02,4.759776400984613298e-01
1.285189492875763051e+02,5.249675908947025738e-01
1.233906520871332617e+02,5.921172840373962742e-01
1.163243124746207258e+02,5.418384390820286667e-01
1.256791808902910361e+02,5.129715539626231724e-01
1.217570915269651692e+02,4.413047786753833690e-01
1.270380120061767570e+02,5.646278126960460053e-01
1.225802120169108207e+02,6.846529293858047982e-01
1.250006007432923951e+02,6.716951373215516163e-01
1.327292206788850422e+02,6.818188105319401560e-01
1.264098428476365825e+02,6.495598579116049764e-01
1.365381323785783820e+02,6.735975031050488449e-01
1.321537004388279968e+02,6.195395634032866417e-01
1.321819641800390173e+02,5.900241811470136044e-01
1.273501207905545556e+02,4.665733228003959288e-01
1.321885420147132209e+02,5.112739157384402766e-01
1.320779283336372316e+02,6.106317156991061257e-01
1.368642569381838996e+02,5.410213384633256739e-01
1.377629720525058872e+02,4.720548002646732799e-01
1.351284086249516747e+02,5.046864214886341848e-01
1.260485045376204880e+02,5.828639133322970345e-01
1.297301594762885202e+02,6.484958342878049953e-01
1.211611133564572782e+02,5.768979003788290427e-01
1.142008429428619536e+02,5.934844748491394650e-01
1.112234698328904727e+02,4.958974721983917533e-01
1.108687244062148380e+02,5.343919131519181409e-01
1.058531386082953674e+02,4.894886504931219573e-01
1.147221627994484976e+02,4.165681290229026335e-01
1.182519566489650629e+02,3.602956610495128831e-01
1.231256621391474795e+02,3.455522702542134783e-01
1.208434341095068305e+02,3.336446439544843434e-01
1.187790807488461127e+02,2.940656135997889442e-01
1.124909593075645091e+02,2.937309268517676042e-01
1.150820354736813300e+02,2.619948783110858659e-01
1.133247967208271945e+02,2.373078933801323342e-01
1.052003191715356252e+02,3.251890270569370855e-01
1.176940337317506504e+02,4.633387833469823081e-01
1.104465706039800494e+02,5.486689922054491797e-01
1.123993455689531373e+02,5.441287364752828148e-01
1.238798035319191229e+02,5.366622058726226996e-01
1.142174150330883577e+02,5.268947270074592071e-01
1.304064690100320547e+02,6.454441392853751402e-01
1.312207865780791565e+02,6.162787929245525653e-01
1.244403962195541027e+02,6.057629228507641628e-01
1.190108336275355470e+02,6.484212597854058791e-01
1.238293073634858104e+02,6.113619871654679683e-01
1.308331358925783547e+02,6.607951112937116012e-01
1.327477769045047751e+02,6.066066405587080546e-01
1.310296446247677125e+02,5.880879163614545213e-01
1.339993856327740502e+02,6.022062574760914666e-01
1.285162240928384847e+02,6.049562000067802980e-01
1.316160955954343024e+02,6.225237795282840825e-01
1.348450109375437194e+02,5.151450990410402220e-01
1.275646306194071826e+02,4.831279318637815567e-01
1.151149877145044371e+02,5.369489314249149547e-01
1.126674557914267609e+02,4.981976842877675060e-01
1.181570470362098888e+02,3.349027299215367459e-01
1.103575621334495480e+02,2.975842378432261848e-01
1.092859711341982205e+02,4.388780515805167370e-01
1.126881847410460722e+02,3.769042244781194428e-01
1.183948680822809507e+02,4.834319471524512468e-01
1.169359142591734297e+02,5.768823600395750484e-01
1.166461918651836385e+02,4.916808152121037168e-01
1.165942219411547853e+02,4.490955372219304076e-01
1.149138047042087010e+02,4.935732959642121775e-01
1.043127185714032379e+02,4.116437716947732861e-01
1.075777783414117863e+02,3.591941310965546807e-01
1.106863973408548247e+02,3.574585484534636426e-01
1.140595147558543374e+02,2.943356311139271320e-01
1.075016779569202754e+02,3.289839441037860635e-01
1.104836182938599336e+02,4.501393005824915750e-01
1.185589009221863819e+02,4.631986865037189260e-01
1.134643170997039050e+02,3.603374861629953241e-01
1.079496353332998382e+02,3.388935352898406750e-01
1.085675089270291096e+02,4.134838462796510128e-01
1.186155174876112426e+02,4.081709640763349634e-01
1.135961545784826114e+02,3.519376201580776686e-01
1.215388320886168572e+02,4.479997480816287347e-01
1.227295871516773360e+02,5.502763878947086740e-01
1.233213600737483944e+02,4.601088288731966514e-01
1.243931068586542352e+02,5.037301198915538070e-01
1.163923730236872274e+02,5.183210425321502779e-01
1.302612252465495999e+02,5.255108259959730965e-01
1.300102012726178771e+02,5.946595863602882615e-01
1.424170358801628709e+02,7.018164608703160168e-01
1.374818784198195374e+02,5.983955251638538586e-01
1.358664557815314140e+02,6.737894933170054390e-01
1.315209957278865431e+02,6.694314599519037845e-01
1.346404851941546212e+02,5.597298462217159543e-01
1.258061325006418940e+02,5.266633536247864456e-01
1.178408870996838687e+02,5.595820137011812134e-01
1.230517266252277437e+02,5.930092942116763632e-01
1.203626433913485272e+02,4.804191986934691627e-01
1.169537157732530375e+02,4.616427641416970262e-01
1.264903855062258202e+02,3.894866526479397462e-01
1.277910287976191199e+02,4.385199384875979600e-01
1.111585458674030207e+02,3.926255303396235519e-01
1.057337958576688379e+02,3.361954465874694153e-01
1.100736242838345191e+02,3.039588931925453763e-01
1.086093684501215364e+02,4.305029535752606940e-01
1.097442239781531015e+02,4.761040563735851050e-01
1.155754800197324386e+02,4.341743050763495759e-01
1.072345380751275599e+02,3.542608530138918743e-01
1.046927929225450953e+02,2.544809085821929662e-01
9.800007075509033427e+01,2.160068322191740497e-01
9.669995877949813234e+01,2.449065030905429041e-01
1.024787929037839973e+02,2.289602482529957961e-01
9.651698518346677247e+01,2.585992307732920548e-01
9.203606214101158400e+01,1.867304604058009909e-01
9.589130207611523815e+01,2.314793185195980207e-01
1.016853847765441685e+02,1.790203767420870395e-01
1.047121276511378483e+02,1.350769513760066709e-01
9.609664135002704199e+01,2.337054685513298702e-01
1.015521918351691966e+02,2.366114078009389776e-01
9.634431975861306796e+01,3.016237399118399387e-01
1.126371746606780562e+02,3.754425460867925612e-01
1.123380109035618659e+02,3.990859428433876088e-01
1.115748346622661842e+02,2.583476755066212438e-01
1.010762997827668954e+02,2.426483289178224534e-01
9.257986112379677479e+01,3.027156202778261140e-01
9.648373751026703360e+01,1.768040354037497541e-01
9.423294335253783061e+01,1.932031607522438077e-01
9.611823234165638041e+01,2.733445531311450294e-01
1.018789492964226895e+02,2.080377555924772248e-01
1.075591588604211779e+02,2.033434678326229705e-01
9.833117769616316650e+01,8.581419434972613336e-02
9.257713504144037131e+01,6.466453134442227968e-02
8.852372121635671931e+01,7.109044677028009129e-02
9.203866519025092430e+01,1.260249972182929945e-01
9.079960024650502248e+01,1.179896248327910041e-01
8.973206847274893505e+01,1.513045703313800616e-01
9.238153879589832229e+01,2.413278368595043744e-01
9.213177980472048034e+01,2.712970894419564627e-01
9.926872085253832267e+01,2.525359201582679791e-01
1.087364042912933826e+02,4.048568533487040821e-01
1.105364646047560058e+02,3.472561705269968102e-01
1.105364646047560058e+02,3.472561705269968102e-01
1.020401027592253911e+02,3.629210304992808167e-01
1.054263429438359339e+02,2.829968001195325988e-01
1.127730430982705485e+02,3.612987207212445262e-01
1.005783507291409506e+02,3.411817905712720700e-01
1.075188027824722354e+02,3.761014803677429352e-01
1.049842649208194132e+02,3.649326312322807020e-01
1.154895060632077133e+02,3.962847138458325813e-01
1.223569562455917890e+02,4.467050377609584344e-01
1.228859940693464381e+02,5.912012043225802760e-01
1.192502135430357129e+02,6.963257601349523984e-01
1.254237297471693324e+02,6.037816987704676119e-01
1.191887920899028046e+02,5.073509631762248562e-01
1.232970948735065377e+02,5.001366041388976003e-01
1.228993134436725114e+02,4.773353749900962617e-01
1.222128574626269852e+02,5.775025411895209349e-01
1.186083166568364788e+02,5.409546049935700651e-01
1.207369284153775197e+02,5.644724380691522603e-01
1.188773851111557036e+02,4.750376253054384712e-01
1.135569663120229364e+02,4.218808371437948734e-01
1.164867001002197071e+02,4.637556215341630539e-01
1.154463432195104957e+02,4.396092488870976256e-01
1.148469353048668324e+02,5.277776011273286327e-01
1.166177652042256625e+02,5.558120244443279789e-01
1.176438772348979569e+02,4.992123797761254256e-01
1.151670802434185674e+02,4.381285037929704695e-01
1.144471520013649126e+02,4.662933059792377932e-01
1.163168058540388330e+02,4.277014030472208184e-01
1.168797205989085910e+02,4.438778753146582212e-01
1.245692910269864484e+02,4.251384826530631433e-01
1.281102109148001205e+02,4.420854532396870651e-01
1.247748451842226700e+02,4.863734130729591154e-01
1.241555034888722417e+02,5.284252893123438932e-01
1.225644866043464560e+02,5.404127722409689527e-01
1.285739770581396328e+02,4.810745627612184605e-01
1.182399427983790048e+02,5.494473875212325664e-01
1.214885625886982439e+02,5.858355515420103909e-01
1.180963934300946789e+02,5.899282544735093836e-01
1.175883250867749297e+02,4.213599811791505223e-01
1.151415618225167918e+02,3.925922795486770367e-01
1.173864193081137017e+02,5.017841024666168659e-01
1.237511033081067353e+02,5.263695160316639310e-01
1.204039904375441239e+02,4.719046229600446507e-01
1.246091512132148154e+02,4.694902324602577837e-01
1.246602068400160874e+02,4.620218249372409214e-01
1.316021355479713293e+02,5.082271451218745018e-01
1.270933206306787611e+02,5.503357252878545713e-01
1.327351846690617663e+02,5.741059943355428796e-01
1.249837668093710334e+02,6.597593699979489301e-01
1.220933434991781610e+02,6.396047735264988043e-01
1.172029931673834113e+02,7.035320815956958018e-01
1.135447025407674886e+02,6.558930442659577364e-01
1.199389432395173856e+02,6.455731892004226147e-01
1.218317363389414254e+02,6.171696823012559063e-01
1.229637506750487574e+02,6.393850773958885680e-01
1.309990298565269597e+02,5.758962627083820118e-01
1.331187649316065915e+02,5.307808579507603541e-01
1.372354757656291042e+02,5.349012535963600934e-01
1.375951091931005976e+02,4.872249688243077692e-01
1.300182503023927723e+02,4.167744778295407460e-01
1.182002543122427340e+02,3.726487746926525624e-01
1.235081897001468292e+02,5.529193806592964666e-01
1.292553921250715518e+02,5.082536539019165689e-01
1.113042910935884748e+02,4.201983553859100495e-01
1.086163875579540701e+02,3.588007380826983006e-01
1.120431575036571132e+02,3.321164267468114106e-01
1.019468769713153051e+02,3.852640309715607003e-01
1.061992604962609050e+02,3.910469801132498424e-01
1.028457408501530210e+02,3.958699437529091814e-01
1.030283674672841698e+02,3.962345629148950055e-01
1.080710643618366191e+02,2.521820986325827851e-01
1.074568250567672152e+02,2.885649104768679973e-01
9.689038833879168067e+01,1.989710974413928801e-01
1.135618563188847645e+02,3.206821674326016391e-01
1.164517647943314813e+02,3.995516115906607157e-01
1.286079149004917781e+02,3.918232330137879638e-01
1.162321597433523124e+02,4.479155542719189254e-01
1.204804005505519484e+02,4.322670899935496802e-01
1.204554654389441311e+02,4.330364696129975766e-01
1.165589900120060491e+02,4.928727177925547598e-01
1.207187917393543728e+02,4.582277609430125409e-01
1.168157539158857645e+02,4.861541369972491866e-01
1.232024918514318159e+02,5.476134643282587477e-01
1.206912636356881592e+02,4.304928269298156085e-01
1.212036471241856930e+02,4.487587859958501180e-01
1.129828441712943032e+02,4.211877978165810554e-01
1.058298765684693592e+02,3.576898614683124422e-01
1.057503666636902295e+02,4.117582202221604648e-01
1.157113375504429200e+02,2.909358108710207724e-01
1.210538501565825413e+02,2.667561533660608997e-01
1.250232528828481122e+02,3.835237241285062715e-01
1.169880260879841671e+02,4.616816177644628705e-01
1.102443369671155864e+02,3.642014907787123335e-01
1.124631943723716176e+02,3.784928355726172033e-01
1.065307466710409301e+02,3.951304269348017151e-01
1.043027031806871747e+02,4.258880671741284707e-01
9.996068164904203002e+01,4.095169902214877422e-01
9.255471549806834730e+01,2.594987321786724754e-01
1.028859988949035653e+02,4.022997990379131861e-01
1.023490677016749117e+02,4.307008382888358189e-01
9.536227263059591053e+01,3.584164978244381849e-01
9.936086771374439763e+01,3.259827515217555982e-01
1.077103306510655329e+02,3.686295907466317079e-01
1.092827123835842826e+02,2.902373985125201172e-01
1.063764336581288745e+02,3.221449592103936554e-01
1.114433490704913652e+02,2.837862923276803784e-01
1.060757319586397927e+02,3.594258809292824042e-01
1.171784942787376878e+02,3.711424447726041631e-01
1.176601271534958784e+02,4.155749564610028424e-01
1.223888225305064026e+02,3.326868498783703831e-01
1.220871793860573149e+02,3.098064012589495375e-01
1.253342898624713513e+02,3.406969845098962169e-01
1.220708783581080183e+02,3.338104044903623113e-01
1.188545713879443326e+02,4.018671539815028559e-01
1.132879804890327904e+02,3.279646069704363343e-01
9.808170855407865929e+01,2.560279078808731512e-01
1.039241715641694270e+02,2.009971871801365384e-01
9.943067727265449207e+01,2.571955258262527688e-01
1.004061314652454939e+02,2.476377115679765373e-01
1.042758697617951924e+02,3.203588289930026090e-01
9.588558579315289876e+01,1.589597777002487999e-01
9.907527002564580698e+01,1.324346244403921957e-01
1.034838312611505984e+02,1.143406237069025527e-01
1.079113938540915285e+02,1.649012733712055812e-01
1.112672442761891602e+02,3.045697472187201549e-01
1.054694559525049016e+02,3.247510835401283824e-01
1.061578281488721132e+02,3.901652692633915676e-01
1.069911413503463251e+02,3.720380517747351456e-01
9.733236046482895176e+01,4.069384646242248937e-01
1.059736120629968923e+02,3.635754666995787976e-01
1.154375225539998127e+02,3.400678609218910631e-01
1.127246295322244691e+02,2.222225270753342696e-01
1.087015695171823353e+02,2.468359666384968287e-01
1.023770358333614610e+02,2.943329448661029524e-01
1.012325878683255809e+02,2.335961146100970776e-01
1.002600249370659355e+02,3.194172384632562034e-01
1.057209455725469809e+02,1.945467173065081323e-01
1.061919641797285152e+02,2.459567806525972400e-01
1.101402146384706668e+02,3.485431439252507646e-01
1.061883319842198574e+02,3.458941604374398127e-01
1.006314029797503906e+02,2.826480765484051805e-01
1.067042462032497099e+02,2.281084918806224882e-01
1.051378035282020562e+02,2.218410400628458845e-01
1.125803753547895525e+02,2.749148940507040728e-01
1.069896586222293990e+02,1.748907843854776711e-01
1.068323843389336218e+02,2.661539191477889643e-01
1.055450088749712592e+02,4.920991218077169216e-01
1.042720872910274608e+02,4.552760206708389989e-01
1.046724845810246904e+02,3.935018786238559940e-01
1.125873459687447138e+02,4.012437297208781284e-01
1.109317298611602070e+02,4.333932362604582256e-01
1.113727110522759887e+02,4.009250861612219108e-01
1.168613577334302818e+02,4.014082191921779508e-01
1.115378593096063469e+02,4.832431875384328168e-01
1.042621711946208904e+02,4.202323974761512648e-01
1.082248265559942695e+02,3.108114458619170017e-01
9.965848925230051236e+01,4.509129441646747560e-01
1.159571666556207532e+02,4.130698737736649417e-01
1.115889995156232857e+02,4.057388640468854724e-01
1.164517495952928385e+02,4.095703162541026732e-01
1.138965156109260448e+02,4.706014446079143099e-01
1.109162384168300832e+02,4.482944163178994024e-01
1.123422593917094048e+02,4.177044328358284764e-01
1.066880090216282753e+02,3.040136704721565497e-01
9.791560506863530122e+01,2.877272793785414229e-01
1.044200710465095483e+02,1.986978466836678836e-01
1.106246313956314964e+02,2.083356060411538924e-01
1.017860079894784064e+02,1.863859813546072663e-01
1.094813351681042946e+02,2.216236851241040751e-01
1.110275093714912060e+02,3.224356020401336065e-01
1.095998849809456175e+02,3.612193063702515694e-01
1.103130931559884544e+02,4.059603376427582400e-01
1.067192747823706469e+02,4.008505448447644559e-01
1.337056976831943871e+02,4.411879932039465824e-01
1.370368312495945133e+02,5.209988982109547972e-01
1.309358177358781461e+02,6.063095337670513230e-01
1.228177998112439155e+02,5.869110683540678108e-01
1.237892261536935763e+02,5.657071553807007103e-01
1.181164678885253920e+02,5.558993181929968719e-01
1.251257127058654532e+02,5.350562458156779000e-01
1.268876512247227453e+02,4.559056596930972094e-01
1.321255732379155461e+02,5.049133057177179751e-01
1.329310665216446523e+02,5.979366814804694119e-01
1.293487710836357962e+02,5.784944174757492563e-01
1.276663437635063900e+02,5.611605771052661229e-01
1.309730434441007105e+02,5.959737086349641277e-01
1.266317486466479636e+02,5.867375564046635184e-01
1.206171665538606419e+02,5.687101914705507966e-01
1.192529048380866925e+02,5.323904483765589113e-01
1.211611887748838114e+02,5.246197810415123008e-01
1.217795787804384275e+02,4.676122871385255952e-01
1.135037961501877390e+02,4.421109519474272220e-01
1.236816037945638129e+02,5.223364051948136133e-01
1.239723074772554838e+02,5.267871791993797848e-01
1.266623588289292144e+02,5.331847589480130933e-01
1.242041969905113632e+02,5.821002784666382546e-01
1.152122397942897720e+02,6.010898226525359656e-01
1.246250957478715691e+02,5.365760839676420035e-01
1.161941190253443210e+02,4.762907486450611572e-01
1.232846696231675736e+02,4.749732038412818880e-01
1.162017210907397100e+02,4.955032613910130834e-01
1.152990580295813459e+02,5.200629540042918109e-01
1.072494811396786929e+02,4.635184379310174352e-01
1.132020449354835279e+02,3.584071786438318696e-01
1.091364741032850674e+02,3.114027042865094574e-01
1.072372921774290688e+02,3.681427007612175784e-01
1.158334474652497192e+02,4.523405478542548708e-01
1.243039496699871052e+02,5.012982673078831830e-01
1.146136848471693241e+02,3.640887387801957642e-01
1.142999446294853385e+02,4.650952840016210343e-01
1.151796331583307591e+02,4.385921407354554380e-01
1.169190003419859352e+02,4.351664490488466042e-01
1.080022725792449307e+02,3.667065190710643297e-01
1.095087901434795441e+02,3.115620159198631001e-01
1.109621835610197280e+02,3.309924761489265732e-01
1.036898598730167436e+02,3.257801279387577686e-01
1.032642187697916967e+02,4.058863507361372136e-01
1.063192664903265836e+02,4.059205538793263512e-01
1.033489828276118203e+02,3.410458713958346433e-01
1.019398772892724594e+02,3.396540602481938897e-01
9.423453190512489641e+01,2.678933663098775897e-01
1.069762210279359067e+02,2.962473195680015436e-01
1.077296511345174679e+02,3.470939505339682429e-01
1.074872501322151948e+02,3.582493364603760444e-01
1.103434874678055451e+02,3.038931391040859409e-01
1.066261631038020852e+02,3.943417817117196300e-01
1.150010820501659765e+02,4.084454896174347094e-01
1.159664506907367070e+02,3.651091135005720134e-01
1.214601548051440005e+02,3.309150318493672138e-01
1.330256272251768621e+02,4.105010917637204049e-01
1.248166526162717958e+02,5.321773170325042601e-01
1.196206797420012578e+02,4.801713037613645207e-01
1.083457724993493088e+02,4.740774818051443074e-01
1.087002656850974063e+02,4.050156298679474243e-01
1.023198190707215360e+02,3.717830955215995492e-01
1.053014045355324697e+02,3.130377858737408703e-01
1.029177970027303530e+02,2.393455575480703534e-01
1.002743923574790585e+02,3.089148917050607568e-01
1.177194142358703175e+02,3.997128736057248277e-01
1.037256967258684597e+02,4.542005811209937072e-01
1.081453618533099785e+02,3.072929870502759120e-01
1.056539764525020928e+02,3.091017178039615065e-01
9.711540850310825590e+01,3.346549512956867867e-01
1.048658627689333258e+02,2.480004521447955468e-01
9.461578734554800008e+01,1.890738469558451151e-01
9.256476429456648702e+01,2.439766152948737721e-01
9.372398923819660865e+01,1.978549957822335337e-01
9.460284159611242671e+01,2.939896460617990037e-01
9.193977188004298284e+01,2.707839248465938597e-01
9.344460435028341294e+01,2.562245070740071240e-01
9.226515290682877435e+01,1.151959069685930814e-01
9.170854458788963370e+01,1.770264584830233967e-01
9.829120443038750921e+01,2.159717210174158242e-01
1.044996489026237896e+02,3.184021024241471265e-01
1.026588122183781309e+02,2.574936871530909555e-01
1.118836140609695917e+02,2.452603485466895994e-01
1.101487668855091187e+02,3.329629300342647480e-01
1.167286155885771706e+02,5.169636648147085678e-01
1.159455977217661626e+02,4.807568284697823491e-01
1.154674340470206744e+02,5.317330898916036164e-01
1.242905890600137440e+02,5.340165741923712517e-01
1.174741015978721066e+02,5.166320697052771971e-01
1.279515903161524619e+02,4.226913356856513149e-01
1.198878637949466821e+02,4.127096998457222554e-01
1.103072800282504318e+02,4.870554515869999768e-01
1.088079794802658853e+02,5.416348324176608608e-01
1.115195186122578548e+02,3.764390118690760234e-01
1.120936194376063213e+02,3.458076125382354982e-01
1.137325780252292873e+02,3.654960554138472206e-01
1.162867075294274173e+02,3.545665171985639685e-01
9.862562281518849261e+01,3.110424345677623159e-01
1.051099340827205282e+02,3.611900065430917461e-01
9.391985754784818141e+01,1.131220302461439786e-01
9.978319253165456360e+01,2.123390127162372576e-01
9.259802807915409062e+01,2.066941463821320712e-01
9.234960291447582392e+01,1.713430212005592479e-01
9.425774187090922851e+01,1.734986123388298496e-01
9.492413285263306477e+01,1.821723521267014645e-01
1.016183299076948856e+02,2.771669723398748064e-01
1.132822418492615384e+02,3.890836063013126123e-01
1.196583083423509066e+02,3.979773423412996114e-01
1.131641291361965784e+02,3.970436037593698120e-01
1.187236437595558129e+02,5.209230690900752414e-01
1.197370605997141979e+02,5.832796459647028309e-01
1.177338453198080828e+02,5.916945534600875911e-01
1.226813861825897050e+02,5.183108022532822989e-01
1.203109342399854853e+02,4.386043302467041993e-01
1.151135403615040360e+02,5.481373038175267887e-01
1.218096769934842740e+02,4.917911355365516268e-01
1.207906663299024359e+02,5.673358899167350033e-01
1.282808432224387047e+02,6.096322670187502846e-01
1.262460207849252498e+02,5.497965251401576436e-01
1.278341177544617011e+02,6.392590679309581025e-01
1.275114157946221098e+02,6.434357831739432321e-01
1.250548992012049325e+02,7.011209475820645576e-01
1.241350889320620041e+02,6.540541741056784542e-01
1.274470603843049616e+02,5.130316001800065973e-01
1.242105169469323300e+02,5.418589834239191383e-01
1.270501242269720450e+02,5.874085966859965424e-01
1.244784172930561397e+02,5.891078933950182339e-01
1.362141903330001185e+02,6.107018983321224059e-01
1.243686482817027752e+02,4.310368428806484742e-01
1.172275929584828020e+02,4.933711361028999542e-01
1.320010624607039915e+02,4.999452775739645083e-01
1.289539856400827773e+02,5.198307899194687387e-01
1.242229792585576860e+02,5.548752798255098817e-01
1.210538488586846881e+02,5.229853331944518402e-01
1.278196812690178916e+02,6.578824744299937022e-01
1.280244688753688820e+02,6.694634873650586737e-01
1.229438928224434306e+02,5.623368539063036131e-01
1.260017327376746152e+02,5.330630814931398564e-01
1.270242855031648332e+02,4.622609594666994837e-01
1.263344091017968651e+02,4.293569094080121329e-01
1.191932043995938812e+02,5.016230658176946688e-01
1.293630076681495780e+02,6.117889027385308154e-01
1.293803109075844020e+02,6.252646531003684949e-01
1.272319406757809048e+02,6.214941893324122946e-01
1.277633329751099893e+02,5.261545375216248877e-01
1.344015553580936739e+02,5.016602399891090247e-01
1.374905635495150023e+02,5.926520808298281207e-01
1.317487636899346910e+02,5.203237857338054440e-01
1.288764191688177903e+02,5.139087399123023481e-01
1.267454317362870597e+02,5.268505794417673860e-01
1.288477940437572897e+02,4.710783650773744391e-01
1.270459055685123388e+02,5.748829553098242506e-01
1.295198107603526978e+02,5.615097388387916277e-01
1.250258071023242223e+02,5.048758583493945240e-01
1.164565376006850670e+02,4.386214845470777224e-01
1.153538907388494152e+02,3.257104509251169677e-01
1.113309832372308534e+02,4.552651298996541751e-01
1.030789855427733812e+02,3.833519775596948564e-01
1.028969575604099020e+02,3.723358850211400672e-01
1.045785632983697013e+02,3.648338978039984970e-01
1.100346862302432811e+02,3.427527133547266791e-01
1.209843155173373361e+02,4.079850122017754099e-01
1.119440945289751426e+02,4.107518812762105953e-01
1.166723248789557772e+02,4.467791572334965378e-01
1.087628258598121391e+02,4.820401046631792030e-01
1.178993892199097502e+02,4.596400168606150638e-01
1.178949579437107076e+02,3.322568909503777479e-01
1.223013751990977198e+02,3.375105613214626210e-01
1.250253534351664229e+02,3.976683763081068634e-01
1.273158336115426863e+02,3.626832917653466382e-01
1.169539746338932247e+02,5.243305235640537409e-01
1.173676820966625769e+02,4.879772934310525612e-01
1.067482223163616482e+02,4.372830017394538360e-01
1.133279670217470283e+02,5.233014165529259465e-01
1.122108297264801990e+02,5.097692915179523609e-01
1.196507792172121327e+02,4.096118503170205205e-01
1.299077867166320743e+02,6.942923698186458381e-01
1.266282203045821149e+02,6.222582865641363981e-01
1.331379602674693672e+02,5.356013951783366034e-01
1.236594909131490141e+02,5.099668978615707893e-01
1.135370604840380224e+02,4.808540414586636169e-01
1.052504403299519282e+02,4.715557324756466939e-01
1.124668804284049912e+02,4.286065983110516342e-01
1.112267177004313083e+02,4.116359626920588766e-01
1.137183861018939410e+02,4.986149316478160065e-01
1.175394278027838624e+02,4.881509988199247974e-01
1.235341568696415351e+02,4.879098667996369376e-01
1.171563020977410332e+02,4.415904143548691207e-01
1.219762465984391611e+02,4.927349036060724163e-01
1.134401772008752403e+02,5.419723842269220659e-01
1.085195474911517408e+02,4.583714236785308427e-01
1.067929929903947368e+02,4.882468439528488413e-01
1.093361886915791814e+02,4.119272251353681691e-01
1.182827894386033449e+02,4.868750980962892605e-01
1.203170046456284581e+02,6.309757178950309298e-01
1.297127024242170137e+02,6.206434490804915161e-01
1.189956753501932383e+02,4.542000839438247728e-01
1.280055133113860677e+02,5.986043089254996508e-01
1.152893982640235464e+02,4.938710027111736789e-01
1.188668312476250577e+02,3.771890127108702417e-01
1.153177549870487155e+02,3.798339280657062056e-01
1.166692806515731888e+02,4.867003774483045775e-01
1.172956198214567394e+02,4.787666222399092342e-01
1.256025420681687876e+02,4.339114600562872792e-01
1.168511068169685245e+02,3.674342112310727271e-01
1.156002119737526073e+02,3.582939569038381400e-01
1.075352682779422935e+02,4.856479402046647298e-01
1.157687596073723029e+02,4.681580804721686140e-01
1.238815605929842008e+02,5.327159847846455465e-01
1.192403845318889921e+02,4.346797717025611685e-01
1.097437179960047331e+02,4.214421063664437472e-01
1.003102121647170293e+02,3.179679540954731265e-01
1.065095340401040005e+02,3.199148720960818260e-01
1.047119131462471842e+02,2.332051196356886291e-01
9.834906709117981904e+01,2.546449949250348954e-01
9.977243662563037674e+01,1.925521697496923867e-01
9.977852954528560758e+01,3.530141291393685821e-01
1.025164067908996373e+02,3.188478647905601537e-01
9.964347562397584568e+01,3.280656860538601616e-01
1.040749831254425857e+02,3.617903194959340429e-01
1.098915539154884442e+02,3.956508337990990998e-01
9.810691480019268340e+01,3.047668601494231133e-01
1.011731589139296261e+02,3.488395848760286189e-01
1.077695030188194210e+02,3.309060832155997223e-01
1.016546817412379511e+02,3.053262987678816431e-01
1.020743627446271091e+02,4.432005896659270139e-01
1.047142704974469609e+02,3.601053147880804439e-01
1.125986616969324814e+02,3.535838135136385452e-01
1.130962161395987664e+02,4.605985039848856655e-01
1.267390533026856190e+02,5.542075789801267360e-01
1.322165234836545835e+02,4.534245182590513346e-01
1.173499052981248099e+02,4.378508485850435283e-01
1.264897701458714891e+02,4.641760941097899940e-01
1.200963726003754317e+02,5.372679013161897332e-01
1.245467982644928071e+02,5.381676757762392516e-01
1.232949008556815329e+02,5.316205468837656989e-01
1.127151066021566379e+02,4.205436260620384892e-01
1.220765387932397914e+02,4.608702160835332906e-01
1.202519072773042410e+02,4.823739077704643496e-01
1.101290642882962914e+02,3.757705972575094422e-01
1.087062823644338039e+02,3.815192366589966189e-01
1.032465519660167246e+02,2.844285220251627222e-01
9.792347075444716609e+01,2.379145521097303095e-01
9.727184500380917598e+01,2.161060847716715361e-01
9.598596314727376466e+01,1.998960177880163558e-01
9.720890294361763040e+01,3.415076356432472648e-01
9.792679347269668710e+01,3.011010614402340746e-01
1.107182849524240282e+02,2.415460476374894083e-01
1.042304223923900679e+02,2.970661331637308167e-01
1.086171748769756391e+02,4.035535485148585844e-01
9.812231800373849921e+01,3.536953917090071564e-01
1.013679809873461437e+02,3.401976432077257195e-01
1.117575224157427698e+02,3.387240786111349045e-01
1.063474051384906716e+02,2.357283233853370574e-01
9.739827714631067579e+01,2.115821706637356081e-01
9.927404834924418253e+01,1.297404446045297977e-01
9.213389525610756436e+01,1.660122971826121785e-01
9.349534959567414205e+01,1.537030912116121029e-01
1.033794915916573274e+02,1.411925779785506985e-01
9.191489467170853800e+01,1.406693755135423052e-01
9.755475435964741848e+01,2.172020651756456366e-01
9.588992528270462401e+01,2.663230186358829799e-01
1.021289929405418206e+02,2.294244523607774644e-01
9.766334477051312035e+01,3.089698364244480855e-01
9.831326854384221292e+01,2.475047745676391964e-01
1.038077311958922166e+02,2.684321570298193183e-01
1.024716179635712479e+02,3.400515617200171592e-01
1.052978404031935327e+02,2.542079792283986617e-01
1.070860548983042406e+02,2.841377645347888392e-01
1.095811570175048359e+02,3.911618014058365622e-01
1.029938136340627040e+02,4.015880210641168957e-01
9.993838446764797823e+01,3.506182717251187242e-01
1.040689051047420719e+02,4.042800028099283738e-01
1.131301511225248930e+02,3.693983543839909345e-01
1.205464037701018469e+02,4.950853559422982442e-01
1.197716130337504410e+02,3.986428433284618378e-01
1.158093035964377435e+02,5.141869911425381856e-01
1.187805251505546806e+02,5.442091658136203325e-01
1.189417319919960079e+02,5.623255956590369475e-01
1.205967120406418900e+02,4.905934907818057522e-01
1.263145077997928354e+02,4.834564977162049138e-01
1.155815632530007377e+02,4.580664350340415969e-01
1.259971737550542201e+02,5.831825247567675730e-01
1.293220847512712339e+02,5.289390344209882189e-01
1.242163918341271085e+02,4.577821703269660536e-01
1.267562620823585604e+02,4.750965904699456233e-01
1.283978514928976153e+02,5.913938831110511218e-01
1.213747793213367459e+02,5.104882866864499658e-01
1.277913793137436755e+02,5.503169199320512295e-01
1.296153234587368956e+02,5.532260754255412527e-01
1.281309559774773561e+02,5.339376405538672765e-01
1.286023511968218713e+02,3.966187010462552953e-01
1.342979346098664166e+02,6.391136525148555236e-01
1.375731117458649919e+02,6.075697793491197096e-01
1.400500845987050695e+02,6.741906185323784939e-01
1.382150983348943214e+02,5.855260882867622252e-01
1.417117478684441778e+02,5.452746689572427474e-01
1.346198739877225137e+02,6.411101490063183528e-01
1.371952174759127558e+02,7.576228641763635974e-01
1.454763313185417530e+02,7.973370591551406372e-01
1.396293251001581552e+02,7.065467227050047372e-01
1.372785200972131747e+02,6.123690845579374820e-01
1.308044720948210795e+02,5.826322196996222003e-01
1.238498185044480522e+02,6.428210827747665723e-01
1.281989825430300129e+02,5.437108041729227237e-01
1.347678117450291211e+02,5.763029564582544673e-01
1.355499356293323956e+02,5.372572975917943028e-01
1.221621491124279117e+02,5.256495014412513322e-01
1.041757681260150576e+02,4.124621163189174933e-01
1.112700930383780218e+02,4.106849472042879423e-01
1.082366149719457979e+02,5.052862711247212424e-01
1.105480638316781921e+02,4.427218215954719094e-01
1.062335883326533690e+02,3.241188840132598892e-01
1.103455324485476012e+02,3.379841902840766132e-01
1.127477316248431833e+02,2.861607168025283587e-01
1.138211239521212690e+02,2.389402429458560850e-01
1.246135158038428585e+02,3.270815803068598537e-01
1.201281562492440571e+02,3.873603706351470555e-01
1.099783942717134408e+02,3.865825347591095862e-01
1.196046969609425474e+02,4.315524475349546973e-01
1.179699490902265921e+02,3.776108954264811302e-01
1.184997955995544885e+02,4.455884130027965573e-01
1.223464109183009612e+02,5.521041881325633449e-01
1.164226423438874889e+02,5.625531290801397688e-01
1.180558615262723521e+02,6.047435292683164265e-01
1.131192539764858793e+02,5.406823192922369792e-01
1.150176288235744977e+02,5.106217341368683993e-01
1.118489295752749229e+02,3.931363788683557847e-01
1.182118642663443069e+02,4.867373342940402026e-01
1.161592771136631939e+02,4.465583746933083908e-01
1.115737851904829938e+02,3.853623098680129533e-01
1.145642051069941232e+02,4.616495589445948622e-01
1.217556933945644886e+02,4.610023630262426453e-01
1.145208197220342328e+02,4.852639109040939314e-01
1.151189177335387228e+02,4.527268891215414648e-01
1.234432800699266153e+02,5.399361304075525059e-01
1.275374550484956444e+02,4.991775414220254725e-01
1.327050154474044064e+02,5.566928043411795146e-01
1.269961213150711359e+02,5.192493684998182868e-01
1.218257980526606445e+02,5.133395667717562949e-01
1.195077586880014593e+02,3.874880098938682238e-01
1.138524110218794618e+02,4.014414796828275622e-01
1.157659745294248097e+02,4.052336576531734291e-01
1.042225544654299370e+02,3.700383671149567455e-01
1.141342787298079884e+02,4.024318268368098361e-01
1.049909353709543751e+02,3.772815996390477267e-01
1.026079065444086211e+02,4.251764063032846819e-01
1.053141578508598712e+02,3.883293695653314281e-01
1.033062836010052905e+02,3.946272851392890191e-01
9.940725031037308668e+01,3.836174307928442162e-01
9.796389376851691111e+01,3.015100582896206305e-01
1.023339760515785883e+02,2.726321312274503916e-01
1.081967958977731854e+02,2.618695450057693108e-01
1.047913958298304919e+02,3.522782906805031478e-01
1.112436308172481318e+02,2.817353802060545420e-01
1.139815175845282624e+02,3.156230205202569250e-01
1.131027034066493968e+02,3.151751925939408894e-01
1.139034100103027072e+02,3.201571127869006772e-01
1.109693120879043704e+02,3.924318346400900159e-01
1.110437980247317711e+02,3.485772748405404076e-01
1.138740607257517183e+02,4.119963283559013312e-01
1.270713598007012735e+02,4.839350198772121026e-01
1.239869331843778184e+02,6.185024117688759926e-01
1.179815020004238164e+02,6.517850252284272949e-01
1.134818539118345626e+02,6.018345767721469119e-01
1.244196873212358980e+02,5.989332610796102019e-01
1.229281411547806471e+02,5.951596307515876205e-01
1.265806812872949507e+02,5.038057305858825163e-01
1.233732655829948186e+02,5.650020250030163282e-01
1.184288048104086926e+02,4.911855560413773136e-01
1.221189729081824709e+02,4.628392899382440251e-01
1.184987740569443844e+02,4.809692857102074171e-01
1.171117098130991536e+02,4.903663308664353848e-01
1.123513426225605940e+02,4.523722664704916685e-01
1.128063567814698303e+02,4.701726909623740736e-01
1.204795090289206598e+02,5.411288009276117306e-01
1.125536729930837652e+02,3.626604451329444312e-01
1.143402195300275679e+02,4.037663116791436191e-01
1.160355584870959120e+02,3.988970916748459383e-01
1.085863439269570847e+02,4.043835495926113577e-01
1.067863492519267936e+02,3.256106868966891499e-01
1.197874837217190702e+02,3.738963769579627949e-01
1.070785565687023393e+02,3.354633770410940241e-01
1.108020902593305550e+02,2.889869623459669912e-01
1.029128404630362184e+02,2.354646050753065878e-01
1.002484703874141729e+02,1.856373093840686384e-01
9.450735227835461671e+01,1.102619361864952269e-01
9.577915234325453753e+01,1.919591407504893377e-01
8.789483221838459315e+01,7.898197703965287308e-02
8.788735491810815859e+01,1.273573901743087211e-01
8.833425330766608852e+01,1.998632743372845133e-01
9.783674161490475285e+01,1.939755949682558933e-01
9.963362964474031003e+01,2.888406476000234813e-01
9.761774646460125382e+01,1.823752652139907782e-01
1.081535932315812119e+02,4.062852238741854749e-01
1.106621667964290481e+02,4.869868226854144333e-01
1.233342060621200176e+02,3.469459255192596236e-01
1.274704249201116255e+02,3.791601022167150892e-01
1.214908179928318361e+02,3.481184288547465311e-01
1.075477356127512536e+02,4.187243374619520342e-01
1.038925900899211996e+02,4.318610353856157658e-01
1.062452793229989823e+02,3.043982327304156632e-01
1.057436267393595557e+02,3.226299803635062080e-01
1.059122528160687864e+02,3.024426141973532989e-01
1.016214777295905378e+02,3.093051429232088756e-01
1.138407284248295639e+02,4.585342382208040246e-01
1.181378878143307389e+02,4.331388783493874128e-01
1.186219996577423785e+02,4.597672698541224179e-01
1.143803086430499718e+02,4.106110923026181636e-01
1.031568322003829223e+02,3.708725158522067633e-01
1.128074876278537033e+02,4.285910541357177972e-01
1.237547905260684757e+02,4.474509719086777748e-01
1.367359060196272083e+02,4.987293708793468783e-01
1.130438400069772484e+02,5.853846983542813076e-01
1.176941305912644395e+02,6.075564325129414467e-01
1.171852762250512541e+02,5.320290437908188341e-01
1.230461865034139919e+02,5.186559265503430938e-01
1.318026104375778402e+02,5.115204465093434738e-01
1.285398427572060029e+02,4.256250820039801930e-01
1.192924574722786133e+02,5.227020189640959602e-01
1.182593218376790531e+02,4.462954945942491092e-01
1.181755125859555022e+02,4.984960654678718961e-01
1.206290185896850176e+02,5.247836547513802241e-01
1.208093432177492730e+02,4.739289028250493474e-01
1.028743823235623864e+02,4.098301000841516606e-01
1.001743900216653316e+02,3.856584120741108901e-01
9.884759879138250938e+01,2.525959528121303754e-01
9.741514698940414974e+01,2.155642301204431510e-01
1.036064816368668744e+02,1.739504810979229099e-01
9.783764177723840305e+01,1.379941487752980311e-01
9.264346998096470998e+01,8.574536079150379964e-02
1.007180068892580636e+02,5.997804408167531354e-02
9.872525731124386539e+01,1.748504145525823783e-01
1.044001601138312196e+02,2.892879044246436937e-01
1.016483210579168599e+02,3.486008604101084041e-01
9.823939028227245274e+01,3.428367855139993203e-01
1.025069865835431813e+02,3.648532672435400026e-01
1.070843283421129826e+02,3.296726650160547445e-01
1.090792576307110266e+02,3.401204302492428222e-01
1.098831791651217600e+02,3.983825534516233224e-01
1.187535362168579383e+02,4.797114503192405066e-01
1.297066633037401004e+02,4.467661327686404671e-01
1.200493394180696072e+02,4.447893058793687127e-01
1.116633803278088379e+02,5.721783228396202237e-01
1.116633803278088379e+02,5.721783228396202237e-01
1.132694330485631156e+02,3.981229164858891001e-01
1.197627454861029435e+02,3.965879650695146585e-01
1.106997531173298057e+02,3.552270821791588817e-01
1.104314406231848125e+02,3.279641437550208094e-01
1.114584278583055976e+02,3.989474545494726687e-01
1.144568790359386554e+02,3.829348678862673494e-01
1.182127252920506209e+02,4.082032195857573376e-01
1.165608808357577999e+02,4.170977130841341252e-01
1.119449921474045908e+02,3.968867004166428680e-01
1.173372844721688892e+02,3.676500485449772371e-01
1.088041109051706172e+02,3.333504328574452558e-01
1.043105893763891174e+02,2.746783183047398769e-01
1.106733977992520295e+02,3.103199031369936467e-01
1.189473218172064009e+02,4.523548217876389721e-01
1.097767997421591559e+02,4.532727677830743485e-01
1.071815249478907930e+02,5.286449900959966364e-01
1.142094096255937217e+02,4.261790856127366522e-01
1.159142012012258220e+02,4.684979297805730303e-01
1.130708803220787217e+02,4.533844280476888033e-01
1.111726014671532710e+02,4.240704534101353285e-01
1.103696391518231508e+02,4.328865141123075522e-01
1.093483609704017852e+02,2.681971165513344912e-01
9.444054826542610215e+01,3.211890608566665972e-01
9.600452549215232523e+01,3.267655522698964532e-01
1.010587584600691713e+02,2.783190811004689902e-01
1.074023784040999061e+02,2.957763826738370461e-01
1.002368284107811292e+02,4.036051335852512412e-01
1.006398096756217768e+02,3.389841975815696129e-01
9.712466049021098513e+01,3.149415750374553458e-01
1.011095463373078189e+02,2.855128332434622163e-01
1.080563304794385431e+02,3.089566780293920845e-01
1.120487137093904266e+02,3.714542157456186544e-01
1.048994940530673574e+02,4.204461397434116621e-01
1.124665960130185454e+02,4.728788974246000976e-01
1.117206456254976672e+02,4.738237295165868002e-01
1.188155003631610498e+02,4.297405204757263064e-01
1.140748634470526213e+02,3.712706886940821405e-01
1.147594865373288400e+02,3.520920232988823395e-01
1.077399375869826628e+02,3.276427555598381836e-01
1.185989618785846318e+02,5.029921405058292994e-01
1.158167683740210947e+02,4.566236681493675564e-01
1.294679656691696721e+02,5.277454388668597618e-01
1.205028123122834955e+02,5.982368165532068183e-01
1.204801289977307590e+02,5.507463855592089619e-01
1.251442110466977056e+02,4.732584319371372916e-01
1.220508399489839348e+02,4.562690970588998418e-01
1.181378598270227371e+02,4.644863379360258393e-01
1.170799108722769830e+02,5.329440329171418744e-01
1.191484259889490858e+02,5.399787861091783769e-01
1.137780395166292635e+02,5.396820507860236038e-01
1.157215351038241096e+02,5.701287069096797611e-01
1.212022322829023295e+02,4.589776182947262750e-01
1.209786561164737577e+02,4.962998184509456179e-01
1.176612846693452781e+02,5.121433620055049207e-01
1.087989852279996370e+02,5.426908578648395043e-01
1.093344714042003147e+02,5.455304003359583431e-01
1.042923020833230510e+02,4.324910036327720420e-01
1.072431744324907328e+02,4.120750460993267139e-01
1.023073828975605295e+02,3.009143658336376759e-01
1.110219847345490649e+02,4.185909179061226837e-01
1.111692752806290514e+02,3.345300007781921159e-01
1.088391256963226539e+02,4.318697516413337878e-01
1.165210547538477357e+02,3.737350653991620697e-01
1.093428262834929967e+02,3.174396620596124374e-01
1.120859759305535306e+02,2.752331321271675457e-01
1.046914285693440689e+02,3.843362640130606467e-01
1.032066023343279397e+02,2.563266961935019017e-01
1.029340010108535068e+02,2.572412109669398039e-01
1.024111348237337182e+02,2.964397641405551176e-01
1.054621823927159596e+02,3.171850813179279416e-01
1.139502033950158051e+02,3.451157327019855336e-01
1.053600388138972477e+02,2.415512559974055395e-01
1.001352329161263697e+02,3.194356792866641093e-01
1.069367696130542953e+02,2.958355760568734949e-01
1.077247271236546595e+02,2.607298936224539121e-01
1.163226014352544553e+02,3.274199820812766504e-01
1.153049827499708186e+02,4.538576845900020307e-01
1.201123323036722894e+02,4.744828377548284681e-01
1.177495433407321741e+02,4.459200217488138440e-01
1.134237011176295056e+02,4.822616454944022024e-01
1.174258033796964185e+02,4.381206077431579193e-01
1.131826828737236639e+02,5.112501248581152735e-01
1.146455177174060367e+02,4.038853571559419264e-01
1.062875679127548381e+02,4.288247646213506625e-01
1.131125081121842300e+02,4.811030700631446777e-01
1.175168429023768368e+02,3.991932707609028852e-01
1.077363240559450475e+02,4.679199567671873949e-01
1.056753733927255183e+02,3.720562110488910834e-01
1.023689069337961968e+02,3.775519333613636119e-01
1.055089894386174478e+02,3.792130965177796798e-01
1.069516544841445267e+02,2.661723233951968637e-01
9.965941222318885195e+01,3.094633409320456385e-01
9.812247626625608632e+01,2.634959630018329779e-01
1.046699829431147748e+02,2.424385379746712421e-01
1.048755154125408779e+02,2.447994342887336028e-01
9.586283472590757526e+01,2.240909753439085383e-01
9.789740569545641335e+01,2.195105180778997023e-01
9.953638733826359442e+01,1.017159740128475987e-01
9.939845752671055834e+01,1.884701125751266360e-01
1.009877903002367958e+02,2.335330081350212583e-01
1.057383679430383410e+02,3.717030801666292850e-01
1.173138785943873188e+02,4.796306325249941604e-01
1.326641143123434290e+02,5.642843702144669793e-01
1.284794514873357514e+02,5.420706631304321732e-01
1.296164166929572445e+02,5.809721001265485407e-01
1.351393573239505486e+02,5.144976554754642217e-01
1.246433655372732829e+02,6.535739070298324238e-01
1.160684887193525441e+02,5.254070420249434825e-01
1.249551935096598640e+02,5.247307154337617074e-01
1.205014807649343993e+02,6.038883548683319225e-01
1.236066722870582879e+02,5.126646311795307609e-01
1.256464034690674083e+02,5.118497076340593477e-01
1.154357180239976230e+02,5.276330512320425159e-01
1.051641490538737713e+02,6.046841559495598206e-01
1.157351465438775477e+02,4.918384065130529947e-01
1.081786037565745175e+02,4.862115734575809256e-01
1.161282598001431268e+02,4.758332770742873530e-01
1.209649479731103980e+02,4.950219790228205241e-01
1.230617743407996159e+02,4.880894769545713885e-01
1.236883409937473317e+02,6.006350870555996480e-01
1.142879821532307005e+02,5.460442051661700269e-01
1.111896639366651840e+02,3.974588517656387765e-01
1.071031283654042738e+02,3.595547725378335224e-01
1.048898640213080427e+02,4.534170540074095035e-01
1.189215203668718175e+02,4.533687967389228857e-01
1.154384409817282773e+02,4.958443442417014846e-01
1.107182681776534992e+02,4.115037651365219817e-01
1.069305189722719689e+02,5.073815451665359966e-01
1.096780093517873524e+02,3.570282124309668292e-01
1.058490066726308498e+02,2.780834299984613622e-01
9.905985282357013944e+01,3.418601864341883068e-01
1.081763764523406195e+02,2.158750265211528963e-01
1.072621901905084059e+02,2.203676492401069331e-01
1.017441276258434328e+02,2.545049532822980520e-01
1.061070755306997881e+02,2.978920074254581274e-01
1.007488931986985250e+02,2.416425801949705354e-01
1.094936004980729791e+02,2.849563184850136266e-01
1.152573530378009821e+02,2.872264524290477627e-01
1.010030404480240520e+02,3.255205008706419934e-01
1.119501055550511666e+02,2.622000719722666351e-01
1.160861101252276768e+02,2.293666458603402236e-01
1.123864753670233227e+02,2.376759099466650704e-01
9.778809377951048987e+01,2.182818651430911416e-01
9.553203146243268407e+01,2.712292080781056325e-01
9.915108557356717256e+01,3.154781779360814054e-01
9.409065900820357342e+01,2.565149280251118324e-01
9.475668367857851138e+01,2.732131657860756846e-01
1.026936745651801459e+02,3.394587610617053053e-01
1.070948408079775618e+02,3.292828849176742123e-01
1.099794202335679643e+02,3.451466771957839574e-01
1.134067292696198734e+02,4.801421592387403181e-01
1.080006026074387933e+02,4.640709558678335345e-01
1.127454605396483913e+02,4.545058114470605370e-01
1.042076333137191853e+02,5.043341659189142234e-01
1.030148586177697752e+02,5.094026987835763576e-01
1.045034977199446899e+02,4.793390553675538901e-01
1.028568487823563515e+02,3.290039908484784781e-01
1.062943613343758926e+02,2.695256326335491170e-01
9.717857846480164596e+01,3.118428528959578117e-01
1.040905291091020928e+02,3.131175774007000090e-01
1.050285126201296464e+02,2.994462565840232959e-01
1.118298240962531196e+02,2.756133263051238069e-01
1.127343955453302442e+02,3.610996848396339498e-01
1.077291667520443781e+02,3.140421279447013769e-01
1.189001723935115535e+02,3.535196329717544272e-01
1.235472298496825658e+02,3.940573187384647791e-01
1.280149071897550073e+02,4.352498086065578753e-01
1.130968926320340842e+02,3.736053340760513986e-01
1.189688154899786809e+02,3.981526760946524912e-01
1.093859332571279168e+02,3.668213405443236375e-01
1.105053143750525066e+02,4.161847763150005597e-01
1.080065877676372565e+02,3.169472098866319976e-01
9.926061533679994398e+01,2.436261596767018145e-01
9.333979373062108209e+01,2.410288729773302219e-01
9.787891106513150419e+01,3.590898414277914896e-01
1.048923662757759985e+02,2.881457711012178069e-01
1.117254735325991533e+02,3.232171794876168014e-01
1.095535570320205210e+02,3.341058029699331411e-01
1.036232015033679232e+02,3.523773184507284495e-01
1.029583730593057282e+02,2.458879179999448050e-01
9.939589223869543844e+01,1.912311000002674122e-01
9.250981447077343489e+01,1.037638565669131152e-01
9.300349201690491441e+01,1.783558039344335100e-01
9.768379384860429582e+01,2.218877107776651980e-01
1.034194519399884626e+02,2.922542165460350616e-01
1.013777821163863564e+02,2.590042464912465925e-01
1.075612595918908880e+02,2.630404066270287666e-01
9.981720006729403849e+01,3.471803262415859015e-01
9.524488915315032500e+01,2.017530834417466945e-01
1.064418299168806499e+02,2.675835748417365600e-01
1.010059615829989355e+02,2.829990347115233229e-01
1.035490642885122554e+02,3.150539054332758271e-01
1.013013478947990507e+02,2.372895894655338844e-01
1.137250098740380508e+02,3.502910359253888495e-01
1.046722801993491743e+02,2.594836472316818243e-01
1.025060047600918551e+02,2.593101412842980791e-01
1.056772721024083381e+02,2.648199073286423566e-01
1.004475054352074039e+02,2.563151461424533206e-01
9.818499812106330182e+01,3.174333283700621067e-01
1.022033458384242692e+02,3.652624858071583658e-01
1.000544440641705535e+02,3.857077826058550318e-01
1.076167777557953968e+02,4.213787673274681511e-01
1.084651177725515652e+02,3.668947196084811346e-01
1.071257608544596565e+02,3.594191458178678800e-01
1.147061998151691427e+02,4.939664171577425322e-01
1.241586539204002264e+02,5.326372738396826234e-01
1.174155039975716051e+02,4.454672892155057684e-01
1.193983800921234746e+02,4.652085504369035118e-01
1.202228029668260518e+02,4.192780034273293488e-01
1.199411760158477307e+02,3.713672143778248280e-01
1.089967241183522049e+02,4.330511038020386505e-01
1.157603613161576277e+02,3.992722498710208345e-01
1.124700642500511378e+02,4.594751589609524789e-01
1.138887991214599253e+02,4.519536944301421610e-01
1.264346205346009810e+02,4.942783520833973765e-01
1.229512219174697947e+02,5.181620974709516547e-01
1.115905643735646890e+02,3.795631439184555256e-01
1.055757858437226417e+02,2.609764250224785864e-01
1.139533409802316015e+02,3.419203929483760618e-01
1.159710967002603184e+02,4.153278931394588369e-01
1.127439584782271567e+02,3.181556149728215210e-01
1.140227577770234291e+02,3.965819804486204747e-01
1.058263179245891337e+02,3.793290991630460240e-01
1.024693211412366480e+02,4.298818152122248493e-01
1.036146828992548308e+02,3.847622093472102267e-01
9.999433090631876553e+01,3.329882307759512439e-01
1.037872119227471188e+02,1.499094484273609806e-01
1.048474358513472424e+02,2.554840466291830037e-01
1.135898527722615796e+02,3.314005025275170713e-01
1.128664991711586083e+02,3.468896065486247182e-01
1.129796315773352688e+02,3.962161033655786091e-01
1.206572316838769581e+02,5.194114764740902501e-01
1.215910722701592022e+02,5.312922343887729326e-01
1.239563985181054022e+02,5.254198554770921348e-01
1.122528568205844834e+02,4.705134809709816679e-01
9.613993610223752739e+01,2.940475317096932772e-01
1.057519713452531960e+02,3.540624169967360180e-01
1.107218867585175701e+02,4.117635476215547596e-01
1.144020893103059819e+02,3.636078116926411141e-01
1.020966721582472871e+02,3.189296029113752873e-01
1.108436943575905786e+02,3.388190340661583200e-01
1.073587892884641946e+02,3.709949221273379782e-01
9.634075365568881466e+01,2.510627047268687573e-01
1.026467521734953294e+02,2.727275399041829695e-01
1.071875660481343573e+02,3.165359940142812301e-01
1.043740826100674752e+02,2.906466759202543382e-01
1.017674029020191711e+02,3.443746893071172877e-01
1.157004067743733202e+02,4.309352713581754424e-01
1.202162979867929806e+02,4.715063506160814821e-01
1.146497854134869669e+02,4.898862300072918674e-01
1.153323771080910234e+02,3.960503498346741313e-01
1.125431036264868823e+02,4.241581693407256992e-01
1.136392357992762925e+02,5.273890629159797561e-01
1.158554582510473949e+02,5.073196267870195841e-01
1.112637359985000955e+02,4.729667514886003454e-01
1.063260792065708671e+02,4.575347171087716380e-01
1.137809398481131780e+02,3.254589239226858832e-01
1.211745413318546412e+02,3.079915305971967499e-01
1.080471694815720838e+02,2.743109436991221228e-01
1.021547313090192262e+02,2.710713493943878727e-01
1.111577139759574635e+02,2.895175539725182712e-01
1.012616295489587372e+02,3.118068368697572423e-01
9.473304991675793474e+01,3.092524715756577725e-01
1.012675663241224129e+02,2.790066335258637453e-01
1.109891037018009712e+02,3.575325389570319645e-01
1.086493526980056288e+02,3.415636780534933581e-01
1.195754217155053709e+02,4.709589155235180402e-01
1.275887680435313172e+02,5.431665078710691263e-01
1.143384786881701416e+02,4.333650056698079012e-01
1.096339243432397268e+02,3.780087973760854481e-01
1.031975837961646505e+02,3.675454517706270297e-01
1.044697633624667930e+02,3.507555497126247923e-01
9.647720036259525500e+01,4.366787724726134967e-01
1.042420686042693916e+02,4.156573147619156972e-01
1.092109625975103029e+02,4.380005061896789509e-01
1.063913532767213326e+02,4.187755489129457165e-01
1.117844638824688843e+02,4.158264246678611276e-01
1.135444151476962134e+02,4.379597696696043707e-01
1.152328899718981887e+02,5.262397395737159478e-01
1.184522435798469360e+02,5.304404572846800336e-01
1.158306058193909820e+02,5.103125450443910527e-01
1.175720422668772613e+02,4.008729515505218277e-01
1.047437413040596965e+02,2.861004567286099531e-01
1.108925708444476044e+02,4.299954924932232747e-01
1.168502042280231166e+02,3.228181189444055410e-01
1.168674114245864786e+02,3.507220210655369041e-01
1.117475444765740775e+02,3.305194942792253898e-01
1.032584154516708423e+02,2.591254896997143287e-01
9.525488861166533638e+01,1.835089810416208334e-01
1.046632605241431691e+02,2.180095247710619466e-01
1.000237142361634284e+02,2.022183522760288843e-01
9.718450810805403250e+01,1.857354942791775987e-01
9.484201917871048693e+01,1.632931633205284283e-01
9.633972546798607084e+01,1.872500977599127758e-01
9.658824387173490322e+01,1.921807929178630248e-01
9.918632746937156242e+01,2.417686989250767970e-01
1.019629450501475958e+02,2.492895615593138103e-01
1.044891732050178064e+02,2.853458276653553782e-01
1.031077023567298312e+02,2.860271040383010055e-01
1.034566768823443823e+02,2.083369659004594421e-01
9.735921679783618288e+01,1.945294575341756926e-01
1.004483590056690758e+02,2.621338845463181411e-01
1.041430089071312040e+02,4.413332898470214705e-01
1.154564359465911991e+02,2.962490815872284022e-01
1.057945306769057794e+02,3.040602576629737319e-01
1.096852834644747929e+02,3.879730130334259064e-01
1.087921733893400216e+02,3.768973035095472546e-01
9.920682863015956343e+01,3.619188014632346295e-01
1.037485830821361219e+02,2.615031490487306209e-01
1.030597540433049488e+02,3.574001887583675985e-01
1.038108333975145996e+02,4.566403126146151292e-01
1.030445893906018426e+02,3.706884142672225990e-01
1.061357672927232585e+02,3.657995715277177484e-01
1.083342597463640118e+02,2.748129907049257636e-01
1.057391614533066928e+02,3.570935416139811580e-01
1.143696606262802078e+02,3.441271791797415602e-01
1.109586200546142720e+02,2.632273985029179308e-01
9.988141778353781319e+01,3.172384163599633045e-01
1.168626670597626713e+02,3.245729173315569094e-01
1.099377014176972978e+02,3.532783854952844527e-01
1.096002186472815794e+02,4.542994335060422939e-01
1.159618403544919545e+02,4.485469882129151098e-01
1.165887977657715879e+02,3.436353433391380330e-01
1.206491834811081674e+02,4.259498119138771521e-01
1.122403660652110489e+02,4.256678334866491609e-01
1.176253072791745922e+02,3.765661652696308259e-01
1.217142965156372583e+02,3.640269018911753696e-01
1.079478085243797238e+02,3.277255491927529296e-01
1.032871959087220546e+02,4.655522319178263535e-01
1.007060223084308603e+02,4.819291349316752182e-01
1.039414297880388034e+02,5.561129732510675661e-01
1.122997458989530628e+02,5.502726377717894746e-01
1.084108311728037819e+02,4.719595095242444249e-01
1.164493267120255382e+02,4.387082857393867497e-01
1.268418462689084265e+02,4.757003720361808741e-01
1.271192135940031989e+02,5.106494297070478527e-01
1.146123630211886422e+02,4.441411038822123958e-01
1.194018734127239441e+02,3.549469275234927168e-01
1.211999983315047444e+02,4.006809108030846556e-01
1.233000760387435264e+02,4.405465124348559858e-01
1.146882100574474208e+02,4.742654096502368910e-01
1.152499915746815446e+02,3.894484478682230244e-01
1.151209318754032296e+02,4.956217712192398372e-01
1.290501288624672611e+02,4.721595396441655712e-01
1.289928091390208351e+02,5.242447358087849452e-01
1.344568067947914756e+02,4.230373067428994105e-01
1.239220888194894457e+02,4.542793631100418006e-01
1.287489482514276062e+02,3.587153098155887454e-01
1.387828814984052599e+02,4.765206017807699368e-01
1.242604602770198170e+02,4.145416039428120869e-01
1.227617388750754657e+02,4.930802050373936374e-01
1.234342308292691541e+02,5.199184828992701179e-01
1.177537496477053054e+02,4.461134180249832215e-01
1.299517180944042423e+02,5.726790021433553202e-01
1.246260241451790023e+02,5.126604270526303742e-01
1.241386252255173304e+02,4.287520664983737184e-01
1.224251226882254144e+02,4.732782181037013536e-01
1.214347358078038610e+02,4.812012316902435916e-01
1.315107692866302784e+02,4.990795528541144832e-01
1.248755232045293155e+02,4.777906107085194143e-01
1.191059506349431985e+02,3.450508385739332606e-01
1.161928830214575612e+02,3.344072446826845679e-01
1.125270420406662168e+02,3.138567842512134942e-01
1.128641140620519252e+02,2.984421223766861586e-01
1.122576029702464950e+02,3.628425219969216298e-01
1.152941567224801815e+02,2.978312886773862300e-01
1.172033494370409699e+02,4.491447179709083803e-01
1.022527334194371207e+02,3.412514053503400424e-01
1.053175269563049881e+02,3.389576012807749006e-01
1.141900906681214281e+02,2.675940290926365761e-01
1.100773052192713948e+02,3.557418954130011080e-01
1.078852627286928936e+02,4.109574603028855466e-01
1.109091631473653194e+02,4.352548005161974709e-01
1.102847606400709566e+02,3.747911176511832809e-01
1.122198892616439565e+02,2.986960534400216472e-01
1.133751148647034626e+02,2.652831593454695325e-01
1.221745994852012984e+02,3.235511248762932279e-01
1.126401392250338631e+02,3.876456053924792755e-01
1.113118727661042016e+02,3.787245303346267189e-01
1.087141330463270350e+02,2.927546877190930763e-01
1.074945585694003256e+02,3.335785420689364456e-01
1.046450330777330606e+02,2.519988229663799872e-01
1.087123679626553354e+02,3.274173471785885581e-01
1.088043697091418238e+02,3.610175138085887636e-01
1.107966670917705301e+02,4.260256955124536726e-01
1.138147718103142836e+02,4.433897368072330925e-01
1.128385936515685870e+02,3.315599374748723349e-01
1.190907880083868946e+02,3.835840811470695444e-01
1.173881083071782712e+02,4.295153802153884315e-01
1.151057417673398646e+02,2.955537509358542869e-01
1.158943331157980907e+02,3.134235003771294603e-01
1.091405910132218509e+02,3.488826816339527515e-01
1.144325141506924410e+02,3.432533474915868132e-01
1.124048245674447202e+02,3.411536976542364763e-01
1.147730166727019281e+02,5.342485177611536740e-01
1.164252300474723683e+02,4.595081521466049534e-01
1.109109437188068341e+02,4.169540693683249089e-01
1.034687165713213943e+02,3.901901401945855330e-01
9.635719213632934554e+01,2.785899402478451692e-01
1.003206162795631826e+02,3.236395511004369063e-01
1.027182796434451859e+02,3.932233452206142510e-01
1.069536380426275457e+02,4.041513552293667932e-01
1.169361755197064099e+02,3.155925683567623041e-01
1.054481589801586807e+02,2.803150324216124312e-01
1.065260454828883638e+02,3.239307928225138022e-01
1.037761627778999411e+02,2.460665358441440353e-01
1.095763054474273019e+02,1.788986296465468195e-01
9.971322832621187615e+01,2.569553703235358810e-01
1.115327094815432076e+02,3.984975634032478231e-01
1.159587373090503917e+02,3.785903956620952915e-01
1.239134057507892379e+02,3.571318757734678329e-01
1.100854218963210940e+02,4.893708954536851730e-01
1.123439493440964583e+02,4.624725021392535051e-01
1.145752352489655834e+02,4.738413152045033438e-01
1.163778440304874522e+02,5.206709978502741532e-01
1.175112536697631214e+02,4.645661330239329034e-01
1.148616879545076017e+02,5.135491331589079333e-01
1.101924944026191042e+02,4.825653320167646032e-01
1.097299326244996536e+02,5.283130974764250753e-01
1.114381756065317575e+02,4.682760766678888409e-01
1.157146933281652110e+02,4.455817999365515591e-01
1.216423404465420788e+02,4.718749021806692423e-01
1.234365064271261332e+02,5.674387433009491222e-01
1.276112757298631237e+02,6.069778118743059947e-01
1.344903743463024171e+02,6.113759662232077785e-01
1.294077660649700761e+02,6.032177047894882183e-01
1.278341456672121410e+02,4.965129328524283681e-01
1.253475441657758580e+02,5.269364749696693329e-01
1.292730526906015029e+02,4.873815021230805122e-01
1.142070877584214941e+02,5.747329847690694216e-01
1.269976728624678515e+02,5.890776938708338628e-01
1.202285467558747882e+02,6.531106851456913720e-01
1.099328012194066844e+02,5.759128756530796922e-01
1.132383078458655064e+02,5.497828755002334145e-01
1.228557578026973971e+02,5.596170638985894508e-01
1.296368060957534567e+02,5.484037014583335035e-01
1.162156313825521039e+02,6.355020473976676909e-01
1.276079580599000991e+02,5.450541607023628998e-01
1.292430160980121059e+02,5.337245952599853904e-01
1.312762959838216545e+02,6.499671571043262874e-01
1.344688294308375021e+02,6.191860326703487738e-01
1.265599873460863591e+02,6.083645241877614351e-01
1.232658172429778318e+02,5.971189243464436469e-01
1.173197461859038953e+02,4.503403359067977285e-01
1.072292622226785710e+02,2.923726295785503138e-01
1.069235444251368392e+02,2.881002880240817743e-01
9.859578359811789028e+01,1.942120571599176837e-01
9.380972918129876348e+01,1.762871058094419019e-01
1.058167816969078388e+02,1.447960054915866657e-01
1.014921388201084795e+02,1.147595462316301912e-01
1.013604606813755709e+02,1.653811625277268049e-01
9.374094949071144356e+01,9.658019207247231508e-02
8.993603302937295041e+01,1.784821695307356737e-01
9.574316952372940648e+01,2.024894279904188854e-01
9.310017158439039520e+01,1.090409833370223069e-01
9.614406874245501911e+01,1.062646256695521374e-01
9.556574529493823889e+01,8.613662714139251608e-02
8.919472219304896043e+01,1.205992919216154063e-01
9.493323766514252782e+01,2.355142091276798966e-01
1.057191732031121347e+02,2.363089886037789411e-01
1.083210166910496213e+02,3.095131026036678223e-01
1.074019643168916360e+02,4.354381248122487502e-01
1.074620405407540318e+02,4.176476261308986193e-01
1.104311025850255419e+02,4.154808631815162245e-01
1.030888261826185186e+02,5.240770262827694204e-01
1.054246609029949298e+02,4.077075313565821646e-01
1.135555061100878618e+02,4.335616590234808720e-01
1.120914325199764221e+02,3.712106547640421916e-01
9.479402578499237109e+01,2.777078117536934676e-01
9.713808615043829775e+01,2.771379079858575234e-01
9.944500246623242390e+01,1.315451843498685047e-01
1.089018191673780507e+02,2.966912030992328586e-01
1.072634763676724532e+02,2.520524932723205436e-01
1.047864859874364072e+02,2.026523775318578302e-01
1.063970361438238825e+02,3.951393408621697301e-01
1.084085472032243445e+02,4.357137459288857873e-01
1.081281099648905126e+02,3.305707276077111123e-01
1.099957882765867225e+02,3.778375848015546601e-01
1.083695462501882787e+02,3.739303532716032885e-01
1.104381272798342906e+02,3.152535384256412998e-01
1.029873655513935233e+02,3.748655630147848528e-01
1.009630040498053773e+02,3.571060361490477897e-01
1.087371161588974360e+02,3.816566092668671750e-01
1.038916057764041341e+02,3.066720935361855194e-01
9.768502461690799521e+01,2.726667567428638916e-01
9.950585001431637977e+01,1.897069980460401317e-01
1.124951609320899593e+02,1.502441520521746732e-01
1.087432189025693106e+02,3.027291481731392286e-01
1.023049913789494809e+02,2.365059323171316286e-01
1.114028024236039016e+02,2.984893662289496152e-01
1.145099184091442766e+02,3.404228222522337477e-01
1.054642965068554190e+02,3.910255875204841636e-01
1.107222742352031872e+02,4.655526734229321062e-01
1.117016414674705089e+02,5.391817726089618290e-01
1.213888631063011729e+02,4.910672558841758795e-01
1.147153439665656691e+02,4.646886684284688984e-01
1.247119945651149493e+02,5.394147841020283662e-01
1.247322734860073155e+02,5.011134803117325287e-01
1.265884949476526629e+02,4.639459091958072490e-01
1.183503140730637853e+02,5.511804083417097821e-01
1.198313472583483446e+02,5.137447379173870621e-01
1.130303067104585892e+02,4.515191038429492432e-01
1.034788899648352043e+02,3.781748117320953839e-01
1.132828457992294062e+02,3.830399715483576717e-01
1.177488242481528431e+02,4.338602566755971890e-01
1.093789111541770893e+02,3.936686327011731934e-01
1.141132715470849064e+02,4.132873023927201572e-01
1.115555165252281853e+02,4.208976082165119537e-01
1.116464004493804794e+02,4.330625819890646655e-01
1.128276896146620771e+02,5.313767397028859030e-01
1.083962277415497368e+02,5.051907106221791288e-01
1.138420616368021854e+02,3.869391669632338271e-01
1.277512999322615883e+02,4.569428209557214737e-01
1.225797674712927545e+02,4.961375303440712647e-01
1.321036736947418149e+02,5.356462242005120000e-01
1.276587423656231408e+02,6.286365973928665918e-01
1.228603740850353887e+02,4.182130605134004586e-01
1.218562526664551484e+02,5.343920497475533882e-01
1.129307102513835162e+02,4.132155225234270812e-01
9.861386710325356830e+01,3.973829184837113782e-01
1.025123781047313543e+02,4.131612225731250976e-01
1.037638273163690315e+02,2.940509777530863622e-01
1.037123308172082830e+02,2.756890473487718096e-01
1.074347476721779771e+02,3.737727854726379251e-01
1.106117550070242714e+02,4.612234330613669275e-01
1.106150264430194028e+02,4.380470213611586394e-01
1.166609937384392879e+02,3.396623303704863761e-01
1.210490859878044319e+02,3.614745725576644086e-01
1.266278808286482729e+02,4.137036869778860093e-01
1.333396552190691011e+02,5.038719817450377780e-01
1.323361585613878901e+02,5.668654987056763739e-01
1.387146643932588574e+02,5.770316137779791799e-01
1.329861583096959521e+02,6.169309565079577062e-01
1.264005925141910751e+02,6.274486717874011577e-01
1.358675437417197713e+02,6.638383865383725713e-01
1.472497572530496370e+02,7.281481770291819977e-01
1.533166342543804603e+02,6.674520160279187042e-01
1.463521493127929602e+02,6.374797287170778093e-01
1.450511169707370414e+02,5.932368666323688533e-01
1.338322166125233252e+02,5.156350193156028494e-01
1.346394106130873638e+02,5.247155744837683766e-01
1.249640775826180459e+02,5.455916356118083455e-01
1.132614199577263889e+02,5.183508181592276776e-01
1.093897309509373770e+02,4.031730295258009189e-01
1.134658132133956343e+02,4.615367889859116612e-01
1.156909011953563038e+02,4.760998168049853096e-01
1.179629603201707084e+02,4.476408105938913251e-01
1.168621635264942427e+02,4.134098544438630785e-01
1.216932804575282603e+02,5.161639516745450962e-01
1.142280071350847663e+02,5.433634517531673591e-01
1.084902354652353011e+02,5.100849422659117227e-01
1.134361636665153270e+02,4.509393478206246142e-01
1.088461018256716244e+02,4.429711269931352335e-01
1.099462398588434269e+02,3.338821590076762047e-01
1.007049809037380612e+02,3.841186670762274380e-01
1.065348547089171802e+02,4.656797373069881951e-01
1.120379387052354900e+02,4.271164934940741009e-01
1.147911193444421798e+02,4.104263831229147952e-01
1.112199802483203399e+02,4.763081630522642551e-01
1.172887007606195908e+02,3.755271864032494467e-01
1.218198618879813466e+02,3.865264595692909366e-01
1.246408166755934275e+02,5.266498486844614080e-01
1.321836467091972338e+02,5.108296002001679881e-01
1.259083557889267979e+02,4.402049084798148049e-01
1.173476207358123560e+02,3.231387486772344109e-01
1.125220553898330138e+02,2.048218912035663086e-01
1.029201047966176930e+02,2.659445587571858116e-01
1.021266854464991667e+02,2.896160578450386880e-01
1.138186807816653641e+02,2.926275563977058791e-01
1.021825342830478718e+02,2.267604377190682863e-01
1.108909633589196915e+02,2.724451991826554731e-01
1.157278391000475750e+02,3.751711244478411755e-01
1.167671228115984690e+02,2.954021890383222715e-01
1.173776767879429599e+02,3.337412004608185656e-01
1.072519309023323899e+02,2.189024158387403718e-01
1.047665746103458275e+02,3.010369162500756146e-01
1.108034509030260040e+02,4.268719192007144891e-01
1.072510398551525554e+02,3.199573027831092986e-01
1.080764044009402625e+02,3.320444502537694409e-01
1.076035999342505534e+02,3.641476830730530079e-01
1.041885145912989259e+02,3.426977664569595405e-01
1.076054620203667298e+02,3.313810767696750981e-01
1.052413750590365424e+02,3.770337404536171499e-01
1.184611832199606596e+02,3.766315349150056724e-01
1.042408594596513893e+02,3.863902132997667493e-01
1.027870296498445555e+02,3.198881059380278002e-01
1.179458895298021162e+02,3.124859580626910271e-01
1.139753662042547546e+02,3.959626913978225304e-01
1.045263685045395619e+02,4.274122262852515508e-01
1.060275002370699156e+02,3.993222591154572121e-01
1.077563852542309775e+02,4.528607844799949489e-01
1.096373181598454636e+02,4.342752801462458900e-01
1.106258771097016762e+02,3.982646610594858250e-01
1.079758800400954897e+02,3.999576998284955498e-01
1.046405032826974946e+02,3.599895056612372191e-01
1.048441096852162815e+02,3.062048795712221105e-01
1.062564182826619827e+02,2.843941838894776253e-01
9.712722421153927144e+01,2.308994512031135593e-01
9.497353563196362813e+01,2.613701493686359512e-01
9.364859271059921753e+01,3.315744263325978713e-01
1.021976353826088797e+02,4.033951582332023778e-01
9.778597436091568795e+01,2.585751186918361366e-01
1.044413273066027443e+02,2.692187065731805884e-01
1.044648651026279396e+02,2.897913772039870661e-01
1.069978343694586300e+02,2.869956957892140781e-01
1.206484356591047060e+02,3.784418341750174219e-01
1.168069656903667237e+02,4.545266229958047632e-01
1.109908506715044894e+02,4.931544327907749770e-01
1.138735949142257198e+02,4.583634243733368807e-01
1.141495901340944812e+02,4.164469992197949999e-01
1.157921082216195146e+02,4.576516328064162975e-01
1.169886243316855143e+02,4.348372012367464623e-01
1.182437025966174673e+02,5.617532071439609309e-01
1.183057890722656254e+02,5.506728644113662030e-01
1.094693222646702679e+02,4.429400790210498706e-01
1.123254258309728186e+02,4.631121293307251530e-01
1.175968407310068500e+02,4.932852783927768603e-01
1.140561478935339323e+02,4.830110524968679320e-01
1.296503094482380618e+02,5.463180952111781341e-01
1.210264872454352911e+02,4.265591367466746164e-01
1.139484943621707203e+02,4.813567279760209705e-01
1.128120714492195447e+02,4.346236860110563316e-01
1.174727218212121329e+02,4.524651083835377618e-01
1.120217371614347854e+02,5.666150343705504966e-01
1.141811502484030143e+02,4.682868481804212668e-01
1.186973976556511303e+02,4.520609203283857402e-01
1.055423467772509838e+02,3.644246278526195870e-01
1.065544879591327430e+02,4.653753474567832726e-01
1.046271185516165758e+02,3.747976288933168587e-01
1.004591189701241376e+02,3.858760535233328737e-01
1.052144124411654929e+02,3.756744568463186718e-01
1.106999518712744930e+02,3.064956477707073690e-01
1.199069769162687464e+02,3.412609498809786035e-01
1.221005005333649649e+02,4.557003951976802969e-01
1.179677751904129934e+02,4.321037445238229413e-01
1.261798226606623956e+02,5.200779874465466524e-01
1.298958354918433429e+02,4.919869716194280596e-01
1.232265806694247630e+02,5.166697927371229904e-01
1.091813212807304581e+02,4.193171495070497912e-01
1.111921749867750862e+02,4.806323137140168233e-01
1.074455887126083979e+02,4.153957032206738176e-01
1.185669745586701964e+02,4.682657385722083232e-01
1.092860437559036200e+02,4.571214361603428422e-01
1.195793351420599890e+02,5.094812326620026255e-01
1.222301252580225110e+02,5.137972627588909269e-01
1.188833789144109545e+02,4.352960430294968708e-01
1.239584222021682223e+02,5.025211897390492455e-01
1.225753063272270680e+02,4.669041820209839377e-01
1.278840724053149813e+02,5.079943986320757388e-01
1.284711395893529868e+02,5.680212012492589224e-01
1.233681409738050974e+02,5.689116175502252348e-01
1.294558154370305090e+02,5.356954762033100392e-01
1.351432743920241819e+02,4.866975795893849210e-01
1.324568296330866985e+02,5.610835797271940262e-01
1.246883353773961574e+02,5.943687058957028979e-01
1.235019941642912329e+02,5.597551671183814692e-01
1.295541127991498058e+02,5.707352915644844371e-01
1.225654227253437654e+02,6.607962911829164954e-01
1.240755867097569904e+02,5.357194449938040837e-01
1.240807861774205350e+02,5.291101491787706390e-01
1.191956912740467089e+02,5.291120695829929499e-01
1.204686075412482325e+02,4.792273995836972000e-01
1.154499553518922284e+02,4.346362460794757632e-01
1.213185890263040676e+02,3.891298390717420341e-01
1.220380436959317478e+02,5.823061923409805773e-01
1.252747006932998346e+02,5.555160668815367631e-01
1.176171139748115309e+02,4.774163568381115663e-01
1.214260288773428869e+02,4.628804605424998164e-01
1.181325651780248620e+02,4.267903087091011183e-01
1.060069717551712642e+02,4.347547562629022755e-01
1.053704827459318523e+02,3.979515629898054407e-01
1.048939470052427652e+02,3.996275653496457192e-01
1.141587486672792977e+02,4.215102971357532202e-01
1.156625944337872056e+02,4.130561321548779086e-01
1.170125602994772862e+02,4.684211455328619600e-01
1.192348604322253749e+02,4.375096650437343415e-01
1.053630250689057704e+02,3.930192488915615900e-01
1.022995048676306169e+02,3.646009978211462443e-01
1.086675327860792351e+02,3.757835614912772293e-01
1.098242919144386178e+02,5.042281193015092366e-01
1.146056167538248474e+02,4.330760199686152223e-01
1.081566205563363638e+02,4.221981651440618322e-01
1.100320033182956934e+02,4.152486601701542712e-01
1.108875686378379015e+02,3.542448249739296173e-01
1.102917831487975775e+02,3.905236107662298783e-01
1.178114382799371356e+02,5.220063142365645170e-01
1.204086965493805081e+02,5.108796645790624202e-01
1.213327616182155282e+02,5.377182168920593419e-01
1.231128450475782188e+02,5.429792869962203339e-01
1.233944185322095279e+02,4.504998882531215387e-01
1.100953677884289448e+02,4.327969283915352738e-01
1.098604512755164677e+02,3.980794267745434989e-01
1.064164186335765407e+02,3.162368612401700307e-01
1.020677656232700770e+02,2.872963432832875696e-01
1.063000220719942064e+02,2.841723085555490913e-01
9.190806461296821794e+01,2.122960000762020571e-01
9.278999357468696019e+01,2.438482794273337806e-01
1.023509768406702705e+02,3.679638153993745053e-01
1.073231142702629199e+02,3.938361577550485437e-01
1.066318735265985254e+02,4.242895582587255521e-01
1.151814826155691804e+02,4.620637967090097664e-01
1.189870097584513644e+02,5.355029347831034015e-01
1.218706647202568547e+02,5.165703782686165146e-01
1.313440921698545196e+02,6.058418413894655075e-01
1.252040790986434899e+02,5.855310256672128233e-01
1.341627992507666249e+02,6.377569434907933710e-01
1.221991373028839973e+02,6.483009326039411713e-01
1.181421518797042154e+02,5.570362998285899314e-01
1.097011838969122124e+02,5.030276497789580858e-01
1.157915015448862448e+02,4.374598364371756753e-01
1.198924314769561335e+02,4.788286985719204525e-01
1.089340566213205506e+02,4.812470880145165442e-01
1.094624056099006140e+02,3.929422747787387205e-01
1.163735261978484061e+02,4.840493632303638494e-01
1.131550233696286938e+02,4.711214094625859605e-01
1.175236793072735537e+02,5.108547252928817839e-01
1.202799535087744971e+02,4.869323580654559835e-01
1.228369883812151357e+02,4.626294380633949599e-01
1.234962279825741547e+02,4.039457691593637545e-01
1.247589283546569447e+02,4.985373916232557767e-01
1.098310174172907949e+02,5.998451803369360125e-01
1.224193897275631002e+02,5.182172541894645157e-01
1.270092831278022629e+02,6.137216928254678461e-01
1.197246408621955993e+02,5.534123154526214838e-01
1.253121715040373942e+02,6.117772437470340163e-01
1.192242250209737762e+02,5.277172583987321808e-01
1.143878090517402200e+02,5.363808222718617902e-01
1.106036503173091887e+02,5.119881226623763659e-01
1.185918351709049432e+02,4.661214428735003246e-01
1.123882721270696692e+02,4.316114981873486189e-01
1.151466950633192852e+02,3.730301613348414591e-01
1.138454187204726651e+02,3.245398640034821702e-01
1.148381395560167562e+02,3.678766577692664241e-01
1.139789864295760395e+02,3.995544885665540669e-01
1.168947047193478852e+02,4.422391908430103880e-01
1.195169363407044330e+02,4.012968466306883752e-01
1.217176019367465614e+02,3.310530403432092039e-01
1.241024167290454585e+02,3.083054794039238877e-01
1.220996503863375722e+02,2.161189058828033027e-01
1.148248138352094969e+02,1.933627595823126100e-01
1.162869674702593272e+02,3.123912049506786803e-01
1.056165842863083100e+02,3.961169900444395653e-01
1.014253501545138363e+02,3.074775305527721603e-01
9.920470026535902264e+01,3.184023802498765487e-01
9.818372195279641801e+01,3.174334099741680792e-01
9.912606920241545083e+01,3.039682568911998284e-01
9.969438179675259448e+01,2.168289972537338905e-01
9.042226772119960287e+01,1.250544789530364520e-01
9.154364552583392367e+01,1.670441439528146943e-01
9.154364552583392367e+01,1.670441439528146943e-01
9.842443840045122272e+01,2.181011455962788836e-01
8.768994681769181909e+01,1.933309592965430923e-01
9.886003696643234662e+01,3.252110535324953533e-01
9.637844630428638482e+01,2.038337748399012272e-01
1.000737766842228496e+02,2.930158979766658844e-01
1.052529095657531286e+02,2.715733566356468009e-01
1.041871637607973895e+02,2.733858617292057036e-01
1.032806415408230833e+02,2.571564494682646584e-01
1.009261228023698038e+02,2.238046607858509007e-01
9.868595695002800028e+01,2.776499871567649769e-01
9.961840996309642549e+01,2.477302019998132432e-01
1.017281557066282289e+02,2.810471606252105681e-01
1.070653821688627687e+02,2.185010362859675648e-01
9.977523393519443573e+01,3.060365743813819872e-01
9.989643385809085885e+01,2.360792189643850791e-01
9.841707679614214044e+01,2.981917217146680121e-01
1.055769752772310568e+02,2.863888319781677794e-01
9.458289894043971913e+01,1.416471935413552430e-01
1.015613600968696915e+02,2.312685378449804985e-01
9.704067540714007123e+01,3.025634691247524044e-01
1.032237254630494050e+02,2.929456237883484859e-01
9.916332255932988460e+01,3.186614150464741613e-01
9.489653917486518253e+01,3.023588630334271832e-01
9.718998443812205323e+01,2.806315206025984388e-01
9.302374255390596147e+01,2.244377643793534216e-01
9.569914809375700315e+01,2.013044578604520907e-01
9.746061034021745684e+01,2.202983918672917762e-01
9.646797797090803783e+01,3.081854247821469994e-01
9.174226770747570470e+01,2.775670980488729733e-01
9.967800727802196548e+01,2.784086578358077047e-01
9.520376837938017900e+01,2.414118549573094907e-01
9.642896112660629626e+01,2.114340798849982106e-01
9.530985178974368921e+01,2.077580459812242708e-01
9.796219658901210892e+01,2.265091296437316271e-01
1.030610604468875380e+02,1.658310415782194569e-01
9.230941350515267629e+01,1.601640999203619853e-01
9.343931260606214551e+01,1.723849116382075997e-01
1.085176703336499173e+02,2.932803462742583078e-01
1.131381614504529836e+02,3.695105441872620355e-01
1.133293392138479021e+02,3.267950199395172062e-01
1.243304206756999122e+02,3.291216691171914843e-01
1.146209758169255366e+02,3.962582625875767928e-01
1.056591614625485107e+02,3.018500838934478070e-01
1.116628143922070251e+02,3.843511520651192725e-01
1.044965030197011089e+02,2.812750285595533861e-01
1.167771100484521156e+02,2.862274918995281747e-01
1.066234524437509208e+02,2.312426639045402910e-01
1.116539965418941875e+02,3.496706266190372503e-01
1.119776311917328258e+02,2.843913271241791385e-01
1.002340954119829064e+02,2.684168186601234574e-01
1.046714876422652054e+02,3.635900735837154230e-01
1.180718265832632028e+02,3.268585061634637912e-01
1.051278030034328026e+02,2.726045680483766831e-01
1.097158071226101299e+02,2.834434398472136518e-01
1.087701260742517064e+02,2.194303137880727339e-01
9.720632721042242963e+01,2.569924617167821390e-01
9.445467942382566662e+01,9.822118635706250656e-02
9.557439157176609967e+01,2.623598916043431983e-01
9.790110163357363149e+01,1.677468274201355247e-01
8.721714135278024571e+01,1.275478841578148725e-01
9.259765109925501747e+01,2.465752573110177592e-01
1.063654843206236222e+02,3.203416369037666578e-01
1.128855280652501705e+02,3.914067444836165643e-01
1.092352630825563580e+02,3.429536544707052492e-01
1.135064241941055343e+02,3.166515675642666561e-01
1.139005331186837537e+02,4.513159166895762686e-01
1.074178276578092550e+02,3.368327825983942203e-01
1.027896547038834427e+02,2.402871654874187135e-01
9.792682202945174197e+01,2.808192805013813298e-01
1.040831831911620924e+02,2.217669620087410753e-01
1.002339524360445608e+02,2.443457089419941441e-01
1.059632666403003185e+02,2.692960762263316155e-01
1.029776599323470947e+02,3.470533739550420993e-01
1.081561769550081493e+02,3.563442443168212681e-01
1.088186435113865684e+02,3.402116858501805785e-01
1.160629832982561993e+02,4.596799387265746439e-01
1.147078326600243798e+02,3.949095870637870931e-01
1.106039081351297710e+02,3.057567548784552725e-01
9.654236182784894993e+01,3.453589947425551587e-01
1.033634245018660067e+02,3.631382598400612616e-01
1.136535792281195825e+02,4.426324966227273006e-01
1.084811645661672372e+02,4.183925356484231028e-01
1.113862659746552879e+02,4.318525265998081064e-01
1.142831892670945280e+02,4.969498322242271726e-01
1.246745996592818528e+02,5.339217994959150060e-01
1.159853428203839911e+02,5.262751089701376284e-01
1.119062779365216045e+02,4.700979291392200499e-01
1.181492921541892684e+02,4.320345418192830245e-01
1.247722349340176606e+02,4.371298368675625712e-01
1.294594067758634708e+02,4.637527572593224678e-01
1.225225934365604559e+02,5.031336665951434695e-01
1.211740369320533546e+02,4.744667332458810116e-01
1.206032639457366002e+02,5.395260349359899399e-01
1.241806806196106834e+02,6.035810049467212890e-01
1.241806806196106834e+02,6.035810049467212890e-01
1.333487648849756226e+02,5.343714089608286866e-01
1.256031562160506354e+02,5.760010675219695564e-01
1.222380271085758068e+02,5.511591898286823943e-01
1.184442840477216805e+02,4.698025702885509913e-01
1.126565373607978273e+02,4.358374009281305028e-01
1.226516027520313941e+02,3.971070648174768181e-01
1.218593253709162667e+02,3.789483304589301715e-01
1.103422904582159561e+02,3.229700473315239018e-01
1.107378360035600480e+02,3.414665437565588824e-01
9.966153010136143564e+01,2.770574275665915742e-01
1.024865585994524224e+02,2.628347405379132251e-01
1.042218161788806867e+02,4.051977995927185661e-01
1.045189166900984645e+02,3.753048889671866672e-01
1.123195369359562505e+02,4.893887120033246219e-01
1.130670521034651870e+02,5.167732957754209711e-01
1.241725461600302793e+02,4.405157815393651033e-01
1.103264500721808332e+02,5.146802649818914555e-01
1.035055068850399635e+02,3.345360114094646509e-01
1.084861588051950037e+02,3.805757354187916941e-01
1.018111520954237506e+02,3.656544970199670508e-01
1.099944929389314012e+02,3.887087097763813892e-01
1.146781188208386055e+02,3.863798153467028484e-01
1.141083789299177198e+02,4.807458545160688823e-01
1.105967398677175453e+02,2.976421001954940304e-01
1.069950641224264984e+02,2.143685300135234895e-01
1.024298314729895765e+02,2.144864732873090762e-01
9.506356370139558010e+01,2.351573325732712327e-01
9.305048771302652710e+01,2.613415696751145711e-01
9.426026088347150278e+01,2.779048569358452681e-01
9.168770161366002469e+01,2.812611262873172535e-01
9.580399168956495259e+01,3.446876534584510376e-01
1.023514685809923463e+02,3.371885262320581389e-01
1.025173785053998330e+02,3.982580485079936783e-01
1.047167200372766871e+02,4.431599729174671709e-01
1.025824955496991606e+02,4.480575246685110091e-01
1.067731014507590999e+02,4.905070068131349159e-01
1.061323271079607338e+02,4.606439239508767769e-01
1.026654922011173312e+02,3.703451049218237090e-01
1.130933297113988516e+02,4.766046778163633979e-01
1.133712447432753834e+02,3.492296693439796429e-01
1.082694636690178243e+02,3.693885785173325331e-01
1.142417224570398702e+02,4.408587790001947115e-01
1.187508776605113070e+02,5.577702625473881515e-01
1.294680356346910344e+02,4.860541041723315248e-01
1.300349954932030982e+02,5.486650707676047345e-01
1.332527214624979308e+02,5.524687980343676585e-01
1.222685836358571834e+02,5.682860353908245621e-01
1.240995998820316544e+02,5.263163226649473225e-01
1.179742874825885508e+02,4.471144972610932578e-01
1.180977001028891493e+02,4.490609704603967800e-01
1.167266775988015439e+02,4.731401165991965252e-01
1.129167576465634966e+02,4.328151637850261024e-01
1.210157600791353332e+02,3.488818962599412599e-01
1.276967976319169367e+02,4.741005838701772279e-01
1.216851487557111682e+02,5.357301832211363024e-01
1.217887868849875872e+02,5.640457034628794108e-01
1.288224076074052391e+02,5.345743246053394904e-01
1.286875934585704044e+02,5.382932292117502682e-01
1.181130588233889824e+02,3.607536825450115558e-01
1.182599227294058863e+02,5.952454180462594113e-01
1.193922098639679774e+02,4.643547702104736108e-01
1.323817972123635798e+02,5.420426246999703324e-01
1.228348113673131365e+02,6.506190378544872699e-01
1.179919559893251488e+02,5.771604062764965626e-01
1.190322030940762374e+02,4.779197477300566321e-01
1.148158420361279468e+02,4.474236827749263345e-01
1.139664522225061063e+02,3.063475007156013508e-01
1.057086436696504848e+02,2.680027574082144981e-01
9.931609815188032542e+01,3.632047949191618552e-01
1.013698705786558492e+02,3.564109516093604824e-01
1.105121273115321685e+02,3.648142058179836278e-01
1.120589108692538645e+02,5.021474296011005922e-01
1.164175309622603294e+02,4.544269847824496944e-01
1.112726842176733442e+02,3.825816063717424331e-01
1.082220655032726881e+02,2.941445825617822751e-01
1.093495034717950745e+02,3.454734373625518162e-01
1.174188642823417155e+02,4.457437138674029686e-01
1.244577593804822584e+02,4.589338169615069241e-01
1.309766505168513504e+02,4.563547990608168847e-01
1.303717508638126787e+02,5.885281209160195814e-01
1.272908797058057075e+02,6.412165505214144634e-01
1.413442491658236975e+02,6.087544976078296255e-01
1.343797600090647393e+02,5.568366044405580473e-01
1.388135158468807049e+02,5.402524527536366472e-01
1.352766410902468976e+02,5.811772635527966413e-01
1.201775268940160970e+02,5.662195161924890030e-01
1.242653898461268653e+02,5.635788001232595601e-01
1.318615093752243581e+02,5.581957845284443165e-01
1.301046750061387627e+02,5.193863564037027869e-01
1.291342179547248747e+02,5.607604446352267846e-01
1.220946115393423241e+02,5.623543053694497473e-01
1.203471643471231687e+02,5.032085696888848325e-01
1.193198511582569523e+02,3.841460083882014542e-01
1.169610099538055437e+02,3.313600534454096413e-01
1.104068441961449452e+02,3.527572053165939359e-01
1.079784990900571273e+02,3.376261563995017756e-01
1.104896634418072523e+02,3.330606096808301775e-01
1.041465277773471456e+02,3.672668701242504108e-01
1.076898481036470656e+02,3.531808174993630312e-01
1.057869336299802683e+02,3.571787555837481198e-01
1.040326055293642895e+02,3.105317194825698013e-01
1.048454786489011639e+02,2.920073454016734460e-01
1.035308280285432119e+02,3.646825048040522321e-01
1.127690188363113464e+02,4.162274283762430471e-01
1.188922519054629419e+02,3.553935663582657445e-01
1.247910202053324156e+02,5.017642011039892269e-01
1.231499135990566458e+02,4.515742233303844388e-01
1.200537266386386364e+02,4.205966542895165916e-01
1.241925403834990789e+02,5.359457872460564598e-01
1.290066902685470325e+02,5.711150947207255246e-01
1.144836975398343526e+02,5.832484891647745640e-01
1.173716407673874045e+02,4.852981476540835226e-01
1.190029825345208963e+02,5.054462648541231395e-01
1.117757184292026125e+02,4.538112258798863152e-01
1.116875172755917163e+02,4.170954138214828522e-01
1.129867467720847429e+02,4.134326734649570456e-01
1.185157744087864273e+02,4.216737956812061650e-01
1.210144120026132128e+02,4.440034958088955319e-01
1.224435315749574755e+02,3.473132164295708035e-01
1.032501759906791960e+02,4.318097869929635180e-01
1.115380899698157720e+02,4.343865306284892536e-01
1.062131234993670859e+02,3.814271987545580500e-01
1.161483810852766823e+02,3.188331247743206864e-01
1.191564648059095077e+02,4.442233246618016995e-01
1.076860330984211345e+02,3.789967963784267591e-01
1.247314820832850728e+02,3.669730212953332682e-01
1.231369428067613114e+02,3.924264984887458896e-01
1.079066575226480467e+02,3.936034977569530247e-01
1.063114278066968268e+02,4.000221431417082529e-01
1.095963536746716755e+02,4.646514752523077663e-01
1.117203044829473129e+02,4.657394891863275155e-01
1.034708874266650014e+02,3.248414252686442349e-01
1.045487538522272644e+02,2.804813529862604238e-01
1.085897865881874367e+02,2.335754928488859017e-01
9.451773422671102765e+01,1.459659093947303088e-01
9.999109327478507225e+01,2.241869929364576075e-01
9.401953883621476393e+01,1.936956344456498558e-01
9.605321793673185482e+01,1.613619640617422746e-01
9.340689315969278539e+01,1.702111016074877858e-01
9.826309299783078188e+01,1.678290628396047479e-01
1.036407406924380155e+02,3.067123826974221812e-01
1.198346716543981358e+02,3.548778703457380890e-01
1.129212363913174073e+02,2.345485062103572216e-01
1.162444516800061649e+02,2.399298189708325424e-01
1.066943490648005621e+02,3.034634048925315408e-01
1.124997338149500195e+02,4.068720319318943623e-01
1.083145659605491034e+02,3.756257904774203404e-01
1.224261413085455104e+02,4.124564295386697887e-01
1.247943616793366886e+02,4.654155530330505441e-01
1.183242112803544330e+02,4.333723758817299987e-01
1.058144087740412829e+02,3.877681349049735271e-01
1.094015872191868510e+02,3.723640187988736527e-01
9.793971822554163964e+01,3.644829175003456156e-01
1.040767597101348798e+02,4.352369242259336302e-01
1.159082433709118050e+02,4.623036115877869889e-01
1.198511318538935200e+02,3.939621662298553040e-01
1.226253099319270632e+02,4.173991661055614366e-01
1.194776484775826191e+02,5.100766802016443169e-01
1.284009908331198915e+02,4.516036570472057865e-01
1.242339092749874538e+02,3.589902152311214012e-01
1.147030667254026923e+02,4.157167096582922716e-01
1.296371833113767025e+02,4.431072823186875120e-01
1.271355300292618153e+02,5.718947399793281594e-01
1.340329319760648161e+02,5.828403537158077796e-01
1.221767146440199951e+02,5.469018971445303023e-01
1.328004229697000937e+02,5.801675830641199738e-01
1.301542143801746363e+02,5.916210083377907436e-01
1.304571391247268366e+02,5.253754379124589979e-01
1.350109901804969184e+02,5.282792007310239679e-01
1.324748193733009032e+02,5.985425201721182864e-01
1.310696436934810265e+02,6.701133863210596564e-01
1.233273243843486853e+02,6.059804315870181979e-01
1.262661378273885049e+02,6.137982511488707660e-01
1.284996917752020238e+02,5.372593924348200156e-01
1.312129281004730501e+02,5.245128357522282903e-01
1.282823486945537184e+02,5.028165053117827910e-01
1.308585361963905029e+02,5.167138817057785882e-01
1.235036966387749402e+02,5.388582690695359334e-01
1.106393804426769094e+02,4.836772091441284838e-01
1.037482411388754713e+02,4.711053831233549816e-01
1.100163677003292264e+02,3.682244085098559938e-01
1.042330332134641964e+02,3.571440437388775924e-01
9.855971660139663015e+01,2.496635437454435558e-01
9.171703049349669357e+01,2.421254304042574357e-01
9.746278564677545830e+01,2.698366364585609301e-01
9.405581595197371314e+01,3.023029368392061711e-01
9.274077578614813433e+01,2.410127474429342720e-01
9.953456732997156564e+01,1.949469116399418223e-01
1.029562105665899736e+02,2.960894711197183948e-01
1.016518031733156420e+02,3.179895411623325785e-01
1.049868333018087299e+02,2.234635387647816995e-01
9.671450751434633730e+01,1.548611401376729368e-01
9.266294655376574951e+01,1.730353191179812011e-01
1.055054864304063642e+02,2.413687480809124097e-01
1.073483770378125683e+02,3.126670963191522379e-01
1.060357248450533376e+02,3.198543560118569662e-01
1.127969215916908894e+02,3.995303328089116479e-01
1.171301724179376720e+02,4.040937694154945747e-01
1.109983892749510659e+02,3.382838375161822397e-01
1.065217809936735307e+02,3.459739644605452913e-01
1.143333086285387594e+02,3.363867360582483146e-01
1.104311944785040254e+02,3.056762544082233801e-01
1.138519329813362333e+02,4.059739487457310059e-01
1.129254640785003261e+02,3.288492360351480404e-01
1.130079707624305172e+02,4.377582494179406702e-01
1.226604565150762483e+02,4.341519251349875708e-01
1.207480401039829019e+02,4.697973387136703538e-01
1.301256054258542463e+02,5.968963197511140129e-01
1.246853255861401522e+02,5.793174877825055802e-01
1.122286378028233713e+02,4.869833651137892572e-01
1.171096350053396833e+02,4.900952723603463901e-01
1.262704149261267332e+02,4.365452542279510406e-01
1.214939763336027738e+02,4.130740952995836657e-01
1.142361118461910507e+02,4.593542052557959554e-01
1.142046590642507624e+02,4.543485512939560711e-01
1.156801120509669261e+02,4.784595531726996143e-01
1.205077744517281104e+02,4.649333447028087263e-01
1.238899912474520875e+02,4.019595376928293828e-01
1.308976937517672070e+02,4.519174180894505177e-01
1.260323413462954107e+02,4.693149606383690831e-01
1.117361862913786723e+02,4.002204409900914639e-01
1.088324399318615008e+02,3.356083813194417065e-01
9.870047933459912315e+01,3.212449240382431737e-01
1.079494883993626075e+02,4.227984885246184321e-01
1.120749617761010768e+02,4.428170360939392425e-01
1.215716343184088117e+02,4.445782670840530137e-01
1.094226961404133789e+02,3.646730623342775424e-01
1.052522760565728532e+02,3.009253432883536861e-01
1.044187819958882528e+02,2.882910392897917728e-01
1.111588207007599465e+02,3.323725565297443452e-01
1.062865457093659955e+02,3.426245199006307529e-01
1.049348685778383157e+02,3.807949132733745023e-01
1.084135773246739376e+02,3.750518678105531634e-01
1.076347311507183093e+02,3.463002389751616006e-01
1.106775141260431781e+02,3.538551915107241430e-01
1.157111733482353486e+02,3.848566454512326040e-01
1.147556424477587740e+02,3.440032651576913070e-01
1.091637266474254773e+02,3.823405891631735387e-01
1.151580705011968746e+02,5.206624523494123302e-01
1.220338396493879856e+02,4.608035428085267560e-01
1.169097959867906695e+02,4.773819069677627813e-01
1.292631517597101833e+02,5.623161309614493897e-01
1.195636048311404664e+02,4.538697282512480502e-01
1.129199371961793901e+02,5.055476147703797940e-01
1.068307036103908558e+02,4.543330537038531847e-01
1.136811439192743478e+02,3.954945057029632394e-01
1.197600057261256978e+02,4.683646105220473643e-01
1.198277184321988358e+02,4.726006559963329412e-01
1.244846351988614117e+02,4.949670786003306788e-01
1.167568059678742856e+02,4.482938455628781571e-01
1.213599127638161974e+02,5.105294486554446953e-01
1.162679852671208067e+02,5.011513821366332389e-01
1.195145006519072837e+02,5.031602317178125450e-01
1.172280098166244500e+02,4.495670660447369515e-01
1.048975864678652385e+02,3.285458252182715810e-01
1.035453770149813124e+02,3.883865864086186726e-01
1.058566161726536734e+02,4.441486525174133670e-01
1.062997720811772098e+02,4.063044888117610109e-01
1.105001046235551456e+02,3.884634491581441806e-01
1.237571822342677592e+02,3.908590161885901471e-01
1.152433814993302548e+02,3.679707980502627263e-01
1.158100573214999685e+02,2.803446130001731595e-01
1.074194932783281331e+02,3.353695309112503242e-01
1.065071760618734373e+02,2.638391915539267663e-01
1.121636520496840035e+02,3.967543885675541837e-01
1.041892156613749592e+02,4.158871191048552074e-01
1.178550579664104561e+02,4.612796808748947930e-01
1.100822881433770704e+02,4.058438199988371742e-01
1.134997881003367866e+02,4.474283310380883782e-01
1.181658464813646816e+02,4.872573616680345721e-01
1.177480149430325156e+02,5.277024508456350516e-01
1.079708592182787470e+02,4.142651646874271343e-01
1.194421722254503777e+02,4.445651651830394568e-01
1.279085848112632817e+02,4.193328143726510748e-01
1.297682410791283303e+02,5.502866523743934479e-01
1.266930700725875738e+02,5.601158090956542823e-01
1.176442664620116716e+02,4.962184024537645288e-01
1.250273454308693033e+02,5.336585216550865374e-01
1.398762000393450933e+02,5.428854937206786246e-01
1.372353230309111325e+02,5.387931256349763887e-01
1.340995014089828032e+02,5.245562143629174390e-01
1.370080106707073355e+02,5.939567202698469162e-01
1.375486484083185417e+02,5.165535582616856969e-01
1.243732009026450669e+02,5.394569828169517578e-01
1.261155600540416089e+02,5.135334215354790954e-01
1.242710135578018225e+02,5.659672319329399626e-01
1.293795597126569703e+02,5.624605135922280397e-01
1.200911213971964173e+02,4.978062543965955378e-01
1.179751400073470649e+02,4.250338413652760550e-01
1.105798963972485183e+02,4.646056790661076685e-01
1.126723516874971267e+02,4.104575830362952593e-01
1.021731166916757019e+02,3.691506950237673501e-01
9.821666607789020986e+01,2.834804817807364818e-01
1.057909657345698236e+02,3.686052037954012373e-01
1.183514484501106381e+02,3.081637481056406225e-01
1.146471427820503095e+02,3.420220913782471284e-01
1.161917156188525553e+02,2.551951755913200448e-01
9.956717332950502453e+01,3.071009116358597302e-01
9.707259564953024267e+01,2.562244104710622028e-01
9.493274811522725543e+01,2.568738005821297188e-01
1.016000033229530857e+02,2.730822438196712221e-01
1.067359880255757929e+02,3.040940483674612338e-01
1.105217711572624779e+02,4.292426513049297787e-01
1.092786480568741894e+02,2.596373466994897905e-01
1.106609801824283039e+02,2.235282495127186020e-01
1.021925742503408827e+02,2.463315868001418607e-01
1.036642338969610790e+02,2.188165131934462493e-01
1.073810583883529262e+02,3.052653550291043461e-01
1.027631382854732607e+02,2.195396648774041726e-01
1.002016427455906609e+02,3.384513099603060349e-01
1.102036558672423325e+02,4.034986864599920398e-01
1.122079643099224455e+02,3.554722681202963641e-01
1.023058185647356026e+02,3.436700683476674456e-01
1.043065357282891483e+02,4.286226375303497926e-01
1.065098528011621113e+02,3.941221081973123597e-01
1.107728298636695143e+02,3.778819986750565074e-01
1.187837835273835481e+02,4.403978238299258718e-01
1.129722737829983998e+02,4.253443857185184585e-01
1.131099027175906997e+02,4.301286442874876492e-01
1.111237373242551456e+02,4.620712426035636367e-01
1.099821576832284364e+02,4.554128169759488753e-01
1.229135250459637660e+02,4.111158681057214825e-01
1.095326721996472941e+02,4.477204338371031378e-01
1.058821996317631005e+02,3.952898796419375693e-01
1.090469007913276869e+02,3.561459482672215127e-01
9.899510539135506804e+01,3.196358113060308592e-01
1.072355819244525179e+02,3.521434274019359378e-01
1.044578398682064062e+02,2.910636092682014064e-01
1.068760679267113431e+02,2.427940587452069032e-01
1.085210208034927888e+02,1.491139468808573842e-01
9.926052747919200669e+01,1.391541355405435387e-01
1.026099393703695029e+02,1.442858030145713344e-01
9.926536008306015901e+01,1.957082214358819572e-01
9.612330446660078564e+01,1.665267082826636935e-01
8.938323450652177371e+01,8.335742033216085589e-02
9.341909494899547894e+01,2.034526101116473917e-01
9.532419701769491382e+01,2.406353073121733077e-01
9.547041713502461846e+01,3.017818139319672910e-01
1.023915194977794556e+02,3.383248254632640895e-01
1.065170504873847364e+02,2.253144407620547018e-01
1.138163693621365837e+02,2.645464535634800551e-01
1.022788307806161612e+02,2.817465549341384712e-01
9.917799147536537419e+01,2.444901519487043262e-01
9.884084648950729957e+01,2.242748947426563277e-01
9.521880045697064077e+01,2.263475696744284837e-01
8.787225890595408373e+01,2.602305845991375599e-01
9.508656835849262734e+01,1.578581825520920245e-01
1.004941389162209191e+02,1.757553900409341563e-01
9.323497090128901732e+01,1.449333325899629932e-01
9.337072631769653697e+01,1.730496599295807958e-01
9.216432251673197129e+01,2.764262999128266340e-01
8.452693575916768509e+01,1.721142799564628345e-01
9.247018855574580698e+01,8.150708992608296510e-02
1.008566033645735160e+02,2.382394971675511064e-01
1.091369045560832802e+02,2.800500687637832442e-01
1.065378233688068121e+02,3.709948563544965827e-01
1.067900863462661931e+02,3.481978312498104633e-01
1.136198577731373121e+02,4.660343932231963415e-01
1.108648723837262366e+02,4.510772756540201156e-01
1.138900741483676597e+02,4.982310633571507830e-01
1.129580344314460234e+02,4.689223346557931937e-01
1.138799934281936288e+02,3.484163655462207410e-01
1.133024585990993813e+02,4.731505544713696110e-01
1.113769925805430319e+02,3.963217786799426712e-01
1.217892102836537873e+02,4.383805706268349978e-01
1.245203977135510343e+02,5.594547680126110700e-01
1.265108163178325071e+02,5.107669589073702276e-01
1.204940017685442371e+02,3.872777765261604666e-01
1.179581849314353121e+02,4.361084182884191196e-01
1.023617131815698684e+02,3.963040048833351703e-01
1.002187218592338525e+02,4.196383711451951992e-01
1.065289037293354255e+02,3.371169016712211586e-01
1.191304494289799862e+02,3.998890133494170107e-01
1.071808284724460805e+02,4.007333881833677336e-01
1.136485147775115934e+02,4.339393413593882753e-01
1.037670435291687170e+02,4.233904686566895004e-01
1.064399029272194923e+02,3.413784422699788212e-01
9.974243598766302910e+01,3.181610980828663560e-01
9.478176864349929076e+01,2.103007671777021859e-01
9.574712774951348138e+01,2.813418085532704005e-01
9.763942712817754455e+01,3.102560894996971852e-01
1.008153261301646353e+02,3.203328680010357754e-01
1.044419645469161964e+02,2.978587514779567624e-01
9.885810174413299478e+01,3.231870076701589545e-01
1.107443291503806932e+02,2.983711100108296654e-01
1.057118066645892469e+02,2.808018158427434408e-01
1.072254371025824895e+02,3.483193986420274335e-01
1.002864736940906880e+02,3.084694578208763138e-01
1.063853083618495248e+02,2.672550536993216208e-01
1.047895206679691569e+02,1.989811631045943496e-01
1.061690844189329681e+02,3.836386874170084615e-01
1.074011918700308428e+02,4.075094856196871396e-01
1.141844843608213012e+02,3.985898928178956968e-01
1.190363459214158581e+02,4.477508227856985545e-01
1.168114221164255468e+02,5.172309928888771946e-01
1.234433142600266819e+02,5.652494594191842525e-01
1.208186194255907822e+02,5.731452178670376485e-01
1.188014616569799529e+02,5.606364719693349707e-01
1.071824433239557948e+02,4.982571298531437987e-01
1.214996702710497232e+02,6.000628481082447285e-01
1.323509130626453896e+02,5.750601929589088668e-01
1.311051912235360248e+02,4.946147294232697833e-01
1.323947767317279158e+02,5.765119596462233709e-01
1.300566185402198585e+02,3.851584182636215159e-01
1.266583946282488853e+02,4.733012731809008167e-01
1.129454399547000776e+02,5.023377504603592225e-01
1.136666589426319689e+02,5.085711348096678686e-01
1.081658521675644806e+02,5.424359805963373526e-01
1.143402946691441429e+02,4.679376926761027455e-01
1.025635720794011974e+02,3.398765305018680016e-01
1.057446394205359042e+02,3.443503404029769621e-01
1.057813667890256539e+02,2.922140839666924617e-01
1.070139350791355497e+02,3.835531366546062748e-01
1.139304627356456336e+02,3.774000548479264916e-01
1.045765960246503710e+02,4.178559133569264006e-01
1.096410640137437298e+02,4.266849191889429127e-01
1.046381653705696522e+02,3.634377378133030745e-01
1.081184454565031672e+02,3.748401573859880820e-01
1.063093135366570010e+02,3.422841527892653835e-01
9.408944387766291584e+01,3.360570721749563949e-01
9.792099092788600956e+01,2.968850220586276567e-01
9.629012749195021570e+01,3.102259557590915096e-01
9.483135668597871870e+01,2.168150205460239732e-01
9.879717730748780014e+01,2.314456528133766455e-01
9.498861884996115634e+01,1.589036266419101562e-01
9.682381315470810534e+01,2.277284547283850991e-01
1.020385350439384524e+02,2.471014198488236113e-01
9.189116748934742418e+01,3.145992867397546244e-01
9.851764624778461155e+01,2.611556997885164377e-01
1.045539089061628175e+02,2.671078423360700449e-01
1.027563118343437054e+02,2.274338443194703074e-01
1.018484821514465324e+02,2.283464961649147862e-01
9.732986059361017794e+01,2.395071769690322316e-01
1.059814091294312135e+02,3.007107451259606878e-01
1.058154600089361850e+02,4.531764390786713337e-01
9.958252413493639210e+01,4.062475207410818356e-01
1.065593792233681825e+02,4.603023335493878210e-01
1.127874683953133967e+02,4.748656335017594765e-01
1.097488392616327388e+02,4.343086761720322819e-01
1.109345879564186959e+02,2.953169744050481715e-01
1.061144370252150537e+02,2.776382282137118684e-01
1.062951806373042984e+02,2.565464043904137625e-01
9.978859118115887838e+01,2.413655694141675634e-01
9.361305914087631663e+01,1.793865218159970409e-01
1.057412115094845007e+02,1.905705760782289426e-01
1.028988589301283696e+02,2.299532592682904941e-01
1.001066199895684008e+02,2.117465881130062844e-01
1.061422899433432860e+02,3.148089814444654522e-01
1.092182961801546668e+02,3.197877378775774160e-01
1.099643898366157657e+02,3.503181155206011588e-01
1.049735906510984904e+02,2.873450187210752071e-01
1.044794667043443468e+02,3.155470345392935028e-01
1.123086203089903989e+02,2.986317934723063394e-01
1.119910891343211432e+02,2.724472015407622405e-01
9.822029216567018750e+01,1.632962154530845922e-01
9.660642492544567972e+01,1.294524287374105020e-01
1.047182348571009385e+02,3.135930528099737380e-01
1.164543358680939917e+02,3.039110755214723958e-01
1.168660833495130476e+02,3.296790099071508773e-01
1.151353742583829955e+02,4.406440172016601875e-01
1.179519359166200871e+02,4.117194650247021914e-01
1.180135480984054510e+02,4.399940584745834493e-01
1.021704015773069898e+02,3.602783092565040035e-01
1.091818954632840217e+02,3.285810378651742303e-01
1.114751064347031217e+02,4.037453121601569106e-01
1.275922628717414540e+02,5.020799234279849088e-01
1.330014996407394960e+02,5.070708528608482979e-01
1.299530666335542435e+02,4.699436450878015648e-01
1.341091588035671975e+02,4.868035404398990407e-01
1.239526952693980064e+02,4.939221121676026782e-01
1.156047956316404424e+02,4.213382884482148039e-01
1.098920584248715500e+02,4.399825117282232245e-01
1.128070531548680009e+02,4.096367858484047386e-01
1.139836290901692024e+02,3.495584323943116134e-01
9.586093150815879937e+01,3.481085186537880571e-01
1.110451390888585053e+02,3.749119750622407765e-01
1.132434641558392343e+02,4.473710920140663849e-01
1.205479534324270503e+02,4.772156302070810208e-01
1.095147896850986911e+02,4.460984041564151070e-01
1.171603082347041180e+02,4.041348553838746693e-01
1.115691231127596552e+02,5.117349371340325082e-01
1.176904775369957576e+02,4.487051989259426277e-01
1.146012548039582697e+02,4.025685602749288772e-01
1.061242604991818865e+02,4.092973823143372658e-01
1.098753842451495473e+02,2.983864511639794381e-01
1.175326408887655560e+02,3.915403383248493574e-01
1.164866720621113956e+02,3.697307021905858471e-01
1.161350184231852722e+02,4.163051276065337647e-01
1.163604260572644193e+02,4.248892430527079767e-01
1.143556991137221814e+02,3.234950473832464701e-01
1.093715459814106765e+02,2.981955795236297391e-01
1.152994769128574148e+02,2.677254912195126124e-01
1.001888970887337678e+02,2.821224756082836849e-01
1.091639545496182677e+02,2.374497631897971028e-01
1.099683233461894076e+02,3.084314987831812682e-01
1.144855927375138123e+02,3.675736185333421391e-01
1.109312459402612205e+02,4.094693913271255092e-01
1.142955399910629808e+02,4.030650933936015257e-01
1.101516797660829923e+02,4.770652918491318784e-01
1.206850886194199575e+02,4.619825026794137091e-01
1.224420105799689367e+02,4.268479981656831956e-01
1.136710643661259894e+02,4.395586970831275031e-01
1.165572851964154779e+02,4.966383770457610258e-01
1.117626083829324557e+02,4.525673924497811140e-01
1.125094626923059309e+02,4.394671239585743461e-01
1.207914311606187709e+02,4.120479449625749635e-01
1.046682836672851238e+02,4.557836363607136176e-01
1.071040910309824028e+02,5.209311747980533980e-01
1.061426944935466281e+02,5.359225035337104037e-01
1.165193017421410673e+02,5.206254519820037174e-01
1.124159611270784467e+02,4.266096407344263652e-01
1.071336778450786795e+02,4.804166793018300186e-01
1.141457582722979964e+02,3.999260748822934808e-01
9.849636358028301686e+01,4.179113353230742844e-01
1.037487228413052520e+02,5.184859008016229343e-01
1.068371089176444997e+02,4.112026850769788244e-01
9.591163156934308631e+01,3.795054436944577114e-01
1.075059104835941639e+02,3.211599920639849337e-01
1.165439541114959923e+02,2.293040516381258942e-01
1.154932676291063984e+02,2.121078701838140235e-01
1.100224918132895482e+02,2.737198753391526518e-01
1.093166725548183678e+02,3.322394722875623985e-01
1.107437231368257926e+02,3.597924660041944556e-01
1.119393559828858855e+02,4.728625630584223360e-01
1.077138345658297709e+02,5.075870564491508086e-01
1.160863005853342429e+02,4.275476928033016266e-01
1.103527828019968382e+02,4.606513212976340310e-01
1.082172474850175945e+02,5.483686036237667150e-01
1.175192984993447993e+02,4.493238655692970984e-01
1.166334550594951338e+02,4.558765293289579468e-01
1.150075393570751885e+02,5.125978568666059720e-01
1.178699784027076305e+02,4.412206599033383636e-01
1.200025844351625040e+02,4.326825816729026331e-01
1.217533182490578127e+02,5.471602957593285632e-01
1.179237367459986245e+02,5.091888631660764775e-01
1.092877036658344565e+02,5.140197708626641493e-01
1.146279083025188896e+02,4.870946801087822076e-01
1.035050314827341680e+02,3.469568444518056904e-01
1.046613895830105179e+02,3.724905683214625451e-01
1.013176637332074534e+02,3.103319759214090423e-01
1.211269613152271631e+02,4.222389104901703161e-01
1.089348554655084484e+02,4.001594770260062384e-01
1.259527963727726103e+02,4.419483210120491723e-01
1.119792884959162507e+02,4.914637501393089303e-01
1.121455286876836368e+02,4.532327721435067125e-01
1.024661702139870698e+02,4.213259577126454158e-01
1.034284178598421988e+02,4.111844408651625926e-01
9.812286599758550665e+01,3.998393661179026060e-01
1.106917260149000981e+02,3.925812939852905692e-01
1.121505004115400936e+02,4.256219378102881201e-01
1.165278774085550992e+02,4.538435671463637022e-01
1.145581192633889174e+02,4.680706458058604413e-01
1.097919328269425563e+02,3.057517092330203634e-01
1.044393720475039657e+02,3.109808807746582415e-01
1.086103892397983373e+02,2.729842777795891684e-01
1.077106183880196397e+02,3.328709550022840302e-01
1.062062123347559606e+02,5.187526017265231548e-01
1.036722987316450855e+02,5.384075579104196096e-01
1.033214181884663816e+02,4.317393973299569199e-01
1.109018909187705049e+02,4.117057695794767436e-01
1.179633674393272713e+02,4.570870649615775827e-01
1.139412012521756026e+02,4.783510125213035202e-01
1.255675491192225621e+02,4.860946774734436482e-01
1.311391161707667266e+02,5.712806051943170038e-01
1.278976662236743067e+02,4.722736718313798598e-01
1.132586294849924826e+02,5.071213631221797025e-01
1.060767476437432748e+02,4.267053008532777914e-01
1.039224287365177446e+02,3.388227703132792312e-01
1.049427423931172996e+02,2.661466489923523526e-01
9.983338558162722620e+01,2.143336610301378176e-01
9.682874527289106936e+01,2.333541973485978027e-01
9.373056599378590192e+01,2.095903191268651267e-01
9.999727865183042752e+01,3.021291656490357469e-01
1.220581086915555460e+02,4.091231343921937769e-01
1.176435894387862362e+02,5.037879305944976682e-01
1.273855733264519330e+02,6.623750117410286409e-01
1.282540009770574727e+02,6.603358018060783152e-01
1.316368829747694349e+02,6.728141568664605110e-01
1.295774372473869391e+02,6.519244941082138478e-01
1.364003823884512769e+02,6.296092161388516795e-01
1.401228713916829065e+02,6.124553906225984612e-01
1.347791383943934704e+02,5.955956069802180730e-01
1.359325161475520076e+02,7.204814080849532010e-01
1.465540182454702176e+02,7.864728495537174346e-01
1.389372115085905648e+02,8.248951477824972844e-01
1.393479089108053302e+02,7.639014705583367926e-01
1.313468738730319103e+02,6.435337637716612713e-01
1.235048609047828450e+02,5.922332668059627769e-01
1.223076362584203451e+02,6.217506319019177052e-01
1.190929188475234639e+02,5.974145703377808925e-01
1.176865086364134640e+02,5.573460978875517391e-01
1.177515890631911901e+02,5.990059884110434663e-01
1.159265339829262302e+02,4.832147483725475201e-01
1.188148594322696141e+02,4.640514308537399546e-01
1.186330607973877704e+02,4.324864220440058360e-01
1.191364374591709350e+02,5.007362012176510557e-01
1.209964889976919835e+02,4.901194634476644940e-01
1.251787267622899833e+02,4.338236095428236738e-01
1.346789901366855702e+02,5.260031887433798126e-01
1.247180621863880958e+02,4.231681931217405879e-01
1.310220656184766881e+02,4.599382362008109792e-01
1.206389438738114279e+02,5.235715448692307428e-01
1.170897709003211560e+02,4.591209509966447389e-01
1.158093488807698606e+02,4.120116403420536200e-01
1.208064854472580265e+02,5.472785173458983854e-01
1.160624872165284813e+02,5.106386724519292875e-01
1.137640317625253203e+02,4.533683959627589077e-01
1.106757272406344441e+02,4.250717090061181813e-01
1.163698037192438193e+02,3.236430078809999777e-01
1.067513174586682254e+02,3.312338205354851683e-01
1.092360719607457469e+02,4.131717266082950424e-01
1.063464350167250387e+02,3.663834942526882910e-01
1.125976913288303933e+02,4.600853867251517015e-01
1.049583121174646578e+02,5.570890674963062672e-01
1.074907359939526401e+02,6.316696392064102827e-01
1.019409501123402180e+02,5.674790386366320716e-01
9.845534085205733277e+01,4.953003794957780981e-01
9.676283674236563570e+01,4.381548763376796329e-01
1.014252214118897086e+02,2.644602581629785787e-01
9.639302098156784382e+01,2.067758767491807981e-01
1.002774594297495270e+02,2.484719647896546646e-01
1.030226379908742871e+02,2.613736435314118478e-01
1.106447209448633373e+02,3.076872316732600643e-01
1.029011496886280668e+02,3.657219332196736672e-01
1.083280117281995274e+02,2.721865744220500760e-01
1.098042349899138372e+02,3.106438395501848193e-01
1.029927710843986404e+02,2.229006705421642254e-01
1.006667165128766612e+02,1.651332870631987970e-01
1.009599421465775890e+02,3.015142072647855054e-01
1.041514034103327049e+02,3.477263997669094442e-01
1.123236953459910126e+02,2.816520522225788858e-01
1.085556890537854713e+02,3.013092043426902622e-01
1.077905155848213781e+02,3.543607282255162305e-01
1.040963001915883126e+02,3.394129991238850064e-01
1.012694714610125715e+02,2.377060760045968391e-01
1.031309675558287466e+02,2.775223890546184569e-01
9.530214367521178076e+01,2.909962830508905363e-01
1.016590805457320243e+02,3.130174472703056154e-01
1.049033345555429264e+02,3.124238582724602198e-01
9.942626092798721515e+01,3.661617597292279869e-01
1.019737102626344978e+02,4.627382253282369406e-01
1.028197317247779665e+02,4.408029973264397383e-01
1.237116061856917355e+02,5.179662306581467313e-01
1.195486095435849592e+02,4.690453039865171703e-01
1.182505201449600492e+02,4.117733876898109213e-01
1.046972328899729945e+02,3.381908902429833219e-01
1.078552799915807725e+02,2.138002561070298513e-01
1.129509551034104931e+02,3.704124087623078543e-01
1.147061614087259471e+02,4.313901312323625836e-01
1.102531121327841532e+02,3.986800544888383646e-01
1.123555936650219280e+02,4.203441964199061687e-01
1.041558542818291500e+02,3.811885890792920395e-01
1.066385448734011447e+02,3.819638975181109952e-01
1.032609956687164185e+02,3.178942689597275550e-01
1.017243144747218651e+02,2.007849979646151584e-01
1.076375973301701237e+02,2.836167651970095682e-01
1.048074367106165994e+02,1.929302094912361265e-01
9.652928684705368312e+01,1.596652765906635685e-01
9.866659095870116403e+01,1.962027982565177631e-01
9.849826148582356211e+01,1.662850937741563728e-01
9.909982640154157707e+01,1.400570347680251404e-01
9.636181601949705566e+01,2.897545871456522759e-01
9.913673501609814309e+01,3.501553053597515341e-01
1.116558124718065130e+02,3.980389639551182301e-01
1.147159061196614829e+02,4.532336892460637201e-01
1.117741428968561905e+02,4.603082032254179334e-01
1.166611086417193377e+02,4.630976637665507045e-01
1.114712951749315977e+02,4.997365422305123372e-01
1.273491246922083064e+02,5.734645324763451013e-01
1.293775692317088044e+02,5.831560431285524038e-01
1.310653587855636033e+02,5.321424042782773034e-01
1.293511534412338335e+02,4.887643566373609527e-01
1.267331811895508906e+02,5.440419664620059770e-01
1.186399986118740628e+02,4.995777955488868161e-01
1.194188559675723269e+02,4.815122376646777114e-01
1.096291052254195648e+02,3.587239574980608525e-01
1.129562404516705527e+02,3.344103856179245771e-01
1.125218238819946492e+02,3.836325904068680903e-01
1.080711969870466049e+02,3.529768095678805784e-01
9.387827846851708102e+01,3.130660499000604835e-01
1.051181223762817609e+02,2.490760440860282088e-01
9.938847104719987158e+01,2.556603344119797727e-01
1.049530180897363039e+02,3.266725020317899908e-01
1.044493420158335084e+02,2.958011358868911644e-01
1.128237398626134507e+02,2.915345216080063584e-01
1.175753645634556506e+02,3.906855177599612983e-01
1.122470176283319034e+02,4.072554006512130731e-01
1.048660865228649328e+02,3.841113313003653995e-01
1.041997404117870047e+02,3.014869663504091690e-01
1.030168872579368156e+02,3.019608810307835567e-01
1.032885648765816597e+02,3.503517270882420265e-01
1.033309157106271527e+02,3.414860140527163357e-01
1.110907092650721069e+02,3.583046707280360677e-01
1.087368304272371944e+02,3.656602997507249486e-01
1.179811245111205267e+02,4.695530664008162880e-01
1.075898106693102534e+02,4.534885174718092382e-01
1.083274588747737255e+02,4.469216975568892081e-01
1.225978064179429765e+02,4.379005834962644839e-01
1.212232146919798765e+02,5.154075994391227322e-01
1.261789285911102780e+02,4.407717926659489582e-01
1.196901462306149995e+02,4.205011328311335506e-01
1.206172680535765807e+02,4.298027223865683033e-01
1.182149102757704355e+02,2.934567247509126120e-01
1.226881131720838738e+02,2.657823905321091695e-01
1.168708820671203910e+02,3.095252077090511200e-01
1.144340776521778338e+02,2.954397458550174216e-01
1.189758604060558724e+02,3.721926094488635095e-01
1.196523677098917631e+02,4.812309723017659802e-01
1.139535263704030967e+02,4.181504074359344569e-01
1.153107080284297297e+02,4.759844012131539404e-01
1.277713572120682812e+02,4.006284658842002577e-01
1.207400736169069688e+02,3.372011387793243387e-01
1.240071371741046136e+02,3.751936567207359574e-01
1.186837614006098676e+02,3.650536246393576434e-01
1.111652963728112695e+02,3.620084620894353789e-01
1.100936851830949479e+02,3.892532894816052025e-01
1.189818341496642660e+02,4.630649044991100305e-01
1.175184816401583277e+02,4.330166948507670477e-01
1.076895183487148415e+02,4.122668865010286066e-01
1.073722396771509295e+02,4.155529480730825731e-01
1.074501426784389935e+02,4.779353810152099924e-01
1.177643907841350028e+02,4.641755147400334902e-01
1.158836797310463140e+02,5.080885189665279578e-01
1.209784283169221766e+02,4.752355826939419492e-01
1.232459857399425545e+02,5.469493973415082699e-01
1.201812312672997081e+02,5.126368193551495978e-01
1.196798156064906209e+02,6.003698270512156654e-01
1.181108888757854629e+02,5.452642951261058579e-01
1.121313938108662285e+02,4.821277376411330917e-01
1.258201258238634352e+02,4.400753040743668465e-01
1.169200635755114064e+02,5.426774903880077217e-01
1.124489441847266562e+02,5.368123755204224912e-01
1.173699634590570327e+02,5.994334637545963851e-01
1.106754392605076589e+02,5.539996457459691603e-01
1.155499170575979946e+02,5.504784141102297967e-01
1.131718549054186980e+02,5.736322806701792398e-01
1.060073322213064415e+02,4.709889031528420866e-01
1.129355103333165005e+02,3.686169383514444897e-01
1.159808840227436377e+02,4.020772748934406393e-01
1.090787598056629406e+02,3.920393770018106294e-01
1.140379483648477787e+02,4.263505994357481566e-01
1.102490145211672825e+02,4.457263007682394362e-01
1.124693701097926919e+02,4.365641721852627777e-01
1.096407931262292692e+02,4.056390230133770647e-01
1.065521124356018561e+02,3.891350057074612900e-01
1.079263171370704981e+02,5.024540972841571307e-01
1.108563424573810323e+02,4.655209871454897286e-01
1.122022940940374411e+02,4.704022181907577815e-01
1.170012114421184464e+02,5.604635293745728886e-01
1.151914190061486494e+02,5.203224720939472192e-01
1.207816752357211811e+02,6.786733941484111021e-01
1.395821071923955969e+02,7.994836194734855628e-01
1.398365125477469633e+02,7.808661658872559919e-01
1.339929210199135809e+02,8.492810280836705639e-01
1.399549368869981265e+02,7.772674462358886149e-01
1.417576083806564213e+02,7.124660178208732653e-01
1.273123852686447748e+02,7.668101017743335079e-01
1.399850950810873087e+02,7.507555689964005019e-01
1.425551413399662977e+02,7.273537812929180557e-01
1.399224081493990184e+02,8.389769351875719927e-01
1.375818718663156233e+02,7.610419521591932357e-01
1.429937690645147086e+02,6.835303443869696904e-01
1.518797302240685667e+02,7.341442056521134685e-01
1.499869588208028404e+02,6.758474135949097406e-01
1.463585738722868257e+02,6.614857857167176780e-01
1.321962587239135587e+02,6.013699190781828241e-01
1.320587402443071312e+02,6.149416912302146931e-01
1.237621767961574619e+02,6.118128684623714841e-01
1.238946321683561393e+02,6.144048240687669526e-01
1.300017855166725269e+02,6.389324035825119097e-01
1.265472095346358117e+02,6.616971694566017304e-01
1.334462061879934538e+02,6.604927309706507543e-01
1.183376663998150065e+02,5.676163832977778601e-01
1.276685499343825825e+02,5.718326679079048791e-01
1.237351883558788472e+02,6.566746653457206095e-01
1.191273750977778292e+02,5.586214617782016001e-01
1.277696480263745826e+02,4.882850548185447837e-01
1.262027559327540871e+02,6.224940221852840461e-01
1.275553733337902145e+02,6.160160836409048768e-01
1.332347190308259428e+02,4.784728396913107695e-01
1.276145703690011715e+02,6.035999685095360112e-01
1.211936039182813403e+02,4.791519597203226510e-01
1.241340550830232843e+02,5.026037831851998261e-01
1.164703214447688282e+02,4.477420437192297098e-01
1.026222725862298546e+02,3.160936649556791433e-01
1.097538988034097258e+02,3.371503839389743407e-01
1.050957461151334940e+02,3.855050602717947084e-01
1.258604605776713896e+02,3.754710581918556667e-01
1.256831150157619703e+02,4.509670848772565632e-01
1.282303578327727678e+02,5.873725036122768861e-01
1.197849540777919941e+02,5.203004588746149572e-01
1.232826759587057950e+02,4.801450788999050978e-01
1.231109581350675910e+02,5.503716030782315194e-01
1.155602811573909037e+02,4.940059945415706255e-01
1.085150295572008190e+02,4.705472469599674690e-01
9.902006422496945959e+01,3.828741382574859520e-01
1.085432093035530698e+02,3.771643572202727501e-01
1.121079188142783210e+02,3.898736008723962532e-01
1.131386134676251913e+02,4.349312658137718945e-01
1.148449861247567299e+02,4.357731312520176647e-01
1.119784146577958097e+02,4.613960188228221071e-01
1.254420926077822287e+02,4.577603194976869738e-01
1.162224812584205296e+02,4.395646330196445462e-01
1.164493284302792375e+02,4.206343804162915312e-01
1.154757166547053373e+02,4.173732227603648703e-01
1.068264826486939967e+02,4.991447245597254168e-01
1.097259485655879416e+02,4.475053245925597611e-01
1.051366948316532159e+02,3.833083490086687251e-01
1.112129855707987787e+02,2.881733101980772371e-01
1.114888315554331371e+02,3.107442511882142488e-01
1.113023469318549132e+02,3.050210163192300650e-01
1.045393133867160316e+02,2.452543713671931913e-01
9.731000514794362743e+01,3.912642508196084168e-01
1.107332809712294619e+02,3.986239400396140997e-01
1.102425554144002149e+02,2.945898067644147633e-01
1.079508991304030161e+02,4.197197648136903880e-01
1.070080305293803491e+02,3.699682325820352613e-01
1.040728843407358966e+02,3.101877506224159364e-01
1.129286464198046787e+02,3.314870891998906721e-01
1.130415279776219535e+02,3.583370400829577473e-01
1.068595362227826797e+02,3.295221288729507925e-01
1.005411481052267106e+02,2.356309974785581463e-01
1.001802280616003316e+02,3.400913505163326023e-01
9.846570344936726826e+01,3.220197944053777017e-01
1.059458046526377188e+02,3.354778999355857438e-01
1.122943087543937679e+02,4.261896884078963943e-01
1.115239804688513061e+02,4.244011554881838011e-01
1.123340957701719844e+02,3.583228190761437726e-01
1.073618806820279872e+02,3.360743263927173929e-01
1.038674376334120382e+02,2.506275969615203714e-01
1.058015592150666748e+02,3.310446774892264465e-01
1.075582846156354435e+02,3.148986270655071973e-01
1.047652649153455542e+02,3.533624442429941226e-01
1.049080907742863218e+02,3.267137918961874332e-01
1.033660791025649246e+02,4.058236505520463888e-01
1.127632164757242776e+02,4.810167167664298193e-01
1.157356973444189805e+02,3.719651069489035566e-01
1.076235063576133655e+02,4.413057662283855764e-01
1.150820079781115908e+02,4.296345025902763015e-01
1.080562379989477648e+02,4.205486405138231243e-01
1.054253635712962591e+02,4.407109678311835754e-01
1.080812818828172510e+02,4.877126483885627084e-01
1.092733203831358679e+02,4.682132392490224171e-01
1.117408817291187404e+02,3.949359470443846720e-01
1.175663306505442449e+02,4.392298631686079036e-01
1.259253573177596763e+02,4.901105542293030526e-01
1.309416014025598258e+02,5.762060610199080113e-01
1.300280174074889032e+02,6.368715137897000833e-01
1.315904605658807611e+02,5.532482522100827804e-01
1.355603146016119354e+02,6.752188496579801802e-01
1.337425972416995705e+02,6.113473077894566732e-01
1.344758312672503280e+02,5.338431351036206918e-01
1.299946865319305971e+02,4.528916591393420954e-01
1.242196611335430703e+02,3.915889645098377669e-01
1.158464145160453427e+02,5.505120294568609518e-01
1.147537426947898069e+02,4.859374915182122501e-01
1.115276475397913174e+02,4.840828045577437178e-01
1.113093999885399370e+02,4.744959023066833703e-01
1.150598649405384037e+02,4.798382585218466390e-01
1.203017980623826872e+02,5.171217298669343876e-01
1.193564376766207715e+02,4.341386235646843561e-01
1.155506006718292582e+02,4.368769543530065524e-01
1.204871919708452168e+02,4.205431044539760244e-01
1.020736876166440794e+02,3.723187650441309171e-01
1.014494114451602798e+02,3.348289179793336734e-01
9.946119724055503752e+01,3.188396794238612664e-01
1.019868801347917042e+02,3.179495141192776875e-01
1.109518889278267295e+02,3.615307044314984286e-01
1.078455435333386419e+02,3.720379453985263596e-01
1.056832036165796467e+02,3.119781708817214727e-01
1.124995755204106302e+02,2.672233315750629501e-01
1.149342246685440188e+02,2.460500962891475629e-01
1.094786655277261076e+02,3.102281880058320729e-01
1.142920604912978462e+02,4.203794957196669291e-01
1.233095543681904331e+02,3.967641330292487334e-01
1.120185759390669915e+02,3.275071508462412684e-01
1.159486563114061255e+02,3.431473020039207400e-01
1.185055998477051844e+02,4.016680454136033473e-01
1.069901170870832061e+02,3.890011021351627574e-01
